campaign_number,filer_mfgtxt,report_received_date_RCDATE,owner_notification_date_ODATE,lag_days,units_potaff,initiated_by_INFLUENCED_BY,over_60_day_ceiling,component,note
24V700000,"Nissan North America, Inc.",2024-09-19,2026-05-27,615,25704,ODI,yes,ELECTRICAL SYSTEM:PROPULSION SYSTEM:TRACTION BATTERY,"lag = ODATE - RCDATE; 49 CFR 577.7(a)(1) sets 60 days from the part 573 filing; ODATE may be an INTERIM notice and the Administrator may modify a schedule, so >60 is not automatically a violation"
26V329000,"General Motors, LLC",2026-05-21,2027-08-16,452,5014,MFR,yes,AIR BAGS:FRONTAL:DRIVER SIDE:INFLATOR MODULE,"lag = ODATE - RCDATE; 49 CFR 577.7(a)(1) sets 60 days from the part 573 filing; ODATE may be an INTERIM notice and the Administrator may modify a schedule, so >60 is not automatically a violation"
24V838000,"Chrysler (FCA US, LLC)",2024-11-07,2025-12-16,404,206502,ODI,yes,"SERVICE BRAKES, HYDRAULIC:ANTILOCK/TRACTION CONTROL/ELECTRONIC LIMITED SLIP:CONTROL UNIT/MODULE","lag = ODATE - RCDATE; 49 CFR 577.7(a)(1) sets 60 days from the part 573 filing; ODATE may be an INTERIM notice and the Administrator may modify a schedule, so >60 is not automatically a violation"
24V957000,Ford Motor Company,2024-12-20,2026-01-23,399,295449,MFR,yes,"FUEL SYSTEM, DIESEL:DELIVERY:FUEL PUMP","lag = ODATE - RCDATE; 49 CFR 577.7(a)(1) sets 60 days from the part 573 filing; ODATE may be an INTERIM notice and the Administrator may modify a schedule, so >60 is not automatically a violation"
25V544000,Ford Motor Company,2025-08-22,2026-09-17,391,499129,ODI,yes,"SERVICE BRAKES, HYDRAULIC:FOUNDATION COMPONENTS:HOSES, LINES/PIPING, AND FITTINGS","lag = ODATE - RCDATE; 49 CFR 577.7(a)(1) sets 60 days from the part 573 filing; ODATE may be an INTERIM notice and the Administrator may modify a schedule, so >60 is not automatically a violation"
25V455000,Ford Motor Company,2025-07-07,2026-07-27,385,850318,ODI,yes,"FUEL SYSTEM, GASOLINE:DELIVERY:FUEL PUMP","lag = ODATE - RCDATE; 49 CFR 577.7(a)(1) sets 60 days from the part 573 filing; ODATE may be an INTERIM notice and the Administrator may modify a schedule, so >60 is not automatically a violation"
25V343000,Ford Motor Company,2025-05-23,2026-06-09,382,6781,MFR,yes,EQUIPMENT:ELECTRICAL:ENGINE BLOCK HEATER,"lag = ODATE - RCDATE; 49 CFR 577.7(a)(1) sets 60 days from the part 573 filing; ODATE may be an INTERIM notice and the Administrator may modify a schedule, so >60 is not automatically a violation"
25V017000,"Jaguar Land Rover North America, LLC",2025-01-16,2026-02-02,382,5329,MFR,yes,BACK OVER PREVENTION: SENSING SYSTEM: CAMERA,"lag = ODATE - RCDATE; 49 CFR 577.7(a)(1) sets 60 days from the part 573 filing; ODATE may be an INTERIM notice and the Administrator may modify a schedule, so >60 is not automatically a violation"
24V598000,Ford Motor Company,2024-08-09,2025-08-13,369,85238,MFR,yes,ENGINE,"lag = ODATE - RCDATE; 49 CFR 577.7(a)(1) sets 60 days from the part 573 filing; ODATE may be an INTERIM notice and the Administrator may modify a schedule, so >60 is not automatically a violation"
24V226000,Ford Motor Company,2024-03-22,2025-03-26,369,1902,MFR,yes,TIRES,"lag = ODATE - RCDATE; 49 CFR 577.7(a)(1) sets 60 days from the part 573 filing; ODATE may be an INTERIM notice and the Administrator may modify a schedule, so >60 is not automatically a violation"
24V198000,"Chrysler (FCA US, LLC)",2024-03-14,2025-02-20,343,284982,ODI,yes,AIR BAGS:SIDE/WINDOW:CURTAIN:INFLATOR,"lag = ODATE - RCDATE; 49 CFR 577.7(a)(1) sets 60 days from the part 573 filing; ODATE may be an INTERIM notice and the Administrator may modify a schedule, so >60 is not automatically a violation"
24V197000,"Chrysler (FCA US, LLC)",2024-03-14,2025-02-20,343,12375,MFR,yes,EXTERIOR LIGHTING,"lag = ODATE - RCDATE; 49 CFR 577.7(a)(1) sets 60 days from the part 573 filing; ODATE may be an INTERIM notice and the Administrator may modify a schedule, so >60 is not automatically a violation"
25V552000,"Chrysler (FCA US, LLC)",2025-08-26,2026-07-21,329,219577,ODI,yes,BACK OVER PREVENTION: SENSING SYSTEM: CAMERA,"lag = ODATE - RCDATE; 49 CFR 577.7(a)(1) sets 60 days from the part 573 filing; ODATE may be an INTERIM notice and the Administrator may modify a schedule, so >60 is not automatically a violation"
25V586000,"Chrysler (FCA US, LLC)",2025-09-09,2026-07-30,324,53849,ODI,yes,"FUEL SYSTEM, GASOLINE:DELIVERY:FUEL PUMP","lag = ODATE - RCDATE; 49 CFR 577.7(a)(1) sets 60 days from the part 573 filing; ODATE may be an INTERIM notice and the Administrator may modify a schedule, so >60 is not automatically a violation"
24V227000,"Subaru of America, Inc.",2024-03-22,2025-02-03,318,118723,ODI,yes,AIR BAGS:SENSOR:OCCUPANT CLASSIFICATION:FRONT PASSENGER,"lag = ODATE - RCDATE; 49 CFR 577.7(a)(1) sets 60 days from the part 573 filing; ODATE may be an INTERIM notice and the Administrator may modify a schedule, so >60 is not automatically a violation"
24V635000,Ford Motor Company,2024-08-23,2025-07-03,314,90736,ODI,yes,ENGINE AND ENGINE COOLING:ENGINE:HARD PARTS INTERNAL/MECHANICAL,"lag = ODATE - RCDATE; 49 CFR 577.7(a)(1) sets 60 days from the part 573 filing; ODATE may be an INTERIM notice and the Administrator may modify a schedule, so >60 is not automatically a violation"
25V656000,Toyota Motor Corporation,2025-10-01,2026-08-07,310,5960,MFR,yes,POWER TRAIN:DRIVELINE:DRIVESHAFT,"lag = ODATE - RCDATE; 49 CFR 577.7(a)(1) sets 60 days from the part 573 filing; ODATE may be an INTERIM notice and the Administrator may modify a schedule, so >60 is not automatically a violation"
24V732000,"Porsche Cars North America, Inc.",2024-10-01,2025-08-06,309,27527,MFR,yes,ELECTRICAL SYSTEM:PROPULSION SYSTEM:TRACTION BATTERY,"lag = ODATE - RCDATE; 49 CFR 577.7(a)(1) sets 60 days from the part 573 filing; ODATE may be an INTERIM notice and the Administrator may modify a schedule, so >60 is not automatically a violation"
24V840000,"Jaguar Land Rover North America, LLC",2024-11-07,2025-09-05,302,16759,ODI,yes,STEERING:LINKAGES:KNUCKLE:SPINDLE:ARM,"lag = ODATE - RCDATE; 49 CFR 577.7(a)(1) sets 60 days from the part 573 filing; ODATE may be an INTERIM notice and the Administrator may modify a schedule, so >60 is not automatically a violation"
24V726000,"Volkswagen Group of America, Inc.",2024-09-30,2025-07-24,297,6499,MFR,yes,ELECTRICAL SYSTEM:PROPULSION SYSTEM:TRACTION BATTERY,"lag = ODATE - RCDATE; 49 CFR 577.7(a)(1) sets 60 days from the part 573 filing; ODATE may be an INTERIM notice and the Administrator may modify a schedule, so >60 is not automatically a violation"
25V011000,"Chrysler (FCA US, LLC)",2025-04-29,2026-02-19,296,63130,ODI,yes,POWER TRAIN,"lag = ODATE - RCDATE; 49 CFR 577.7(a)(1) sets 60 days from the part 573 filing; ODATE may be an INTERIM notice and the Administrator may modify a schedule, so >60 is not automatically a violation"
25V767000,Toyota Motor Corporation,2025-11-06,2026-08-28,295,126691,MFR,yes,ENGINE AND ENGINE COOLING:ENGINE:HARD PARTS INTERNAL/MECHANICAL,"lag = ODATE - RCDATE; 49 CFR 577.7(a)(1) sets 60 days from the part 573 filing; ODATE may be an INTERIM notice and the Administrator may modify a schedule, so >60 is not automatically a violation"
25V789000,Ford Motor Company,2025-11-14,2026-09-04,294,20558,MFR,yes,ELECTRICAL SYSTEM:PROPULSION SYSTEM:TRACTION BATTERY,"lag = ODATE - RCDATE; 49 CFR 577.7(a)(1) sets 60 days from the part 573 filing; ODATE may be an INTERIM notice and the Administrator may modify a schedule, so >60 is not automatically a violation"
25V607000,Hyundai Motor America,2025-09-11,2026-06-26,288,568580,ODI,yes,SEAT BELTS: REAR/OTHER:BUCKLE ASSEMBLY,"lag = ODATE - RCDATE; 49 CFR 577.7(a)(1) sets 60 days from the part 573 filing; ODATE may be an INTERIM notice and the Administrator may modify a schedule, so >60 is not automatically a violation"
24V806000,Ford Motor Company,2024-10-25,2025-08-06,285,24950,MFR,yes,BACK OVER PREVENTION: SENSING SYSTEM: CAMERA,"lag = ODATE - RCDATE; 49 CFR 577.7(a)(1) sets 60 days from the part 573 filing; ODATE may be an INTERIM notice and the Administrator may modify a schedule, so >60 is not automatically a violation"
24V694000,"Chrysler (FCA US, LLC)",2024-09-18,2025-06-26,281,15835,MFR,yes,AIR BAGS: AIR BAG/RESTRAINT CONTROL MODULE:SOFTWARE,"lag = ODATE - RCDATE; 49 CFR 577.7(a)(1) sets 60 days from the part 573 filing; ODATE may be an INTERIM notice and the Administrator may modify a schedule, so >60 is not automatically a violation"
25V510000,Ford Motor Company,2025-08-08,2026-05-01,266,41875,MFR,yes,BACK OVER PREVENTION: SENSING SYSTEM: CAMERA,"lag = ODATE - RCDATE; 49 CFR 577.7(a)(1) sets 60 days from the part 573 filing; ODATE may be an INTERIM notice and the Administrator may modify a schedule, so >60 is not automatically a violation"
25V655000,"Nissan North America, Inc.",2025-09-30,2026-06-10,253,19077,ODI,yes,ELECTRICAL SYSTEM:PROPULSION SYSTEM:CHARGING:MODULE:SOFTWARE,"lag = ODATE - RCDATE; 49 CFR 577.7(a)(1) sets 60 days from the part 573 filing; ODATE may be an INTERIM notice and the Administrator may modify a schedule, so >60 is not automatically a violation"
24V482000,Toyota Motor Corporation,2024-06-27,2025-02-14,232,11418,MFR,yes,SEATS:FRONT ASSEMBLY:HEAD RESTRAINT,"lag = ODATE - RCDATE; 49 CFR 577.7(a)(1) sets 60 days from the part 573 filing; ODATE may be an INTERIM notice and the Administrator may modify a schedule, so >60 is not automatically a violation"
24V538000,"Chrysler (FCA US, LLC)",2024-07-18,2025-03-06,231,3606,ODI,yes,HYBRID PROPULSION SYSTEM,"lag = ODATE - RCDATE; 49 CFR 577.7(a)(1) sets 60 days from the part 573 filing; ODATE may be an INTERIM notice and the Administrator may modify a schedule, so >60 is not automatically a violation"
25V048000,Ford Motor Company,2025-01-31,2025-09-18,230,91580,MFR,yes,BACK OVER PREVENTION: SENSING SYSTEM: CAMERA,"lag = ODATE - RCDATE; 49 CFR 577.7(a)(1) sets 60 days from the part 573 filing; ODATE may be an INTERIM notice and the Administrator may modify a schedule, so >60 is not automatically a violation"
24V608000,"BMW of North America, LLC",2024-08-13,2025-03-28,227,720796,MFR,yes,ELECTRICAL SYSTEM:WIRING:CONNECTORS/PLUGS/RECEPTACLES,"lag = ODATE - RCDATE; 49 CFR 577.7(a)(1) sets 60 days from the part 573 filing; ODATE may be an INTERIM notice and the Administrator may modify a schedule, so >60 is not automatically a violation"
24V455000,"Porsche Cars North America, Inc.",2024-06-19,2025-01-29,224,31689,MFR,yes,"SERVICE BRAKES, HYDRAULIC:FOUNDATION COMPONENTS:HOSES, LINES/PIPING, AND FITTINGS","lag = ODATE - RCDATE; 49 CFR 577.7(a)(1) sets 60 days from the part 573 filing; ODATE may be an INTERIM notice and the Administrator may modify a schedule, so >60 is not automatically a violation"
24V640000,Toyota Motor Corporation,2024-08-26,2025-04-07,224,43395,ODI,yes,TRAILER HITCHES,"lag = ODATE - RCDATE; 49 CFR 577.7(a)(1) sets 60 days from the part 573 filing; ODATE may be an INTERIM notice and the Administrator may modify a schedule, so >60 is not automatically a violation"
25V731000,Ford Motor Company,2025-10-24,2026-06-03,222,14843,ODI,yes,EXTERIOR LIGHTING,"lag = ODATE - RCDATE; 49 CFR 577.7(a)(1) sets 60 days from the part 573 filing; ODATE may be an INTERIM notice and the Administrator may modify a schedule, so >60 is not automatically a violation"
25V085000,"Rivian Automotive, LLC",2025-02-13,2025-09-22,221,17260,MFR,yes,EXTERIOR LIGHTING:HEADLIGHTS,"lag = ODATE - RCDATE; 49 CFR 577.7(a)(1) sets 60 days from the part 573 filing; ODATE may be an INTERIM notice and the Administrator may modify a schedule, so >60 is not automatically a violation"
25V454000,"Jaguar Land Rover North America, LLC",2025-07-07,2026-02-13,221,21000,MFR,yes,AIR BAGS:PASSENGER SIDE FRONTAL:CUSHION,"lag = ODATE - RCDATE; 49 CFR 577.7(a)(1) sets 60 days from the part 573 filing; ODATE may be an INTERIM notice and the Administrator may modify a schedule, so >60 is not automatically a violation"
25V686000,Ford Motor Company,2025-10-10,2026-05-19,221,291901,MFR,yes,BACK OVER PREVENTION:SOFTWARE,"lag = ODATE - RCDATE; 49 CFR 577.7(a)(1) sets 60 days from the part 573 filing; ODATE may be an INTERIM notice and the Administrator may modify a schedule, so >60 is not automatically a violation"
25V668000,Toyota Motor Corporation,2025-10-07,2026-05-15,220,54631,MFR,yes,SEATS:MID/REAR ASSEMBLY,"lag = ODATE - RCDATE; 49 CFR 577.7(a)(1) sets 60 days from the part 573 filing; ODATE may be an INTERIM notice and the Administrator may modify a schedule, so >60 is not automatically a violation"
24V344000,"Volkswagen Group of America, Inc.",2024-05-15,2024-12-20,219,79965,ODI,yes,EQUIPMENT:ELECTRICAL:INFOTAINMENT:SOFTWARE,"lag = ODATE - RCDATE; 49 CFR 577.7(a)(1) sets 60 days from the part 573 filing; ODATE may be an INTERIM notice and the Administrator may modify a schedule, so >60 is not automatically a violation"
25V437000,"Nissan North America, Inc.",2025-06-27,2026-01-26,213,443899,ODI,yes,ENGINE AND ENGINE COOLING:ENGINE:HARD PARTS INTERNAL/MECHANICAL,"lag = ODATE - RCDATE; 49 CFR 577.7(a)(1) sets 60 days from the part 573 filing; ODATE may be an INTERIM notice and the Administrator may modify a schedule, so >60 is not automatically a violation"
25V869000,Toyota Motor Corporation,2025-12-16,2026-07-16,212,55405,MFR,yes,HYBRID PROPULSION SYSTEM: INVERTER,"lag = ODATE - RCDATE; 49 CFR 577.7(a)(1) sets 60 days from the part 573 filing; ODATE may be an INTERIM notice and the Administrator may modify a schedule, so >60 is not automatically a violation"
25V025000,Ford Motor Company,2025-01-17,2025-08-15,210,149449,ODI,yes,SUSPENSION:REAR:SHOCK ABSORBER,"lag = ODATE - RCDATE; 49 CFR 577.7(a)(1) sets 60 days from the part 573 filing; ODATE may be an INTERIM notice and the Administrator may modify a schedule, so >60 is not automatically a violation"
25V466000,"Jaguar Land Rover North America, LLC",2025-07-11,2026-02-02,206,1436,MFR,yes,AIR BAGS:PASSENGER SIDE FRONTAL:CUSHION,"lag = ODATE - RCDATE; 49 CFR 577.7(a)(1) sets 60 days from the part 573 filing; ODATE may be an INTERIM notice and the Administrator may modify a schedule, so >60 is not automatically a violation"
25V623000,Ford Motor Company,2025-09-18,2026-04-10,204,212,MFR,yes,STEERING,"lag = ODATE - RCDATE; 49 CFR 577.7(a)(1) sets 60 days from the part 573 filing; ODATE may be an INTERIM notice and the Administrator may modify a schedule, so >60 is not automatically a violation"
24V217000,"Porsche Cars North America, Inc.",2024-03-20,2024-10-09,203,749,MFR,yes,ELECTRICAL SYSTEM:PROPULSION SYSTEM:TRACTION BATTERY,"lag = ODATE - RCDATE; 49 CFR 577.7(a)(1) sets 60 days from the part 573 filing; ODATE may be an INTERIM notice and the Administrator may modify a schedule, so >60 is not automatically a violation"
25V221000,"Porsche Cars North America, Inc.",2025-05-05,2025-11-24,203,9735,MFR,yes,AIR BAGS:SENSOR:OCCUPANT CLASSIFICATION:FRONT PASSENGER,"lag = ODATE - RCDATE; 49 CFR 577.7(a)(1) sets 60 days from the part 573 filing; ODATE may be an INTERIM notice and the Administrator may modify a schedule, so >60 is not automatically a violation"
24V215000,"Porsche Cars North America, Inc.",2024-03-20,2024-10-08,202,606,MFR,yes,ELECTRICAL SYSTEM:PROPULSION SYSTEM:TRACTION BATTERY,"lag = ODATE - RCDATE; 49 CFR 577.7(a)(1) sets 60 days from the part 573 filing; ODATE may be an INTERIM notice and the Administrator may modify a schedule, so >60 is not automatically a violation"
24V381000,Toyota Motor Corporation,2024-05-30,2024-12-17,201,102092,MFR,yes,ENGINE AND ENGINE COOLING:ENGINE:HARD PARTS INTERNAL/MECHANICAL,"lag = ODATE - RCDATE; 49 CFR 577.7(a)(1) sets 60 days from the part 573 filing; ODATE may be an INTERIM notice and the Administrator may modify a schedule, so >60 is not automatically a violation"
26V091000,Ford Motor Company,2026-02-17,2026-09-04,199,25237,MFR,yes,ELECTRICAL SYSTEM:PROPULSION SYSTEM:TRACTION BATTERY,"lag = ODATE - RCDATE; 49 CFR 577.7(a)(1) sets 60 days from the part 573 filing; ODATE may be an INTERIM notice and the Administrator may modify a schedule, so >60 is not automatically a violation"
24V288000,"BMW of North America, LLC",2024-04-24,2024-11-04,194,5761,ODI,yes,AIR BAGS:SIDE/WINDOW,"lag = ODATE - RCDATE; 49 CFR 577.7(a)(1) sets 60 days from the part 573 filing; ODATE may be an INTERIM notice and the Administrator may modify a schedule, so >60 is not automatically a violation"
24V633000,"Jaguar Land Rover North America, LLC",2024-08-23,2025-03-05,194,2760,ODI,yes,ELECTRICAL SYSTEM:PROPULSION SYSTEM:TRACTION BATTERY,"lag = ODATE - RCDATE; 49 CFR 577.7(a)(1) sets 60 days from the part 573 filing; ODATE may be an INTERIM notice and the Administrator may modify a schedule, so >60 is not automatically a violation"
24V716000,"BMW of North America, LLC",2024-09-27,2025-04-07,192,5048,MFR,yes,POWER TRAIN:MANUAL TRANSMISSION:SEALS/GASKETS,"lag = ODATE - RCDATE; 49 CFR 577.7(a)(1) sets 60 days from the part 573 filing; ODATE may be an INTERIM notice and the Administrator may modify a schedule, so >60 is not automatically a violation"
24V591000,Ford Motor Company,2024-08-09,2025-02-14,189,1902,MFR,yes,STEERING:COLUMN,"lag = ODATE - RCDATE; 49 CFR 577.7(a)(1) sets 60 days from the part 573 filing; ODATE may be an INTERIM notice and the Administrator may modify a schedule, so >60 is not automatically a violation"
24V684000,Ford Motor Company,2024-09-13,2025-03-21,189,273701,ODI,yes,BACK OVER PREVENTION:SOFTWARE,"lag = ODATE - RCDATE; 49 CFR 577.7(a)(1) sets 60 days from the part 573 filing; ODATE may be an INTERIM notice and the Administrator may modify a schedule, so >60 is not automatically a violation"
24V071000,"Nissan North America, Inc.",2024-02-02,2024-08-09,189,57914,ODI,yes,BACK OVER PREVENTION: SENSING SYSTEM: CAMERA,"lag = ODATE - RCDATE; 49 CFR 577.7(a)(1) sets 60 days from the part 573 filing; ODATE may be an INTERIM notice and the Administrator may modify a schedule, so >60 is not automatically a violation"
25V721000,Ford Motor Company,2025-10-23,2026-04-28,187,163256,MFR,yes,SEATS:CRITICAL FASTENERS,"lag = ODATE - RCDATE; 49 CFR 577.7(a)(1) sets 60 days from the part 573 filing; ODATE may be an INTERIM notice and the Administrator may modify a schedule, so >60 is not automatically a violation"
25V170000,"Tesla, Inc.",2025-03-18,2025-09-19,185,46096,ODI,yes,STRUCTURE:BODY,"lag = ODATE - RCDATE; 49 CFR 577.7(a)(1) sets 60 days from the part 573 filing; ODATE may be an INTERIM notice and the Administrator may modify a schedule, so >60 is not automatically a violation"
24V302000,"BMW of North America, LLC",2024-04-29,2024-10-30,184,145,MFR,yes,ELECTRICAL SYSTEM:PROPULSION SYSTEM:TRACTION BATTERY,"lag = ODATE - RCDATE; 49 CFR 577.7(a)(1) sets 60 days from the part 573 filing; ODATE may be an INTERIM notice and the Administrator may modify a schedule, so >60 is not automatically a violation"
24V829000,"BMW of North America, LLC",2024-11-04,2025-05-07,184,3312,MFR,yes,STRUCTURE:BODY:ROOF AND PILLARS,"lag = ODATE - RCDATE; 49 CFR 577.7(a)(1) sets 60 days from the part 573 filing; ODATE may be an INTERIM notice and the Administrator may modify a schedule, so >60 is not automatically a violation"
24V155000,"Porsche Cars North America, Inc.",2024-02-28,2024-08-30,184,8101,MFR,yes,"VISIBILITY:GLASS, SIDE/REAR","lag = ODATE - RCDATE; 49 CFR 577.7(a)(1) sets 60 days from the part 573 filing; ODATE may be an INTERIM notice and the Administrator may modify a schedule, so >60 is not automatically a violation"
25V829000,Ford Motor Company,2025-12-01,2026-06-03,184,108762,MFR,yes,STRUCTURE:BODY:HATCHBACK/LIFTGATE:HINGE AND ATTACHMENTS,"lag = ODATE - RCDATE; 49 CFR 577.7(a)(1) sets 60 days from the part 573 filing; ODATE may be an INTERIM notice and the Administrator may modify a schedule, so >60 is not automatically a violation"
24V321000,Honda (American Honda Motor Co.),2024-05-09,2024-11-08,183,187290,ODI,yes,BACK OVER PREVENTION: SENSING SYSTEM: CAMERA,"lag = ODATE - RCDATE; 49 CFR 577.7(a)(1) sets 60 days from the part 573 filing; ODATE may be an INTERIM notice and the Administrator may modify a schedule, so >60 is not automatically a violation"
25V766000,"Chrysler (FCA US, LLC)",2025-11-06,2026-05-08,183,117904,MFR,yes,ENGINE,"lag = ODATE - RCDATE; 49 CFR 577.7(a)(1) sets 60 days from the part 573 filing; ODATE may be an INTERIM notice and the Administrator may modify a schedule, so >60 is not automatically a violation"
26V128000,Toyota Motor Corporation,2026-03-05,2026-09-04,183,686588,MFR,yes,SEATS:MID/REAR ASSEMBLY:RECLINER,"lag = ODATE - RCDATE; 49 CFR 577.7(a)(1) sets 60 days from the part 573 filing; ODATE may be an INTERIM notice and the Administrator may modify a schedule, so >60 is not automatically a violation"
24V031000,Ford Motor Company,2024-01-19,2024-07-18,181,1889110,ODI,yes,STRUCTURE:BODY:ROOF AND PILLARS,"lag = ODATE - RCDATE; 49 CFR 577.7(a)(1) sets 60 days from the part 573 filing; ODATE may be an INTERIM notice and the Administrator may modify a schedule, so >60 is not automatically a violation"
24V682000,Ford Motor Company,2024-09-13,2025-03-10,178,16543,MFR,yes,EXTERIOR LIGHTING:LIGHTING CONTROL MODULE,"lag = ODATE - RCDATE; 49 CFR 577.7(a)(1) sets 60 days from the part 573 filing; ODATE may be an INTERIM notice and the Administrator may modify a schedule, so >60 is not automatically a violation"
25V270000,Ford Motor Company,2025-04-23,2025-10-16,176,160729,MFR,yes,BACK OVER PREVENTION: SENSING SYSTEM: CAMERA,"lag = ODATE - RCDATE; 49 CFR 577.7(a)(1) sets 60 days from the part 573 filing; ODATE may be an INTERIM notice and the Administrator may modify a schedule, so >60 is not automatically a violation"
25V058000,Toyota Motor Corporation,2025-02-06,2025-08-01,176,221846,MFR,yes,"SERVICE BRAKES, HYDRAULIC:FOUNDATION COMPONENTS:HOSES, LINES/PIPING, AND FITTINGS","lag = ODATE - RCDATE; 49 CFR 577.7(a)(1) sets 60 days from the part 573 filing; ODATE may be an INTERIM notice and the Administrator may modify a schedule, so >60 is not automatically a violation"
24V542000,Ford Motor Company,2024-07-19,2025-01-10,175,1902,MFR,yes,STEERING:ELECTRIC POWER ASSIST SYSTEM,"lag = ODATE - RCDATE; 49 CFR 577.7(a)(1) sets 60 days from the part 573 filing; ODATE may be an INTERIM notice and the Administrator may modify a schedule, so >60 is not automatically a violation"
24V106000,Hyundai Motor America,2024-02-13,2024-08-01,170,4245,MFR,yes,ENGINE AND ENGINE COOLING:ENGINE:HARD PARTS INTERNAL/MECHANICAL,"lag = ODATE - RCDATE; 49 CFR 577.7(a)(1) sets 60 days from the part 573 filing; ODATE may be an INTERIM notice and the Administrator may modify a schedule, so >60 is not automatically a violation"
24V534000,"BMW of North America, LLC",2024-07-17,2025-01-02,169,282387,MFR,yes,STRUCTURE,"lag = ODATE - RCDATE; 49 CFR 577.7(a)(1) sets 60 days from the part 573 filing; ODATE may be an INTERIM notice and the Administrator may modify a schedule, so >60 is not automatically a violation"
25V487000,"Mercedes-Benz USA, LLC",2025-07-25,2026-01-09,168,660,MFR,yes,ELECTRICAL SYSTEM:PROPULSION SYSTEM:TRACTION BATTERY,"lag = ODATE - RCDATE; 49 CFR 577.7(a)(1) sets 60 days from the part 573 filing; ODATE may be an INTERIM notice and the Administrator may modify a schedule, so >60 is not automatically a violation"
25V236000,Ford Motor Company,2025-04-11,2025-09-25,167,123611,ODI,yes,"SERVICE BRAKES, HYDRAULIC:FOUNDATION COMPONENTS:MASTER CYLINDER","lag = ODATE - RCDATE; 49 CFR 577.7(a)(1) sets 60 days from the part 573 filing; ODATE may be an INTERIM notice and the Administrator may modify a schedule, so >60 is not automatically a violation"
26V049000,Toyota Motor Corporation,2026-01-28,2026-07-13,166,141286,MFR,yes,ELECTRICAL SYSTEM:WIRING:SWITCHES/KNOBS/BUTTONS,"lag = ODATE - RCDATE; 49 CFR 577.7(a)(1) sets 60 days from the part 573 filing; ODATE may be an INTERIM notice and the Administrator may modify a schedule, so >60 is not automatically a violation"
24V148000,"Kia America, Inc.",2024-02-26,2024-08-09,165,35031,ODI,yes,EXTERIOR LIGHTING:HEADLIGHTS,"lag = ODATE - RCDATE; 49 CFR 577.7(a)(1) sets 60 days from the part 573 filing; ODATE may be an INTERIM notice and the Administrator may modify a schedule, so >60 is not automatically a violation"
25V735000,"Tesla, Inc.",2025-10-27,2026-04-09,164,6197,MFR,yes,EXTERIOR LIGHTING,"lag = ODATE - RCDATE; 49 CFR 577.7(a)(1) sets 60 days from the part 573 filing; ODATE may be an INTERIM notice and the Administrator may modify a schedule, so >60 is not automatically a violation"
24V110000,"Volkswagen Group of America, Inc.",2024-02-14,2024-07-25,162,261257,ODI,yes,"FUEL SYSTEM, GASOLINE","lag = ODATE - RCDATE; 49 CFR 577.7(a)(1) sets 60 days from the part 573 filing; ODATE may be an INTERIM notice and the Administrator may modify a schedule, so >60 is not automatically a violation"
24V954000,Ford Motor Company,2024-12-20,2025-05-30,161,20484,MFR,yes,ELECTRICAL SYSTEM:PROPULSION SYSTEM:TRACTION BATTERY:MANAGEMENT SYSTEM/ENERGY CONTROL MODULE (BMS/BECM),"lag = ODATE - RCDATE; 49 CFR 577.7(a)(1) sets 60 days from the part 573 filing; ODATE may be an INTERIM notice and the Administrator may modify a schedule, so >60 is not automatically a violation"
25V611000,Ford Motor Company,2025-09-12,2026-02-20,161,101944,MFR,yes,STRUCTURE:EXTERIOR TRIM,"lag = ODATE - RCDATE; 49 CFR 577.7(a)(1) sets 60 days from the part 573 filing; ODATE may be an INTERIM notice and the Administrator may modify a schedule, so >60 is not automatically a violation"
25V302000,"Chrysler (FCA US, LLC)",2025-05-08,2025-10-14,159,250651,MFR,yes,AIR BAGS:SIDE/WINDOW:CURTAIN,"lag = ODATE - RCDATE; 49 CFR 577.7(a)(1) sets 60 days from the part 573 filing; ODATE may be an INTERIM notice and the Administrator may modify a schedule, so >60 is not automatically a violation"
26V188000,"Nissan North America, Inc.",2026-03-25,2026-08-28,156,51,MFR,yes,ELECTRICAL SYSTEM:PROPULSION SYSTEM:TRACTION BATTERY,"lag = ODATE - RCDATE; 49 CFR 577.7(a)(1) sets 60 days from the part 573 filing; ODATE may be an INTERIM notice and the Administrator may modify a schedule, so >60 is not automatically a violation"
24V898000,"Volkswagen Group of America, Inc.",2024-11-27,2025-05-01,155,4616,MFR,yes,ELECTRICAL SYSTEM:PROPULSION SYSTEM:TRACTION BATTERY,"lag = ODATE - RCDATE; 49 CFR 577.7(a)(1) sets 60 days from the part 573 filing; ODATE may be an INTERIM notice and the Administrator may modify a schedule, so >60 is not automatically a violation"
26V034000,Hyundai Motor America,2026-01-22,2026-06-26,155,568576,OVSC,yes,AIR BAGS:SIDE/WINDOW:CURTAIN,"lag = ODATE - RCDATE; 49 CFR 577.7(a)(1) sets 60 days from the part 573 filing; ODATE may be an INTERIM notice and the Administrator may modify a schedule, so >60 is not automatically a violation"
26V238000,Ford Motor Company,2026-04-14,2026-09-16,155,140201,MFR,yes,ELECTRICAL SYSTEM,"lag = ODATE - RCDATE; 49 CFR 577.7(a)(1) sets 60 days from the part 573 filing; ODATE may be an INTERIM notice and the Administrator may modify a schedule, so >60 is not automatically a violation"
24V801000,Ford Motor Company,2024-10-25,2025-03-28,154,391,MFR,yes,BACK OVER PREVENTION:SOFTWARE,"lag = ODATE - RCDATE; 49 CFR 577.7(a)(1) sets 60 days from the part 573 filing; ODATE may be an INTERIM notice and the Administrator may modify a schedule, so >60 is not automatically a violation"
24V702000,"General Motors, LLC",2024-09-19,2025-02-20,154,18325,MFR,yes,"SERVICE BRAKES, HYDRAULIC:POWER ASSIST:HYDRAULIC:HOSES, LINES/PIPING, AND FITTINGS","lag = ODATE - RCDATE; 49 CFR 577.7(a)(1) sets 60 days from the part 573 filing; ODATE may be an INTERIM notice and the Administrator may modify a schedule, so >60 is not automatically a violation"
24V445000,"Mercedes-Benz USA, LLC",2024-06-14,2024-11-15,154,22422,MFR,yes,ELECTRICAL SYSTEM:WIRING,"lag = ODATE - RCDATE; 49 CFR 577.7(a)(1) sets 60 days from the part 573 filing; ODATE may be an INTERIM notice and the Administrator may modify a schedule, so >60 is not automatically a violation"
24V851000,Ford Motor Company,2024-12-20,2025-05-23,154,2490,MFR,yes,ENGINE AND ENGINE COOLING:ENGINE:OIL/LUBRICATION,"lag = ODATE - RCDATE; 49 CFR 577.7(a)(1) sets 60 days from the part 573 filing; ODATE may be an INTERIM notice and the Administrator may modify a schedule, so >60 is not automatically a violation"
25V626000,Ford Motor Company,2025-09-19,2026-02-20,154,115539,ODI,yes,STEERING:COLUMN,"lag = ODATE - RCDATE; 49 CFR 577.7(a)(1) sets 60 days from the part 573 filing; ODATE may be an INTERIM notice and the Administrator may modify a schedule, so >60 is not automatically a violation"
24V107000,Hyundai Motor America,2024-02-13,2024-07-15,153,90907,MFR,yes,ELECTRICAL SYSTEM:STARTER ASSEMBLY:SOLENOID,"lag = ODATE - RCDATE; 49 CFR 577.7(a)(1) sets 60 days from the part 573 filing; ODATE may be an INTERIM notice and the Administrator may modify a schedule, so >60 is not automatically a violation"
24V368000,Ford Motor Company,2024-05-24,2024-10-23,152,109283,MFR,yes,BACK OVER PREVENTION:DISPLAY FUNCTION,"lag = ODATE - RCDATE; 49 CFR 577.7(a)(1) sets 60 days from the part 573 filing; ODATE may be an INTERIM notice and the Administrator may modify a schedule, so >60 is not automatically a violation"
25V315000,Ford Motor Company,2025-05-09,2025-10-08,152,1076138,ODI,yes,BACK OVER PREVENTION:SOFTWARE,"lag = ODATE - RCDATE; 49 CFR 577.7(a)(1) sets 60 days from the part 573 filing; ODATE may be an INTERIM notice and the Administrator may modify a schedule, so >60 is not automatically a violation"
25V197000,Ford Motor Company,2025-05-23,2025-10-22,152,112951,ODI,yes,SEAT BELTS:PRETENSIONER,"lag = ODATE - RCDATE; 49 CFR 577.7(a)(1) sets 60 days from the part 573 filing; ODATE may be an INTERIM notice and the Administrator may modify a schedule, so >60 is not automatically a violation"
24V099000,Ford Motor Company,2024-02-09,2024-07-08,150,77574,ODI,yes,SEAT BELTS:PRETENSIONER,"lag = ODATE - RCDATE; 49 CFR 577.7(a)(1) sets 60 days from the part 573 filing; ODATE may be an INTERIM notice and the Administrator may modify a schedule, so >60 is not automatically a violation"
26V122000,Ford Motor Company,2026-03-03,2026-07-31,150,47804,MFR,yes,ENGINE AND ENGINE COOLING:EXHAUST SYSTEM:EMISSION CONTROL:GAS RECIRCULATION VALVE (EGR VALVE),"lag = ODATE - RCDATE; 49 CFR 577.7(a)(1) sets 60 days from the part 573 filing; ODATE may be an INTERIM notice and the Administrator may modify a schedule, so >60 is not automatically a violation"
26V203000,Toyota Motor Corporation,2026-03-31,2026-08-27,149,73528,MFR,yes,BACK OVER PREVENTION:WARNINGS:EXTERNAL/PEDESTRIAN ALERT,"lag = ODATE - RCDATE; 49 CFR 577.7(a)(1) sets 60 days from the part 573 filing; ODATE may be an INTERIM notice and the Administrator may modify a schedule, so >60 is not automatically a violation"
24V536000,"Chrysler (FCA US, LLC)",2024-07-18,2024-12-12,147,15910,ODI,yes,HYBRID PROPULSION SYSTEM,"lag = ODATE - RCDATE; 49 CFR 577.7(a)(1) sets 60 days from the part 573 filing; ODATE may be an INTERIM notice and the Administrator may modify a schedule, so >60 is not automatically a violation"
25V273000,Ford Motor Company,2025-05-14,2025-10-08,147,128889,MFR,yes,BACK OVER PREVENTION: SENSING SYSTEM: CAMERA,"lag = ODATE - RCDATE; 49 CFR 577.7(a)(1) sets 60 days from the part 573 filing; ODATE may be an INTERIM notice and the Administrator may modify a schedule, so >60 is not automatically a violation"
25V642000,"Chrysler (FCA US, LLC)",2025-09-25,2026-02-19,147,123396,MFR,yes,STRUCTURE:EXTERIOR TRIM,"lag = ODATE - RCDATE; 49 CFR 577.7(a)(1) sets 60 days from the part 573 filing; ODATE may be an INTERIM notice and the Administrator may modify a schedule, so >60 is not automatically a violation"
24V274000,Toyota Motor Corporation,2024-04-17,2024-09-09,145,55690,MFR,yes,ELECTRICAL SYSTEM:WIRING:SWITCHES/KNOBS/BUTTONS,"lag = ODATE - RCDATE; 49 CFR 577.7(a)(1) sets 60 days from the part 573 filing; ODATE may be an INTERIM notice and the Administrator may modify a schedule, so >60 is not automatically a violation"
25V893000,Hyundai Motor America,2025-12-18,2026-05-11,144,51587,MFR,yes,TRAILER HITCHES,"lag = ODATE - RCDATE; 49 CFR 577.7(a)(1) sets 60 days from the part 573 filing; ODATE may be an INTERIM notice and the Administrator may modify a schedule, so >60 is not automatically a violation"
25V859000,Honda (American Honda Motor Co.),2025-12-11,2026-05-01,141,70658,ODI,yes,"SERVICE BRAKES, HYDRAULIC:FOUNDATION COMPONENTS:MASTER CYLINDER","lag = ODATE - RCDATE; 49 CFR 577.7(a)(1) sets 60 days from the part 573 filing; ODATE may be an INTERIM notice and the Administrator may modify a schedule, so >60 is not automatically a violation"
25V426000,"Kia America, Inc.",2025-06-20,2025-11-07,140,11327,MFR,yes,BACK OVER PREVENTION: SENSING SYSTEM: CAMERA,"lag = ODATE - RCDATE; 49 CFR 577.7(a)(1) sets 60 days from the part 573 filing; ODATE may be an INTERIM notice and the Administrator may modify a schedule, so >60 is not automatically a violation"
25V470000,"BMW of North America, LLC",2025-07-16,2025-12-02,139,136,MFR,yes,ELECTRICAL SYSTEM:PROPULSION SYSTEM:TRACTION BATTERY,"lag = ODATE - RCDATE; 49 CFR 577.7(a)(1) sets 60 days from the part 573 filing; ODATE may be an INTERIM notice and the Administrator may modify a schedule, so >60 is not automatically a violation"
24V725000,Ford Motor Company,2024-09-27,2025-02-12,138,761,MFR,yes,ELECTRICAL SYSTEM:SOFTWARE,"lag = ODATE - RCDATE; 49 CFR 577.7(a)(1) sets 60 days from the part 573 filing; ODATE may be an INTERIM notice and the Administrator may modify a schedule, so >60 is not automatically a violation"
24V104000,"BMW of North America, LLC",2024-02-12,2024-06-28,137,266716,MFR,yes,"SERVICE BRAKES, HYDRAULIC:POWER ASSIST:ELECTRIC:CONTROL MODULE","lag = ODATE - RCDATE; 49 CFR 577.7(a)(1) sets 60 days from the part 573 filing; ODATE may be an INTERIM notice and the Administrator may modify a schedule, so >60 is not automatically a violation"
24V461000,Toyota Motor Corporation,2024-06-20,2024-11-04,137,145254,OVSC,yes,AIR BAGS:SIDE/WINDOW:CURTAIN,"lag = ODATE - RCDATE; 49 CFR 577.7(a)(1) sets 60 days from the part 573 filing; ODATE may be an INTERIM notice and the Administrator may modify a schedule, so >60 is not automatically a violation"
25V644000,"BMW of North America, LLC",2025-09-25,2026-02-09,137,145102,ODI,yes,ELECTRICAL SYSTEM:STARTER ASSEMBLY,"lag = ODATE - RCDATE; 49 CFR 577.7(a)(1) sets 60 days from the part 573 filing; ODATE may be an INTERIM notice and the Administrator may modify a schedule, so >60 is not automatically a violation"
25V636000,"BMW of North America, LLC",2025-09-23,2026-02-06,136,199674,MFR,yes,ELECTRICAL SYSTEM:STARTER ASSEMBLY:RELAY,"lag = ODATE - RCDATE; 49 CFR 577.7(a)(1) sets 60 days from the part 573 filing; ODATE may be an INTERIM notice and the Administrator may modify a schedule, so >60 is not automatically a violation"
24V278000,"Jaguar Land Rover North America, LLC",2024-04-18,2024-08-30,134,2409,MFR,yes,AIR BAGS,"lag = ODATE - RCDATE; 49 CFR 577.7(a)(1) sets 60 days from the part 573 filing; ODATE may be an INTERIM notice and the Administrator may modify a schedule, so >60 is not automatically a violation"
24V239000,"Chrysler (FCA US, LLC)",2024-03-28,2024-08-08,133,12221,MFR,yes,EXTERIOR LIGHTING:TURN SIGNAL,"lag = ODATE - RCDATE; 49 CFR 577.7(a)(1) sets 60 days from the part 573 filing; ODATE may be an INTERIM notice and the Administrator may modify a schedule, so >60 is not automatically a violation"
24V311000,"General Motors, LLC",2024-05-02,2024-09-12,133,74,MFR,yes,AIR BAGS:FRONTAL,"lag = ODATE - RCDATE; 49 CFR 577.7(a)(1) sets 60 days from the part 573 filing; ODATE may be an INTERIM notice and the Administrator may modify a schedule, so >60 is not automatically a violation"
24V097000,Ford Motor Company,2024-02-09,2024-06-21,133,16543,ODI,yes,"SERVICE BRAKES, HYDRAULIC:FOUNDATION COMPONENTS:HOSES, LINES/PIPING, AND FITTINGS","lag = ODATE - RCDATE; 49 CFR 577.7(a)(1) sets 60 days from the part 573 filing; ODATE may be an INTERIM notice and the Administrator may modify a schedule, so >60 is not automatically a violation"
25V572000,Ford Motor Company,2025-09-03,2026-01-13,132,1456417,ODI,yes,BACK OVER PREVENTION: SENSING SYSTEM: CAMERA,"lag = ODATE - RCDATE; 49 CFR 577.7(a)(1) sets 60 days from the part 573 filing; ODATE may be an INTERIM notice and the Administrator may modify a schedule, so >60 is not automatically a violation"
25V195000,Honda (American Honda Motor Co.),2025-03-27,2025-08-06,132,3316,MFR,yes,ENGINE AND ENGINE COOLING:ENGINE:OIL/LUBRICATION:PUMP,"lag = ODATE - RCDATE; 49 CFR 577.7(a)(1) sets 60 days from the part 573 filing; ODATE may be an INTERIM notice and the Administrator may modify a schedule, so >60 is not automatically a violation"
25V194000,"BMW of North America, LLC",2025-03-27,2025-08-05,131,51,MFR,yes,STEERING,"lag = ODATE - RCDATE; 49 CFR 577.7(a)(1) sets 60 days from the part 573 filing; ODATE may be an INTERIM notice and the Administrator may modify a schedule, so >60 is not automatically a violation"
25V583000,Honda (American Honda Motor Co.),2025-09-05,2026-01-13,130,7492,MFR,yes,ELECTRICAL SYSTEM:MOTORCYCLE HANDLEBAR SWITCH POD LEFT/RIGHT,"lag = ODATE - RCDATE; 49 CFR 577.7(a)(1) sets 60 days from the part 573 filing; ODATE may be an INTERIM notice and the Administrator may modify a schedule, so >60 is not automatically a violation"
24V763000,Honda (American Honda Motor Co.),2024-10-14,2025-02-20,129,720810,MFR,yes,"FUEL SYSTEM, GASOLINE:DELIVERY:FUEL PUMP","lag = ODATE - RCDATE; 49 CFR 577.7(a)(1) sets 60 days from the part 573 filing; ODATE may be an INTERIM notice and the Administrator may modify a schedule, so >60 is not automatically a violation"
25V202000,"BMW of North America, LLC",2025-04-01,2025-08-08,129,4557,MFR,yes,ELECTRICAL SYSTEM:STARTER ASSEMBLY,"lag = ODATE - RCDATE; 49 CFR 577.7(a)(1) sets 60 days from the part 573 filing; ODATE may be an INTERIM notice and the Administrator may modify a schedule, so >60 is not automatically a violation"
26V204000,Ford Motor Company,2026-03-31,2026-08-05,127,422613,MFR,yes,VISIBILITY:WINDSHIELD WIPER/WASHER:LINKAGES,"lag = ODATE - RCDATE; 49 CFR 577.7(a)(1) sets 60 days from the part 573 filing; ODATE may be an INTERIM notice and the Administrator may modify a schedule, so >60 is not automatically a violation"
25V854000,"Volkswagen Group of America, Inc.",2025-12-10,2026-04-15,126,3138,MFR,yes,AIR BAGS:SENSOR:OCCUPANT CLASSIFICATION:FRONT PASSENGER,"lag = ODATE - RCDATE; 49 CFR 577.7(a)(1) sets 60 days from the part 573 filing; ODATE may be an INTERIM notice and the Administrator may modify a schedule, so >60 is not automatically a violation"
24V947000,"Jaguar Land Rover North America, LLC",2024-12-19,2025-04-22,124,11961,MFR,yes,BACK OVER PREVENTION: SENSING SYSTEM: CAMERA,"lag = ODATE - RCDATE; 49 CFR 577.7(a)(1) sets 60 days from the part 573 filing; ODATE may be an INTERIM notice and the Administrator may modify a schedule, so >60 is not automatically a violation"
24V185000,Ford Motor Company,2024-03-08,2024-07-10,124,217,MFR,yes,"FUEL SYSTEM, GASOLINE:STORAGE:TANK ASSEMBLY","lag = ODATE - RCDATE; 49 CFR 577.7(a)(1) sets 60 days from the part 573 filing; ODATE may be an INTERIM notice and the Administrator may modify a schedule, so >60 is not automatically a violation"
24V802000,Ford Motor Company,2024-10-25,2025-02-25,123,6212,MFR,yes,ELECTRICAL SYSTEM: INSTRUMENT CLUSTER/PANEL,"lag = ODATE - RCDATE; 49 CFR 577.7(a)(1) sets 60 days from the part 573 filing; ODATE may be an INTERIM notice and the Administrator may modify a schedule, so >60 is not automatically a violation"
24V587000,Toyota Motor Corporation,2024-08-08,2024-12-06,120,141,MFR,yes,ELECTRICAL SYSTEM:WIRING,"lag = ODATE - RCDATE; 49 CFR 577.7(a)(1) sets 60 days from the part 573 filing; ODATE may be an INTERIM notice and the Administrator may modify a schedule, so >60 is not automatically a violation"
25V649000,"Kia America, Inc.",2025-09-25,2026-01-23,120,39536,MFR,yes,VISIBILITY:DEFROSTER/DEFOGGER/HVAC SYSTEM:FAN/MOTOR,"lag = ODATE - RCDATE; 49 CFR 577.7(a)(1) sets 60 days from the part 573 filing; ODATE may be an INTERIM notice and the Administrator may modify a schedule, so >60 is not automatically a violation"
24V594000,Ford Motor Company,2024-08-09,2024-12-06,119,86852,MFR,yes,VISIBILITY:WINDSHIELD WIPER/WASHER:MOTOR,"lag = ODATE - RCDATE; 49 CFR 577.7(a)(1) sets 60 days from the part 573 filing; ODATE may be an INTERIM notice and the Administrator may modify a schedule, so >60 is not automatically a violation"
25V131000,Ford Motor Company,2025-02-28,2025-06-27,119,950,MFR,yes,ELECTRICAL SYSTEM:PROPULSION SYSTEM:TRACTION BATTERY,"lag = ODATE - RCDATE; 49 CFR 577.7(a)(1) sets 60 days from the part 573 filing; ODATE may be an INTERIM notice and the Administrator may modify a schedule, so >60 is not automatically a violation"
25V322000,Toyota Motor Corporation,2025-05-15,2025-09-11,119,443444,MFR,yes,EXTERIOR LIGHTING:BACK UP LIGHTS,"lag = ODATE - RCDATE; 49 CFR 577.7(a)(1) sets 60 days from the part 573 filing; ODATE may be an INTERIM notice and the Administrator may modify a schedule, so >60 is not automatically a violation"
25V493000,"Kia America, Inc.",2025-07-28,2025-11-21,116,100063,ODI,yes,STRUCTURE:BODY:ROOF AND PILLARS,"lag = ODATE - RCDATE; 49 CFR 577.7(a)(1) sets 60 days from the part 573 filing; ODATE may be an INTERIM notice and the Administrator may modify a schedule, so >60 is not automatically a violation"
24V143000,Ford Motor Company,2024-02-23,2024-06-17,115,18716,MFR,yes,PARKING BRAKE,"lag = ODATE - RCDATE; 49 CFR 577.7(a)(1) sets 60 days from the part 573 filing; ODATE may be an INTERIM notice and the Administrator may modify a schedule, so >60 is not automatically a violation"
24V651000,"Volkswagen Group of America, Inc.",2024-09-04,2024-12-27,114,99064,ODI,yes,STRUCTURE:BODY:DOOR:HANDLE:EXTERIOR,"lag = ODATE - RCDATE; 49 CFR 577.7(a)(1) sets 60 days from the part 573 filing; ODATE may be an INTERIM notice and the Administrator may modify a schedule, so >60 is not automatically a violation"
25V494000,"Kia America, Inc.",2025-07-28,2025-11-19,114,201149,ODI,yes,STRUCTURE:EXTERIOR TRIM,"lag = ODATE - RCDATE; 49 CFR 577.7(a)(1) sets 60 days from the part 573 filing; ODATE may be an INTERIM notice and the Administrator may modify a schedule, so >60 is not automatically a violation"
25V106000,"BMW of North America, LLC",2025-02-20,2025-06-13,113,40736,MFR,yes,LATCHES/LOCKS/LINKAGES:DOORS:LOCK,"lag = ODATE - RCDATE; 49 CFR 577.7(a)(1) sets 60 days from the part 573 filing; ODATE may be an INTERIM notice and the Administrator may modify a schedule, so >60 is not automatically a violation"
25V089000,"Jaguar Land Rover North America, LLC",2025-02-13,2025-06-06,113,1270,MFR,yes,AIR BAGS:KNEE BOLSTER,"lag = ODATE - RCDATE; 49 CFR 577.7(a)(1) sets 60 days from the part 573 filing; ODATE may be an INTERIM notice and the Administrator may modify a schedule, so >60 is not automatically a violation"
25V088000,"Jaguar Land Rover North America, LLC",2025-02-13,2025-06-06,113,1473,MFR,yes,AIR BAGS:KNEE BOLSTER,"lag = ODATE - RCDATE; 49 CFR 577.7(a)(1) sets 60 days from the part 573 filing; ODATE may be an INTERIM notice and the Administrator may modify a schedule, so >60 is not automatically a violation"
26V097000,"Jaguar Land Rover North America, LLC",2026-02-19,2026-06-12,113,178,MFR,yes,STRUCTURE:EXTERIOR TRIM,"lag = ODATE - RCDATE; 49 CFR 577.7(a)(1) sets 60 days from the part 573 filing; ODATE may be an INTERIM notice and the Administrator may modify a schedule, so >60 is not automatically a violation"
25V796000,Hyundai Motor America,2025-11-17,2026-03-09,112,85043,MFR,yes,"FUEL SYSTEM, GASOLINE","lag = ODATE - RCDATE; 49 CFR 577.7(a)(1) sets 60 days from the part 573 filing; ODATE may be an INTERIM notice and the Administrator may modify a schedule, so >60 is not automatically a violation"
25V860000,Ford Motor Company,2025-12-12,2026-04-03,112,32160,MFR,yes,POWER TRAIN:AXLE ASSEMBLY:AXLE SHAFT,"lag = ODATE - RCDATE; 49 CFR 577.7(a)(1) sets 60 days from the part 573 filing; ODATE may be an INTERIM notice and the Administrator may modify a schedule, so >60 is not automatically a violation"
25V394000,Ford Motor Company,2025-06-13,2025-10-03,112,276,MFR,yes,POWER TRAIN:AUTOMATIC TRANSMISSION:INTERNAL:PARK PAWL,"lag = ODATE - RCDATE; 49 CFR 577.7(a)(1) sets 60 days from the part 573 filing; ODATE may be an INTERIM notice and the Administrator may modify a schedule, so >60 is not automatically a violation"
25V396000,Ford Motor Company,2025-06-13,2025-10-03,112,2272,MFR,yes,AIR BAGS:FRONTAL,"lag = ODATE - RCDATE; 49 CFR 577.7(a)(1) sets 60 days from the part 573 filing; ODATE may be an INTERIM notice and the Administrator may modify a schedule, so >60 is not automatically a violation"
26V123000,Ford Motor Company,2026-03-03,2026-06-23,112,889950,MFR,yes,BACK OVER PREVENTION:SOFTWARE,"lag = ODATE - RCDATE; 49 CFR 577.7(a)(1) sets 60 days from the part 573 filing; ODATE may be an INTERIM notice and the Administrator may modify a schedule, so >60 is not automatically a violation"
24V183000,"Jaguar Land Rover North America, LLC",2024-03-07,2024-06-26,111,258,MFR,yes,ELECTRICAL SYSTEM:PROPULSION SYSTEM:TRACTION BATTERY,"lag = ODATE - RCDATE; 49 CFR 577.7(a)(1) sets 60 days from the part 573 filing; ODATE may be an INTERIM notice and the Administrator may modify a schedule, so >60 is not automatically a violation"
25V093000,Ford Motor Company,2025-02-14,2025-06-05,111,240510,MFR,yes,SEAT BELTS,"lag = ODATE - RCDATE; 49 CFR 577.7(a)(1) sets 60 days from the part 573 filing; ODATE may be an INTERIM notice and the Administrator may modify a schedule, so >60 is not automatically a violation"
25V407000,Ford Motor Company,2025-06-13,2025-09-29,108,132914,MFR,yes,STRUCTURE:BODY,"lag = ODATE - RCDATE; 49 CFR 577.7(a)(1) sets 60 days from the part 573 filing; ODATE may be an INTERIM notice and the Administrator may modify a schedule, so >60 is not automatically a violation"
26V061000,Ford Motor Company,2026-02-03,2026-05-22,108,1403,MFR,yes,STRUCTURE:FRAME AND MEMBERS,"lag = ODATE - RCDATE; 49 CFR 577.7(a)(1) sets 60 days from the part 573 filing; ODATE may be an INTERIM notice and the Administrator may modify a schedule, so >60 is not automatically a violation"
24V060000,"General Motors, LLC",2024-02-01,2024-05-17,106,570434,MFR,yes,LATCHES/LOCKS/LINKAGES:TAILGATE:LATCH,"lag = ODATE - RCDATE; 49 CFR 577.7(a)(1) sets 60 days from the part 573 filing; ODATE may be an INTERIM notice and the Administrator may modify a schedule, so >60 is not automatically a violation"
24V418000,"General Motors, LLC",2024-06-06,2024-09-19,105,13464,MFR,yes,SEAT BELTS:FRONT:RETRACTOR,"lag = ODATE - RCDATE; 49 CFR 577.7(a)(1) sets 60 days from the part 573 filing; ODATE may be an INTERIM notice and the Administrator may modify a schedule, so >60 is not automatically a violation"
24V493000,Ford Motor Company,2024-06-28,2024-10-11,105,30735,MFR,yes,STEERING:ELECTRIC POWER ASSIST SYSTEM,"lag = ODATE - RCDATE; 49 CFR 577.7(a)(1) sets 60 days from the part 573 filing; ODATE may be an INTERIM notice and the Administrator may modify a schedule, so >60 is not automatically a violation"
25V019000,Ford Motor Company,2025-01-17,2025-05-02,105,272817,ODI,yes,ELECTRICAL SYSTEM:12V/24V/48V BATTERY,"lag = ODATE - RCDATE; 49 CFR 577.7(a)(1) sets 60 days from the part 573 filing; ODATE may be an INTERIM notice and the Administrator may modify a schedule, so >60 is not automatically a violation"
24V456000,"Tesla, Inc.",2024-06-19,2024-10-01,104,11688,MFR,yes,VISIBILITY:WINDSHIELD WIPER/WASHER:MOTOR,"lag = ODATE - RCDATE; 49 CFR 577.7(a)(1) sets 60 days from the part 573 filing; ODATE may be an INTERIM notice and the Administrator may modify a schedule, so >60 is not automatically a violation"
25V050000,"Mercedes-Benz USA, LLC",2025-02-07,2025-05-22,104,12236,MFR,yes,ELECTRICAL SYSTEM:PROPULSION SYSTEM:TRACTION BATTERY,"lag = ODATE - RCDATE; 49 CFR 577.7(a)(1) sets 60 days from the part 573 filing; ODATE may be an INTERIM notice and the Administrator may modify a schedule, so >60 is not automatically a violation"
25V109000,"BMW of North America, LLC",2025-02-21,2025-06-05,104,114,MFR,yes,ELECTRICAL SYSTEM:12V/24V/48V BATTERY:CABLES,"lag = ODATE - RCDATE; 49 CFR 577.7(a)(1) sets 60 days from the part 573 filing; ODATE may be an INTERIM notice and the Administrator may modify a schedule, so >60 is not automatically a violation"
25V387000,"Rivian Automotive, LLC",2025-06-11,2025-09-22,103,27882,MFR,yes,EXTERIOR LIGHTING:TURN SIGNAL,"lag = ODATE - RCDATE; 49 CFR 577.7(a)(1) sets 60 days from the part 573 filing; ODATE may be an INTERIM notice and the Administrator may modify a schedule, so >60 is not automatically a violation"
24V850000,Ford Motor Company,2024-11-08,2025-02-18,102,15,MFR,yes,ELECTRICAL SYSTEM: INSTRUMENT CLUSTER/PANEL,"lag = ODATE - RCDATE; 49 CFR 577.7(a)(1) sets 60 days from the part 573 filing; ODATE may be an INTERIM notice and the Administrator may modify a schedule, so >60 is not automatically a violation"
24V464000,"Volkswagen Group of America, Inc.",2024-06-20,2024-09-30,102,271330,ODI,yes,AIR BAGS:SENSOR:OCCUPANT CLASSIFICATION:FRONT PASSENGER,"lag = ODATE - RCDATE; 49 CFR 577.7(a)(1) sets 60 days from the part 573 filing; ODATE may be an INTERIM notice and the Administrator may modify a schedule, so >60 is not automatically a violation"
24V626000,"General Motors, LLC",2024-08-21,2024-12-01,102,38,MFR,yes,TRAILER HITCHES,"lag = ODATE - RCDATE; 49 CFR 577.7(a)(1) sets 60 days from the part 573 filing; ODATE may be an INTERIM notice and the Administrator may modify a schedule, so >60 is not automatically a violation"
26V229000,Hyundai Motor America,2026-04-10,2026-07-20,101,94760,MFR,yes,"FUEL SYSTEM, GASOLINE:DELIVERY:HOSES, LINES/PIPING, AND FITTINGS","lag = ODATE - RCDATE; 49 CFR 577.7(a)(1) sets 60 days from the part 573 filing; ODATE may be an INTERIM notice and the Administrator may modify a schedule, so >60 is not automatically a violation"
26V237000,Ford Motor Company,2026-04-14,2026-07-24,101,1392935,ODI,yes,POWER TRAIN:AUTOMATIC TRANSMISSION,"lag = ODATE - RCDATE; 49 CFR 577.7(a)(1) sets 60 days from the part 573 filing; ODATE may be an INTERIM notice and the Administrator may modify a schedule, so >60 is not automatically a violation"
25V433000,"General Motors, LLC",2025-06-25,2025-10-01,98,40233,MFR,yes,PARKING BRAKE,"lag = ODATE - RCDATE; 49 CFR 577.7(a)(1) sets 60 days from the part 573 filing; ODATE may be an INTERIM notice and the Administrator may modify a schedule, so >60 is not automatically a violation"
25V556000,"BMW of North America, LLC",2025-08-27,2025-12-03,98,1406,MFR,yes,VISIBILITY:WINDSHIELD:CRITICAL FASTENERS,"lag = ODATE - RCDATE; 49 CFR 577.7(a)(1) sets 60 days from the part 573 filing; ODATE may be an INTERIM notice and the Administrator may modify a schedule, so >60 is not automatically a violation"
25V726000,Ford Motor Company,2025-10-24,2026-01-30,98,6909,MFR,yes,VISIBILITY:DEFROSTER/DEFOGGER/HVAC SYSTEM:FAN/MOTOR,"lag = ODATE - RCDATE; 49 CFR 577.7(a)(1) sets 60 days from the part 573 filing; ODATE may be an INTERIM notice and the Administrator may modify a schedule, so >60 is not automatically a violation"
26V340000,Ford Motor Company,2026-05-27,2026-09-02,98,4653,MFR,yes,SUSPENSION:FRONT:CONTROL ARM:LOWER BALL JOINT,"lag = ODATE - RCDATE; 49 CFR 577.7(a)(1) sets 60 days from the part 573 filing; ODATE may be an INTERIM notice and the Administrator may modify a schedule, so >60 is not automatically a violation"
25V884000,Ford Motor Company,2025-12-18,2026-03-25,97,6897,MFR,yes,STRUCTURE:INTERIOR PANELS:DASHBOARD,"lag = ODATE - RCDATE; 49 CFR 577.7(a)(1) sets 60 days from the part 573 filing; ODATE may be an INTERIM notice and the Administrator may modify a schedule, so >60 is not automatically a violation"
24V331000,"Mercedes-Benz USA, LLC",2024-05-10,2024-08-09,91,283,MFR,yes,ELECTRICAL SYSTEM:PROPULSION SYSTEM,"lag = ODATE - RCDATE; 49 CFR 577.7(a)(1) sets 60 days from the part 573 filing; ODATE may be an INTERIM notice and the Administrator may modify a schedule, so >60 is not automatically a violation"
25V227000,"Volkswagen Group of America, Inc.",2025-04-15,2025-07-15,91,3773,MFR,yes,AIR BAGS:SENSOR:OCCUPANT CLASSIFICATION:FRONT PASSENGER,"lag = ODATE - RCDATE; 49 CFR 577.7(a)(1) sets 60 days from the part 573 filing; ODATE may be an INTERIM notice and the Administrator may modify a schedule, so >60 is not automatically a violation"
25V398000,Ford Motor Company,2025-06-13,2025-09-12,91,40,MFR,yes,ENGINE AND ENGINE COOLING:COOLING SYSTEM:HOSES/LINES/PIPING/FITTINGS,"lag = ODATE - RCDATE; 49 CFR 577.7(a)(1) sets 60 days from the part 573 filing; ODATE may be an INTERIM notice and the Administrator may modify a schedule, so >60 is not automatically a violation"
25V390000,"General Motors, LLC",2025-06-12,2025-09-11,91,62468,MFR,yes,"SERVICE BRAKES, HYDRAULIC:BRAKE FLUID LOW WARNING:SWITCH/SENSOR/FLOAT","lag = ODATE - RCDATE; 49 CFR 577.7(a)(1) sets 60 days from the part 573 filing; ODATE may be an INTERIM notice and the Administrator may modify a schedule, so >60 is not automatically a violation"
26V198000,"Mercedes-Benz USA, LLC",2026-03-27,2026-06-26,91,3734,MFR,yes,WHEELS:LUGS/NUTS/BOLTS/STUDS,"lag = ODATE - RCDATE; 49 CFR 577.7(a)(1) sets 60 days from the part 573 filing; ODATE may be an INTERIM notice and the Administrator may modify a schedule, so >60 is not automatically a violation"
25V126000,Ford Motor Company,2025-02-28,2025-05-29,90,18648,MFR,yes,POWER TRAIN:AXLE ASSEMBLY:AXLE SHAFT,"lag = ODATE - RCDATE; 49 CFR 577.7(a)(1) sets 60 days from the part 573 filing; ODATE may be an INTERIM notice and the Administrator may modify a schedule, so >60 is not automatically a violation"
24V943000,"Chrysler (FCA US, LLC)",2024-12-19,2025-03-18,89,2021,MFR,yes,"SERVICE BRAKES, HYDRAULIC:PEDALS AND LINKAGES","lag = ODATE - RCDATE; 49 CFR 577.7(a)(1) sets 60 days from the part 573 filing; ODATE may be an INTERIM notice and the Administrator may modify a schedule, so >60 is not automatically a violation"
24V809000,"Porsche Cars North America, Inc.",2024-10-28,2025-01-24,88,2251,MFR,yes,WHEELS:LUGS/NUTS/BOLTS/STUDS,"lag = ODATE - RCDATE; 49 CFR 577.7(a)(1) sets 60 days from the part 573 filing; ODATE may be an INTERIM notice and the Administrator may modify a schedule, so >60 is not automatically a violation"
26V103000,"Volvo Car USA, LLC",2026-02-20,2026-05-19,88,161,MFR,yes,ELECTRICAL SYSTEM:PROPULSION SYSTEM:TRACTION BATTERY,"lag = ODATE - RCDATE; 49 CFR 577.7(a)(1) sets 60 days from the part 573 filing; ODATE may be an INTERIM notice and the Administrator may modify a schedule, so >60 is not automatically a violation"
24V761000,Hyundai Motor America,2024-10-11,2025-01-06,87,1545,MFR,yes,FUEL/PROPULSION SYSTEM,"lag = ODATE - RCDATE; 49 CFR 577.7(a)(1) sets 60 days from the part 573 filing; ODATE may be an INTERIM notice and the Administrator may modify a schedule, so >60 is not automatically a violation"
25V823000,Ford Motor Company,2025-12-01,2026-02-26,87,679,MFR,yes,"SERVICE BRAKES, HYDRAULIC:POWER ASSIST:ELECTRIC:CONTROL MODULE","lag = ODATE - RCDATE; 49 CFR 577.7(a)(1) sets 60 days from the part 573 filing; ODATE may be an INTERIM notice and the Administrator may modify a schedule, so >60 is not automatically a violation"
26V201000,Ford Motor Company,2026-03-31,2026-06-25,86,3170,MFR,yes,AIR BAGS:SENSOR:OCCUPANT CLASSIFICATION:FRONT PASSENGER,"lag = ODATE - RCDATE; 49 CFR 577.7(a)(1) sets 60 days from the part 573 filing; ODATE may be an INTERIM notice and the Administrator may modify a schedule, so >60 is not automatically a violation"
26V236000,Ford Motor Company,2026-04-14,2026-07-09,86,4922,MFR,yes,POWER TRAIN:AUTOMATIC TRANSMISSION,"lag = ODATE - RCDATE; 49 CFR 577.7(a)(1) sets 60 days from the part 573 filing; ODATE may be an INTERIM notice and the Administrator may modify a schedule, so >60 is not automatically a violation"
25V536000,"General Motors, LLC",2025-08-21,2025-11-14,85,23656,MFR,yes,"FUEL SYSTEM, GASOLINE","lag = ODATE - RCDATE; 49 CFR 577.7(a)(1) sets 60 days from the part 573 filing; ODATE may be an INTERIM notice and the Administrator may modify a schedule, so >60 is not automatically a violation"
25V595000,Toyota Motor Corporation,2025-09-11,2025-12-05,85,591377,ODI,yes,ELECTRICAL SYSTEM: INSTRUMENT CLUSTER/PANEL,"lag = ODATE - RCDATE; 49 CFR 577.7(a)(1) sets 60 days from the part 573 filing; ODATE may be an INTERIM notice and the Administrator may modify a schedule, so >60 is not automatically a violation"
26V441000,"BMW of North America, LLC",2026-07-08,2026-09-30,84,29119,MFR,yes,ELECTRICAL SYSTEM:STARTER ASSEMBLY:RELAY,"lag = ODATE - RCDATE; 49 CFR 577.7(a)(1) sets 60 days from the part 573 filing; ODATE may be an INTERIM notice and the Administrator may modify a schedule, so >60 is not automatically a violation"
26V278000,"Mercedes-Benz USA, LLC",2026-05-01,2026-07-24,84,15,MFR,yes,SEAT BELTS:FRONT:RETRACTOR,"lag = ODATE - RCDATE; 49 CFR 577.7(a)(1) sets 60 days from the part 573 filing; ODATE may be an INTERIM notice and the Administrator may modify a schedule, so >60 is not automatically a violation"
24V730000,"Porsche Cars North America, Inc.",2024-10-01,2024-12-23,83,183,MFR,yes,BACK OVER PREVENTION: SENSING SYSTEM: CAMERA,"lag = ODATE - RCDATE; 49 CFR 577.7(a)(1) sets 60 days from the part 573 filing; ODATE may be an INTERIM notice and the Administrator may modify a schedule, so >60 is not automatically a violation"
25V676000,"Nissan North America, Inc.",2025-10-09,2025-12-29,81,173301,ODI,yes,"FUEL SYSTEM, GASOLINE:DELIVERY:FUEL PUMP:CONTROL/DRIVE MODULE","lag = ODATE - RCDATE; 49 CFR 577.7(a)(1) sets 60 days from the part 573 filing; ODATE may be an INTERIM notice and the Administrator may modify a schedule, so >60 is not automatically a violation"
25V695000,Ford Motor Company,2025-10-13,2026-01-02,81,1448655,ODI,yes,BACK OVER PREVENTION: SENSING SYSTEM: CAMERA,"lag = ODATE - RCDATE; 49 CFR 577.7(a)(1) sets 60 days from the part 573 filing; ODATE may be an INTERIM notice and the Administrator may modify a schedule, so >60 is not automatically a violation"
25V125000,"Volkswagen Group of America, Inc.",2025-02-28,2025-05-20,81,13769,MFR,yes,ELECTRICAL SYSTEM:PROPULSION SYSTEM:DC/DC CONVERTER,"lag = ODATE - RCDATE; 49 CFR 577.7(a)(1) sets 60 days from the part 573 filing; ODATE may be an INTERIM notice and the Administrator may modify a schedule, so >60 is not automatically a violation"
24V720000,"Chrysler (FCA US, LLC)",2024-09-27,2024-12-16,80,154032,MFR,yes,ELECTRICAL SYSTEM:PROPULSION SYSTEM:TRACTION BATTERY,"lag = ODATE - RCDATE; 49 CFR 577.7(a)(1) sets 60 days from the part 573 filing; ODATE may be an INTERIM notice and the Administrator may modify a schedule, so >60 is not automatically a violation"
25V080000,"Volkswagen Group of America, Inc.",2025-02-12,2025-05-01,78,20201,MFR,yes,ELECTRICAL SYSTEM:PROPULSION SYSTEM:TRACTION BATTERY,"lag = ODATE - RCDATE; 49 CFR 577.7(a)(1) sets 60 days from the part 573 filing; ODATE may be an INTERIM notice and the Administrator may modify a schedule, so >60 is not automatically a violation"
26V421000,"Chrysler (FCA US, LLC)",2026-07-01,2026-09-17,78,12592,MFR,yes,EXTERIOR LIGHTING:HEADLIGHTS,"lag = ODATE - RCDATE; 49 CFR 577.7(a)(1) sets 60 days from the part 573 filing; ODATE may be an INTERIM notice and the Administrator may modify a schedule, so >60 is not automatically a violation"
24V942000,"Chrysler (FCA US, LLC)",2024-12-19,2025-03-06,77,53,MFR,yes,ELECTRICAL SYSTEM:SOFTWARE,"lag = ODATE - RCDATE; 49 CFR 577.7(a)(1) sets 60 days from the part 573 filing; ODATE may be an INTERIM notice and the Administrator may modify a schedule, so >60 is not automatically a violation"
25V399000,Ford Motor Company,2025-06-13,2025-08-29,77,45,MFR,yes,ELECTRICAL SYSTEM:SOFTWARE,"lag = ODATE - RCDATE; 49 CFR 577.7(a)(1) sets 60 days from the part 573 filing; ODATE may be an INTERIM notice and the Administrator may modify a schedule, so >60 is not automatically a violation"
26V199000,"Mercedes-Benz USA, LLC",2026-03-27,2026-06-12,77,932,MFR,yes,AIR BAGS:PASSENGER SIDE FRONTAL:CUSHION,"lag = ODATE - RCDATE; 49 CFR 577.7(a)(1) sets 60 days from the part 573 filing; ODATE may be an INTERIM notice and the Administrator may modify a schedule, so >60 is not automatically a violation"
26V307000,Hyundai Motor America,2026-05-14,2026-07-29,76,3493,ODI,yes,AIR BAGS:FRONTAL:DRIVER SIDE:INFLATOR MODULE,"lag = ODATE - RCDATE; 49 CFR 577.7(a)(1) sets 60 days from the part 573 filing; ODATE may be an INTERIM notice and the Administrator may modify a schedule, so >60 is not automatically a violation"
25V484000,Ford Motor Company,2025-07-25,2025-10-07,74,23111,MFR,yes,VISIBILITY:POWER WINDOW DEVICES AND CONTROLS,"lag = ODATE - RCDATE; 49 CFR 577.7(a)(1) sets 60 days from the part 573 filing; ODATE may be an INTERIM notice and the Administrator may modify a schedule, so >60 is not automatically a violation"
24V953000,Ford Motor Company,2024-12-20,2025-02-28,70,47818,MFR,yes,VISIBILITY:POWER WINDOW DEVICES AND CONTROLS,"lag = ODATE - RCDATE; 49 CFR 577.7(a)(1) sets 60 days from the part 573 filing; ODATE may be an INTERIM notice and the Administrator may modify a schedule, so >60 is not automatically a violation"
25V836000,"Volkswagen Group of America, Inc.",2025-12-03,2026-02-11,70,629,MFR,yes,ELECTRICAL SYSTEM:PROPULSION SYSTEM:TRACTION BATTERY,"lag = ODATE - RCDATE; 49 CFR 577.7(a)(1) sets 60 days from the part 573 filing; ODATE may be an INTERIM notice and the Administrator may modify a schedule, so >60 is not automatically a violation"
25V908000,"Volvo Car USA, LLC",2025-12-23,2026-03-02,69,413151,ODI,yes,BACK OVER PREVENTION:SOFTWARE,"lag = ODATE - RCDATE; 49 CFR 577.7(a)(1) sets 60 days from the part 573 filing; ODATE may be an INTERIM notice and the Administrator may modify a schedule, so >60 is not automatically a violation"
25V442000,Ford Motor Company,2025-06-27,2025-09-04,69,200237,ODI,yes,BACK OVER PREVENTION:SOFTWARE,"lag = ODATE - RCDATE; 49 CFR 577.7(a)(1) sets 60 days from the part 573 filing; ODATE may be an INTERIM notice and the Administrator may modify a schedule, so >60 is not automatically a violation"
26V403000,Ford Motor Company,2026-06-24,2026-09-01,69,36046,MFR,yes,STRUCTURE:BODY,"lag = ODATE - RCDATE; 49 CFR 577.7(a)(1) sets 60 days from the part 573 filing; ODATE may be an INTERIM notice and the Administrator may modify a schedule, so >60 is not automatically a violation"
25V372000,Ford Motor Company,2025-06-03,2025-08-08,66,404,MFR,yes,ENGINE,"lag = ODATE - RCDATE; 49 CFR 577.7(a)(1) sets 60 days from the part 573 filing; ODATE may be an INTERIM notice and the Administrator may modify a schedule, so >60 is not automatically a violation"
24V419000,Toyota Motor Corporation,2024-06-06,2024-08-08,63,4869,MFR,yes,TIRES,"lag = ODATE - RCDATE; 49 CFR 577.7(a)(1) sets 60 days from the part 573 filing; ODATE may be an INTERIM notice and the Administrator may modify a schedule, so >60 is not automatically a violation"
25V344000,Ford Motor Company,2025-06-13,2025-08-15,63,156,MFR,yes,ENGINE AND ENGINE COOLING:ENGINE:HARD PARTS INTERNAL/MECHANICAL,"lag = ODATE - RCDATE; 49 CFR 577.7(a)(1) sets 60 days from the part 573 filing; ODATE may be an INTERIM notice and the Administrator may modify a schedule, so >60 is not automatically a violation"
24V276000,"Tesla, Inc.",2024-04-17,2024-06-18,62,3878,MFR,yes,VEHICLE SPEED CONTROL:ACCELERATOR PEDAL,"lag = ODATE - RCDATE; 49 CFR 577.7(a)(1) sets 60 days from the part 573 filing; ODATE may be an INTERIM notice and the Administrator may modify a schedule, so >60 is not automatically a violation"
25V337000,Ford Motor Company,2025-05-23,2025-07-24,62,30679,MFR,yes,ELECTRICAL SYSTEM: INSTRUMENT CLUSTER/PANEL,"lag = ODATE - RCDATE; 49 CFR 577.7(a)(1) sets 60 days from the part 573 filing; ODATE may be an INTERIM notice and the Administrator may modify a schedule, so >60 is not automatically a violation"
25V172000,"Tesla, Inc.",2025-03-19,2025-05-20,62,91,MFR,yes,AIR BAGS,"lag = ODATE - RCDATE; 49 CFR 577.7(a)(1) sets 60 days from the part 573 filing; ODATE may be an INTERIM notice and the Administrator may modify a schedule, so >60 is not automatically a violation"
25V689000,Ford Motor Company,2025-10-10,2025-12-11,62,2101,MFR,yes,ELECTRICAL SYSTEM:BODY CONTROL MODULE/BCM,"lag = ODATE - RCDATE; 49 CFR 577.7(a)(1) sets 60 days from the part 573 filing; ODATE may be an INTERIM notice and the Administrator may modify a schedule, so >60 is not automatically a violation"
24V748000,"Nissan North America, Inc.",2024-10-03,2024-12-03,61,37236,MFR,yes,EQUIPMENT:ELECTRICAL:INFOTAINMENT:SOFTWARE,"lag = ODATE - RCDATE; 49 CFR 577.7(a)(1) sets 60 days from the part 573 filing; ODATE may be an INTERIM notice and the Administrator may modify a schedule, so >60 is not automatically a violation"
24V904000,"Tesla, Inc.",2024-12-02,2025-02-01,61,25,MFR,yes,EXTERIOR LIGHTING:HEADLIGHTS,"lag = ODATE - RCDATE; 49 CFR 577.7(a)(1) sets 60 days from the part 573 filing; ODATE may be an INTERIM notice and the Administrator may modify a schedule, so >60 is not automatically a violation"
25V589000,"Volvo Car USA, LLC",2025-09-10,2025-11-10,61,1357,MFR,yes,SEAT BELTS:FRONT:RETRACTOR,"lag = ODATE - RCDATE; 49 CFR 577.7(a)(1) sets 60 days from the part 573 filing; ODATE may be an INTERIM notice and the Administrator may modify a schedule, so >60 is not automatically a violation"
24V612000,"BMW of North America, LLC",2024-08-15,2024-10-14,60,12535,MFR,no,ELECTRICAL SYSTEM:PROPULSION SYSTEM:TRACTION BATTERY THERMAL:MANAGEMENT:SOFTWARE,"lag = ODATE - RCDATE; 49 CFR 577.7(a)(1) sets 60 days from the part 573 filing; ODATE may be an INTERIM notice and the Administrator may modify a schedule, so >60 is not automatically a violation"
24V615000,"Tesla, Inc.",2024-08-15,2024-10-14,60,9136,ODI,no,STRUCTURE:BODY,"lag = ODATE - RCDATE; 49 CFR 577.7(a)(1) sets 60 days from the part 573 filing; ODATE may be an INTERIM notice and the Administrator may modify a schedule, so >60 is not automatically a violation"
24V820000,Honda (American Honda Motor Co.),2024-10-31,2024-12-30,60,18196,ODI,no,ENGINE AND ENGINE COOLING:ENGINE:HARD PARTS INTERNAL/MECHANICAL,"lag = ODATE - RCDATE; 49 CFR 577.7(a)(1) sets 60 days from the part 573 filing; ODATE may be an INTERIM notice and the Administrator may modify a schedule, so >60 is not automatically a violation"
24V228000,"Volkswagen Group of America, Inc.",2024-03-22,2024-05-21,60,1009,MFR,no,ELECTRICAL SYSTEM:PROPULSION SYSTEM:TRACTION BATTERY,"lag = ODATE - RCDATE; 49 CFR 577.7(a)(1) sets 60 days from the part 573 filing; ODATE may be an INTERIM notice and the Administrator may modify a schedule, so >60 is not automatically a violation"
24V327000,"BMW of North America, LLC",2024-05-10,2024-07-09,60,703,MFR,no,EQUIPMENT:OTHER:LABELS,"lag = ODATE - RCDATE; 49 CFR 577.7(a)(1) sets 60 days from the part 573 filing; ODATE may be an INTERIM notice and the Administrator may modify a schedule, so >60 is not automatically a violation"
24V832000,"Tesla, Inc.",2024-11-05,2025-01-04,60,2431,MFR,no,ELECTRICAL SYSTEM:PROPULSION SYSTEM:INVERTER,"lag = ODATE - RCDATE; 49 CFR 577.7(a)(1) sets 60 days from the part 573 filing; ODATE may be an INTERIM notice and the Administrator may modify a schedule, so >60 is not automatically a violation"
24V035000,"Tesla, Inc.",2024-01-22,2024-03-22,60,199575,MFR,no,BACK OVER PREVENTION: SENSING SYSTEM: CAMERA,"lag = ODATE - RCDATE; 49 CFR 577.7(a)(1) sets 60 days from the part 573 filing; ODATE may be an INTERIM notice and the Administrator may modify a schedule, so >60 is not automatically a violation"
24V554000,"Tesla, Inc.",2024-07-24,2024-09-22,60,1849638,MFR,no,ELECTRICAL SYSTEM:SOFTWARE,"lag = ODATE - RCDATE; 49 CFR 577.7(a)(1) sets 60 days from the part 573 filing; ODATE may be an INTERIM notice and the Administrator may modify a schedule, so >60 is not automatically a violation"
24V718000,"Tesla, Inc.",2024-09-26,2024-11-25,60,27185,MFR,no,BACK OVER PREVENTION:SOFTWARE,"lag = ODATE - RCDATE; 49 CFR 577.7(a)(1) sets 60 days from the part 573 filing; ODATE may be an INTERIM notice and the Administrator may modify a schedule, so >60 is not automatically a violation"
24V588000,"BMW of North America, LLC",2024-08-08,2024-10-07,60,15,MFR,no,ENGINE AND ENGINE COOLING:EXHAUST SYSTEM:EMISSION CONTROL:GAS RECIRCULATION VALVE (EGR VALVE),"lag = ODATE - RCDATE; 49 CFR 577.7(a)(1) sets 60 days from the part 573 filing; ODATE may be an INTERIM notice and the Administrator may modify a schedule, so >60 is not automatically a violation"
24V747000,"Nissan North America, Inc.",2024-10-03,2024-12-02,60,5176,MFR,no,BACK OVER PREVENTION:SOFTWARE,"lag = ODATE - RCDATE; 49 CFR 577.7(a)(1) sets 60 days from the part 573 filing; ODATE may be an INTERIM notice and the Administrator may modify a schedule, so >60 is not automatically a violation"
24V165000,"BMW of North America, LLC",2024-02-29,2024-04-29,60,191,MFR,no,SUSPENSION:FRONT,"lag = ODATE - RCDATE; 49 CFR 577.7(a)(1) sets 60 days from the part 573 filing; ODATE may be an INTERIM notice and the Administrator may modify a schedule, so >60 is not automatically a violation"
24V886000,"Tesla, Inc.",2024-11-22,2025-01-21,60,27,MFR,no,SEATS:FRONT ASSEMBLY:RECLINER,"lag = ODATE - RCDATE; 49 CFR 577.7(a)(1) sets 60 days from the part 573 filing; ODATE may be an INTERIM notice and the Administrator may modify a schedule, so >60 is not automatically a violation"
24V967000,"Tesla, Inc.",2024-12-23,2025-02-21,60,487,MFR,no,AIR BAGS:FRONTAL:DRIVER SIDE:CUSHION,"lag = ODATE - RCDATE; 49 CFR 577.7(a)(1) sets 60 days from the part 573 filing; ODATE may be an INTERIM notice and the Administrator may modify a schedule, so >60 is not automatically a violation"
24V611000,"BMW of North America, LLC",2024-08-15,2024-10-14,60,1150,MFR,no,STRUCTURE:FRAME AND MEMBERS,"lag = ODATE - RCDATE; 49 CFR 577.7(a)(1) sets 60 days from the part 573 filing; ODATE may be an INTERIM notice and the Administrator may modify a schedule, so >60 is not automatically a violation"
24V528000,Hyundai Motor America,2024-07-11,2024-09-09,60,54647,MFR,no,"FUEL SYSTEM, GASOLINE:DELIVERY:FUEL PUMP:CONTROL/DRIVE MODULE","lag = ODATE - RCDATE; 49 CFR 577.7(a)(1) sets 60 days from the part 573 filing; ODATE may be an INTERIM notice and the Administrator may modify a schedule, so >60 is not automatically a violation"
24V935000,"Tesla, Inc.",2024-12-17,2025-02-15,60,696281,MFR,no,TIRES:PRESSURE MONITORING AND REGULATING SYSTEMS,"lag = ODATE - RCDATE; 49 CFR 577.7(a)(1) sets 60 days from the part 573 filing; ODATE may be an INTERIM notice and the Administrator may modify a schedule, so >60 is not automatically a violation"
24V229000,"Volkswagen Group of America, Inc.",2024-03-22,2024-05-21,60,33,MFR,no,ELECTRICAL SYSTEM:PROPULSION SYSTEM:TRACTION BATTERY,"lag = ODATE - RCDATE; 49 CFR 577.7(a)(1) sets 60 days from the part 573 filing; ODATE may be an INTERIM notice and the Administrator may modify a schedule, so >60 is not automatically a violation"
24V457000,"Tesla, Inc.",2024-06-19,2024-08-18,60,12150,MFR,no,STRUCTURE:BODY,"lag = ODATE - RCDATE; 49 CFR 577.7(a)(1) sets 60 days from the part 573 filing; ODATE may be an INTERIM notice and the Administrator may modify a schedule, so >60 is not automatically a violation"
24V708000,Toyota Motor Corporation,2024-09-20,2024-11-19,60,145383,MFR,no,"SERVICE BRAKES, HYDRAULIC:POWER ASSIST:ELECTRIC:SOLENOID/ACTUATOR","lag = ODATE - RCDATE; 49 CFR 577.7(a)(1) sets 60 days from the part 573 filing; ODATE may be an INTERIM notice and the Administrator may modify a schedule, so >60 is not automatically a violation"
24V153000,"Tesla, Inc.",2024-02-27,2024-04-27,60,6557,MFR,no,FORWARD COLLISION AVOIDANCE: WARNINGS:EXTERNAL/PEDESTRIAN ALERT,"lag = ODATE - RCDATE; 49 CFR 577.7(a)(1) sets 60 days from the part 573 filing; ODATE may be an INTERIM notice and the Administrator may modify a schedule, so >60 is not automatically a violation"
25V690000,"Tesla, Inc.",2025-10-10,2025-12-09,60,12963,MFR,no,"ELECTRICAL SYSTEM:PROPULSION SYSTEM:FUSES, RELAYS, CONTACTS, AND SHUNTS","lag = ODATE - RCDATE; 49 CFR 577.7(a)(1) sets 60 days from the part 573 filing; ODATE may be an INTERIM notice and the Administrator may modify a schedule, so >60 is not automatically a violation"
25V507000,"Mitsubishi Motors North America, Inc.",2025-08-07,2025-10-06,60,121529,MFR,no,STRUCTURE:BODY:HATCHBACK/LIFTGATE:SUPPORT DEVICE/STRUT,"lag = ODATE - RCDATE; 49 CFR 577.7(a)(1) sets 60 days from the part 573 filing; ODATE may be an INTERIM notice and the Administrator may modify a schedule, so >60 is not automatically a violation"
25V116000,"Mercedes-Benz USA, LLC",2025-02-24,2025-04-25,60,20339,MFR,no,"SERVICE BRAKES, HYDRAULIC:FOUNDATION COMPONENTS","lag = ODATE - RCDATE; 49 CFR 577.7(a)(1) sets 60 days from the part 573 filing; ODATE may be an INTERIM notice and the Administrator may modify a schedule, so >60 is not automatically a violation"
25V794000,"Kia America, Inc.",2025-11-17,2026-01-16,60,250547,MFR,no,"FUEL SYSTEM, GASOLINE","lag = ODATE - RCDATE; 49 CFR 577.7(a)(1) sets 60 days from the part 573 filing; ODATE may be an INTERIM notice and the Administrator may modify a schedule, so >60 is not automatically a violation"
25V002000,"Tesla, Inc.",2025-01-06,2025-03-07,60,239382,ODI,no,BACK OVER PREVENTION:SOFTWARE,"lag = ODATE - RCDATE; 49 CFR 577.7(a)(1) sets 60 days from the part 573 filing; ODATE may be an INTERIM notice and the Administrator may modify a schedule, so >60 is not automatically a violation"
26V105000,"Kia America, Inc.",2026-02-23,2026-04-24,60,85515,MFR,no,SEATS:FRONT ASSEMBLY:RECLINER,"lag = ODATE - RCDATE; 49 CFR 577.7(a)(1) sets 60 days from the part 573 filing; ODATE may be an INTERIM notice and the Administrator may modify a schedule, so >60 is not automatically a violation"
26V393000,Toyota Motor Corporation,2026-06-18,2026-08-17,60,20991,MFR,no,ELECTRICAL SYSTEM:PROPULSION SYSTEM,"lag = ODATE - RCDATE; 49 CFR 577.7(a)(1) sets 60 days from the part 573 filing; ODATE may be an INTERIM notice and the Administrator may modify a schedule, so >60 is not automatically a violation"
26V135000,"Kia America, Inc.",2026-03-06,2026-05-05,60,14870,MFR,no,SEAT BELTS:REAR/OTHER:ANCHORAGE,"lag = ODATE - RCDATE; 49 CFR 577.7(a)(1) sets 60 days from the part 573 filing; ODATE may be an INTERIM notice and the Administrator may modify a schedule, so >60 is not automatically a violation"
26V255000,"Tesla, Inc.",2026-04-21,2026-06-20,60,173,MFR,no,"SERVICE BRAKES, HYDRAULIC:FOUNDATION COMPONENTS:DISC:ROTOR","lag = ODATE - RCDATE; 49 CFR 577.7(a)(1) sets 60 days from the part 573 filing; ODATE may be an INTERIM notice and the Administrator may modify a schedule, so >60 is not automatically a violation"
26V283000,"Tesla, Inc.",2026-05-04,2026-07-03,60,218868,MFR,no,BACK OVER PREVENTION:SOFTWARE,"lag = ODATE - RCDATE; 49 CFR 577.7(a)(1) sets 60 days from the part 573 filing; ODATE may be an INTERIM notice and the Administrator may modify a schedule, so >60 is not automatically a violation"
26V315000,"Tesla, Inc.",2026-05-18,2026-07-17,60,14575,MFR,no,EQUIPMENT:OTHER:LABELS,"lag = ODATE - RCDATE; 49 CFR 577.7(a)(1) sets 60 days from the part 573 filing; ODATE may be an INTERIM notice and the Administrator may modify a schedule, so >60 is not automatically a violation"
26V305000,"BMW of North America, LLC",2026-05-14,2026-07-13,60,116,MFR,no,ELECTRICAL SYSTEM:WIRING:CONNECTORS/PLUGS/RECEPTACLES,"lag = ODATE - RCDATE; 49 CFR 577.7(a)(1) sets 60 days from the part 573 filing; ODATE may be an INTERIM notice and the Administrator may modify a schedule, so >60 is not automatically a violation"
26V500000,Honda (American Honda Motor Co.),2026-07-30,2026-09-28,60,43913,MFR,no,STEERING: STEERING WHEEL/HANDLE BAR,"lag = ODATE - RCDATE; 49 CFR 577.7(a)(1) sets 60 days from the part 573 filing; ODATE may be an INTERIM notice and the Administrator may modify a schedule, so >60 is not automatically a violation"
24V376000,"Tesla, Inc.",2024-05-28,2024-07-26,59,125233,MFR,no,SEAT BELTS:FRONT:WARNING LIGHT/DEVICES,"lag = ODATE - RCDATE; 49 CFR 577.7(a)(1) sets 60 days from the part 573 filing; ODATE may be an INTERIM notice and the Administrator may modify a schedule, so >60 is not automatically a violation"
24V246000,Hyundai Motor America,2024-04-02,2024-05-31,59,18206,MFR,no,BACK OVER PREVENTION:SOFTWARE,"lag = ODATE - RCDATE; 49 CFR 577.7(a)(1) sets 60 days from the part 573 filing; ODATE may be an INTERIM notice and the Administrator may modify a schedule, so >60 is not automatically a violation"
24V825000,Honda (American Honda Motor Co.),2024-11-01,2024-12-30,59,23483,MFR,no,POWER TRAIN:DRIVELINE:DRIVESHAFT,"lag = ODATE - RCDATE; 49 CFR 577.7(a)(1) sets 60 days from the part 573 filing; ODATE may be an INTERIM notice and the Administrator may modify a schedule, so >60 is not automatically a violation"
24V283000,Hyundai Motor America,2024-04-19,2024-06-17,59,2,MFR,no,POWER TRAIN:DRIVELINE:DIFFERENTIAL UNIT,"lag = ODATE - RCDATE; 49 CFR 577.7(a)(1) sets 60 days from the part 573 filing; ODATE may be an INTERIM notice and the Administrator may modify a schedule, so >60 is not automatically a violation"
24V557000,"BMW of North America, LLC",2024-07-26,2024-09-23,59,1582,MFR,no,ELECTRICAL SYSTEM:STARTER ASSEMBLY:RELAY,"lag = ODATE - RCDATE; 49 CFR 577.7(a)(1) sets 60 days from the part 573 filing; ODATE may be an INTERIM notice and the Administrator may modify a schedule, so >60 is not automatically a violation"
24V889000,"Porsche Cars North America, Inc.",2024-11-25,2025-01-23,59,2941,MFR,no,EXTERIOR LIGHTING:LIGHTING CONTROL MODULE:SOFTWARE,"lag = ODATE - RCDATE; 49 CFR 577.7(a)(1) sets 60 days from the part 573 filing; ODATE may be an INTERIM notice and the Administrator may modify a schedule, so >60 is not automatically a violation"
24V533000,"Porsche Cars North America, Inc.",2024-07-16,2024-09-13,59,2475,MFR,no,SUSPENSION:FRONT:CONTROL ARM:UPPER ARM,"lag = ODATE - RCDATE; 49 CFR 577.7(a)(1) sets 60 days from the part 573 filing; ODATE may be an INTERIM notice and the Administrator may modify a schedule, so >60 is not automatically a violation"
24V358000,"Kia America, Inc.",2024-05-21,2024-07-19,59,2209,MFR,no,ELECTRICAL SYSTEM:PROPULSION SYSTEM:SHOCK PROTECTION,"lag = ODATE - RCDATE; 49 CFR 577.7(a)(1) sets 60 days from the part 573 filing; ODATE may be an INTERIM notice and the Administrator may modify a schedule, so >60 is not automatically a violation"
24V452000,Toyota Motor Corporation,2024-06-18,2024-08-16,59,4763,MFR,no,TIRES,"lag = ODATE - RCDATE; 49 CFR 577.7(a)(1) sets 60 days from the part 573 filing; ODATE may be an INTERIM notice and the Administrator may modify a schedule, so >60 is not automatically a violation"
24V498000,"Nissan North America, Inc.",2024-07-01,2024-08-29,59,1608,MFR,no,VISIBILITY:WINDSHIELD,"lag = ODATE - RCDATE; 49 CFR 577.7(a)(1) sets 60 days from the part 573 filing; ODATE may be an INTERIM notice and the Administrator may modify a schedule, so >60 is not automatically a violation"
25V549000,Hyundai Motor America,2025-08-25,2025-10-23,59,29,MFR,no,ENGINE AND ENGINE COOLING:CRITICAL FASTENERS,"lag = ODATE - RCDATE; 49 CFR 577.7(a)(1) sets 60 days from the part 573 filing; ODATE may be an INTERIM notice and the Administrator may modify a schedule, so >60 is not automatically a violation"
25V699000,"Tesla, Inc.",2025-10-14,2025-12-12,59,63619,MFR,no,EXTERIOR LIGHTING,"lag = ODATE - RCDATE; 49 CFR 577.7(a)(1) sets 60 days from the part 573 filing; ODATE may be an INTERIM notice and the Administrator may modify a schedule, so >60 is not automatically a violation"
25V899000,"Volkswagen Group of America, Inc.",2025-12-19,2026-02-16,59,27768,MFR,no,SEAT BELTS:REAR/OTHER:RETRACTOR,"lag = ODATE - RCDATE; 49 CFR 577.7(a)(1) sets 60 days from the part 573 filing; ODATE may be an INTERIM notice and the Administrator may modify a schedule, so >60 is not automatically a violation"
25V410000,"Tesla, Inc.",2025-06-18,2025-08-16,59,48,MFR,no,SEATS:CRITICAL FASTENERS,"lag = ODATE - RCDATE; 49 CFR 577.7(a)(1) sets 60 days from the part 573 filing; ODATE may be an INTERIM notice and the Administrator may modify a schedule, so >60 is not automatically a violation"
25V748000,"BMW of North America, LLC",2025-10-31,2025-12-29,59,5361,MFR,no,AIR BAGS:FRONTAL:DRIVER SIDE:INFLATOR MODULE,"lag = ODATE - RCDATE; 49 CFR 577.7(a)(1) sets 60 days from the part 573 filing; ODATE may be an INTERIM notice and the Administrator may modify a schedule, so >60 is not automatically a violation"
26V314000,Hyundai Motor America,2026-05-18,2026-07-16,59,172,MFR,no,SUSPENSION:CRITICAL FASTENERS,"lag = ODATE - RCDATE; 49 CFR 577.7(a)(1) sets 60 days from the part 573 filing; ODATE may be an INTERIM notice and the Administrator may modify a schedule, so >60 is not automatically a violation"
26V145000,"Nissan North America, Inc.",2026-03-13,2026-05-11,59,15,MFR,no,SEATS,"lag = ODATE - RCDATE; 49 CFR 577.7(a)(1) sets 60 days from the part 573 filing; ODATE may be an INTERIM notice and the Administrator may modify a schedule, so >60 is not automatically a violation"
26V179000,Toyota Motor Corporation,2026-03-24,2026-05-22,59,8230,MFR,no,EQUIPMENT:OTHER:LABELS,"lag = ODATE - RCDATE; 49 CFR 577.7(a)(1) sets 60 days from the part 573 filing; ODATE may be an INTERIM notice and the Administrator may modify a schedule, so >60 is not automatically a violation"
26V281000,"Mercedes-Benz USA, LLC",2026-05-01,2026-06-29,59,144049,ODI,no,ELECTRICAL SYSTEM: INSTRUMENT CLUSTER/PANEL,"lag = ODATE - RCDATE; 49 CFR 577.7(a)(1) sets 60 days from the part 573 filing; ODATE may be an INTERIM notice and the Administrator may modify a schedule, so >60 is not automatically a violation"
26V038000,Toyota Motor Corporation,2026-01-23,2026-03-23,59,161268,MFR,no,BACK OVER PREVENTION:SOFTWARE,"lag = ODATE - RCDATE; 49 CFR 577.7(a)(1) sets 60 days from the part 573 filing; ODATE may be an INTERIM notice and the Administrator may modify a schedule, so >60 is not automatically a violation"
24V308000,Hyundai Motor America,2024-05-01,2024-06-28,58,13511,MFR,no,ENGINE AND ENGINE COOLING:EXHAUST SYSTEM:EMISSION CONTROL:GAS RECIRCULATION VALVE (EGR VALVE),"lag = ODATE - RCDATE; 49 CFR 577.7(a)(1) sets 60 days from the part 573 filing; ODATE may be an INTERIM notice and the Administrator may modify a schedule, so >60 is not automatically a violation"
24V714000,"BMW of North America, LLC",2024-09-25,2024-11-22,58,982,MFR,no,STEERING:LINKAGES:KNUCKLE:SPINDLE:ARM,"lag = ODATE - RCDATE; 49 CFR 577.7(a)(1) sets 60 days from the part 573 filing; ODATE may be an INTERIM notice and the Administrator may modify a schedule, so >60 is not automatically a violation"
24V513000,"BMW of North America, LLC",2024-07-03,2024-08-30,58,394029,MFR,no,AIR BAGS:FRONTAL:DRIVER SIDE:INFLATOR MODULE,"lag = ODATE - RCDATE; 49 CFR 577.7(a)(1) sets 60 days from the part 573 filing; ODATE may be an INTERIM notice and the Administrator may modify a schedule, so >60 is not automatically a violation"
24V128000,Toyota Motor Corporation,2024-02-21,2024-04-19,58,4212,MFR,no,SEATS,"lag = ODATE - RCDATE; 49 CFR 577.7(a)(1) sets 60 days from the part 573 filing; ODATE may be an INTERIM notice and the Administrator may modify a schedule, so >60 is not automatically a violation"
24V156000,"Nissan North America, Inc.",2024-02-28,2024-04-26,58,9720,MFR,no,SEAT BELTS:PRETENSIONER,"lag = ODATE - RCDATE; 49 CFR 577.7(a)(1) sets 60 days from the part 573 filing; ODATE may be an INTERIM notice and the Administrator may modify a schedule, so >60 is not automatically a violation"
24V764000,"BMW of North America, LLC",2024-10-15,2024-12-12,58,8725,MFR,no,STRUCTURE,"lag = ODATE - RCDATE; 49 CFR 577.7(a)(1) sets 60 days from the part 573 filing; ODATE may be an INTERIM notice and the Administrator may modify a schedule, so >60 is not automatically a violation"
24V077000,"Kia America, Inc.",2024-02-07,2024-04-05,58,2872,MFR,no,ENGINE AND ENGINE COOLING:ENGINE:HARD PARTS INTERNAL/MECHANICAL,"lag = ODATE - RCDATE; 49 CFR 577.7(a)(1) sets 60 days from the part 573 filing; ODATE may be an INTERIM notice and the Administrator may modify a schedule, so >60 is not automatically a violation"
24V304000,"Nissan North America, Inc.",2024-04-29,2024-06-26,58,9645,MFR,no,POWER TRAIN:DRIVELINE:DRIVESHAFT,"lag = ODATE - RCDATE; 49 CFR 577.7(a)(1) sets 60 days from the part 573 filing; ODATE may be an INTERIM notice and the Administrator may modify a schedule, so >60 is not automatically a violation"
24V345000,"BMW of North America, LLC",2024-05-15,2024-07-12,58,3256,MFR,no,SEAT BELTS:FRONT,"lag = ODATE - RCDATE; 49 CFR 577.7(a)(1) sets 60 days from the part 573 filing; ODATE may be an INTERIM notice and the Administrator may modify a schedule, so >60 is not automatically a violation"
25V874000,"Kia America, Inc.",2025-12-17,2026-02-13,58,5046,MFR,no,TRAILER HITCHES,"lag = ODATE - RCDATE; 49 CFR 577.7(a)(1) sets 60 days from the part 573 filing; ODATE may be an INTERIM notice and the Administrator may modify a schedule, so >60 is not automatically a violation"
25V154000,"BMW of North America, LLC",2025-03-12,2025-05-09,58,192,MFR,no,ELECTRONIC STABILITY CONTROL (ESC),"lag = ODATE - RCDATE; 49 CFR 577.7(a)(1) sets 60 days from the part 573 filing; ODATE may be an INTERIM notice and the Administrator may modify a schedule, so >60 is not automatically a violation"
25V821000,"Nissan North America, Inc.",2025-11-26,2026-01-23,58,64085,MFR,no,BACK OVER PREVENTION:SOFTWARE,"lag = ODATE - RCDATE; 49 CFR 577.7(a)(1) sets 60 days from the part 573 filing; ODATE may be an INTERIM notice and the Administrator may modify a schedule, so >60 is not automatically a violation"
25V717000,"BMW of North America, LLC",2025-10-21,2025-12-18,58,1024,MFR,no,SEAT BELTS:REAR/OTHER:RETRACTOR,"lag = ODATE - RCDATE; 49 CFR 577.7(a)(1) sets 60 days from the part 573 filing; ODATE may be an INTERIM notice and the Administrator may modify a schedule, so >60 is not automatically a violation"
26V256000,Toyota Motor Corporation,2026-04-22,2026-06-19,58,4,MFR,no,SEATS:CRITICAL FASTENERS,"lag = ODATE - RCDATE; 49 CFR 577.7(a)(1) sets 60 days from the part 573 filing; ODATE may be an INTERIM notice and the Administrator may modify a schedule, so >60 is not automatically a violation"
26V162000,Toyota Motor Corporation,2026-03-18,2026-05-15,58,144200,MFR,no,BACK OVER PREVENTION:SOFTWARE,"lag = ODATE - RCDATE; 49 CFR 577.7(a)(1) sets 60 days from the part 573 filing; ODATE may be an INTERIM notice and the Administrator may modify a schedule, so >60 is not automatically a violation"
26V252000,"Mitsubishi Motors North America, Inc.",2026-04-20,2026-06-17,58,108046,ODI,no,STRUCTURE:BODY:HATCHBACK/LIFTGATE:SUPPORT DEVICE/STRUT,"lag = ODATE - RCDATE; 49 CFR 577.7(a)(1) sets 60 days from the part 573 filing; ODATE may be an INTERIM notice and the Administrator may modify a schedule, so >60 is not automatically a violation"
24V065000,Hyundai Motor America,2024-02-01,2024-03-29,57,1165,MFR,no,POWER TRAIN:DRIVELINE:DRIVESHAFT,"lag = ODATE - RCDATE; 49 CFR 577.7(a)(1) sets 60 days from the part 573 filing; ODATE may be an INTERIM notice and the Administrator may modify a schedule, so >60 is not automatically a violation"
24V076000,"Lucid USA, Inc.",2024-02-07,2024-04-04,57,189,MFR,no,FORWARD COLLISION AVOIDANCE: ADAPTIVE CRUISE CONTROL:SOFTWARE,"lag = ODATE - RCDATE; 49 CFR 577.7(a)(1) sets 60 days from the part 573 filing; ODATE may be an INTERIM notice and the Administrator may modify a schedule, so >60 is not automatically a violation"
24V011000,"Lucid USA, Inc.",2024-01-10,2024-03-07,57,2042,MFR,no,VISIBILITY:DEFROSTER/DEFOGGER/HVAC SYSTEM,"lag = ODATE - RCDATE; 49 CFR 577.7(a)(1) sets 60 days from the part 573 filing; ODATE may be an INTERIM notice and the Administrator may modify a schedule, so >60 is not automatically a violation"
24V527000,"BMW of North America, LLC",2024-07-11,2024-09-06,57,1145,MFR,no,AIR BAGS:FRONTAL:DRIVER SIDE:INFLATOR MODULE,"lag = ODATE - RCDATE; 49 CFR 577.7(a)(1) sets 60 days from the part 573 filing; ODATE may be an INTERIM notice and the Administrator may modify a schedule, so >60 is not automatically a violation"
24V878000,Toyota Motor Corporation,2024-11-21,2025-01-17,57,8057,MFR,no,STEERING,"lag = ODATE - RCDATE; 49 CFR 577.7(a)(1) sets 60 days from the part 573 filing; ODATE may be an INTERIM notice and the Administrator may modify a schedule, so >60 is not automatically a violation"
24V576000,"BMW of North America, LLC",2024-08-01,2024-09-27,57,105588,MFR,no,ENGINE AND ENGINE COOLING:ENGINE:ENGINE CONTROL MODULE (ECU/ECM):SOFTWARE,"lag = ODATE - RCDATE; 49 CFR 577.7(a)(1) sets 60 days from the part 573 filing; ODATE may be an INTERIM notice and the Administrator may modify a schedule, so >60 is not automatically a violation"
24V025000,"Kia America, Inc.",2024-01-18,2024-03-15,57,101049,MFR,no,STRUCTURE:BODY:ROOF AND PILLARS,"lag = ODATE - RCDATE; 49 CFR 577.7(a)(1) sets 60 days from the part 573 filing; ODATE may be an INTERIM notice and the Administrator may modify a schedule, so >60 is not automatically a violation"
24V057000,"Kia America, Inc.",2024-01-31,2024-03-28,57,1243,MFR,no,POWER TRAIN:DRIVELINE:DRIVESHAFT,"lag = ODATE - RCDATE; 49 CFR 577.7(a)(1) sets 60 days from the part 573 filing; ODATE may be an INTERIM notice and the Administrator may modify a schedule, so >60 is not automatically a violation"
25V616000,"BMW of North America, LLC",2025-09-17,2025-11-13,57,1571,MFR,no,SEAT BELTS:FRONT:RETRACTOR,"lag = ODATE - RCDATE; 49 CFR 577.7(a)(1) sets 60 days from the part 573 filing; ODATE may be an INTERIM notice and the Administrator may modify a schedule, so >60 is not automatically a violation"
25V359000,"Tesla, Inc.",2025-05-29,2025-07-25,57,172,MFR,no,VISIBILITY:WINDSHIELD WIPER/WASHER:LINKAGES,"lag = ODATE - RCDATE; 49 CFR 577.7(a)(1) sets 60 days from the part 573 filing; ODATE may be an INTERIM notice and the Administrator may modify a schedule, so >60 is not automatically a violation"
25V233000,"Volkswagen Group of America, Inc.",2025-04-10,2025-06-06,57,5637,MFR,no,ELECTRICAL SYSTEM: INSTRUMENT CLUSTER/PANEL,"lag = ODATE - RCDATE; 49 CFR 577.7(a)(1) sets 60 days from the part 573 filing; ODATE may be an INTERIM notice and the Administrator may modify a schedule, so >60 is not automatically a violation"
25V670000,"Lucid USA, Inc.",2025-10-07,2025-12-03,57,22319,MFR,no,BACK OVER PREVENTION:SOFTWARE,"lag = ODATE - RCDATE; 49 CFR 577.7(a)(1) sets 60 days from the part 573 filing; ODATE may be an INTERIM notice and the Administrator may modify a schedule, so >60 is not automatically a violation"
25V857000,"BMW of North America, LLC",2025-12-11,2026-02-06,57,36922,MFR,no,STEERING:STEERING CONTROL MODULE,"lag = ODATE - RCDATE; 49 CFR 577.7(a)(1) sets 60 days from the part 573 filing; ODATE may be an INTERIM notice and the Administrator may modify a schedule, so >60 is not automatically a violation"
25V634000,"Porsche Cars North America, Inc.",2025-09-23,2025-11-19,57,177,MFR,no,"FUEL SYSTEM, GASOLINE:DELIVERY:FUEL PUMP","lag = ODATE - RCDATE; 49 CFR 577.7(a)(1) sets 60 days from the part 573 filing; ODATE may be an INTERIM notice and the Administrator may modify a schedule, so >60 is not automatically a violation"
25V366000,"Mercedes-Benz USA, LLC",2025-06-05,2025-08-01,57,94,MFR,no,BACK OVER PREVENTION:WARNINGS:EXTERNAL/PEDESTRIAN ALERT,"lag = ODATE - RCDATE; 49 CFR 577.7(a)(1) sets 60 days from the part 573 filing; ODATE may be an INTERIM notice and the Administrator may modify a schedule, so >60 is not automatically a violation"
25V490000,"Tesla, Inc.",2025-07-28,2025-09-23,57,6,MFR,no,ELECTRICAL SYSTEM:HORN,"lag = ODATE - RCDATE; 49 CFR 577.7(a)(1) sets 60 days from the part 573 filing; ODATE may be an INTERIM notice and the Administrator may modify a schedule, so >60 is not automatically a violation"
25V669000,"Lucid USA, Inc.",2025-10-07,2025-12-03,57,225,MFR,no,POWER TRAIN:DRIVELINE:DRIVESHAFT,"lag = ODATE - RCDATE; 49 CFR 577.7(a)(1) sets 60 days from the part 573 filing; ODATE may be an INTERIM notice and the Administrator may modify a schedule, so >60 is not automatically a violation"
25V871000,"BMW of North America, LLC",2025-12-17,2026-02-12,57,851,MFR,no,AIR BAGS:SIDE/WINDOW:HEAD,"lag = ODATE - RCDATE; 49 CFR 577.7(a)(1) sets 60 days from the part 573 filing; ODATE may be an INTERIM notice and the Administrator may modify a schedule, so >60 is not automatically a violation"
25V906000,"BMW of North America, LLC",2025-12-23,2026-02-18,57,1,MFR,no,ELECTRICAL SYSTEM:PROPULSION SYSTEM: CABLES,"lag = ODATE - RCDATE; 49 CFR 577.7(a)(1) sets 60 days from the part 573 filing; ODATE may be an INTERIM notice and the Administrator may modify a schedule, so >60 is not automatically a violation"
25V912000,"Nissan North America, Inc.",2025-12-23,2026-02-18,57,4655,MFR,no,TIRES:TEMPORARY/EMERGENCY SPARE TIRE,"lag = ODATE - RCDATE; 49 CFR 577.7(a)(1) sets 60 days from the part 573 filing; ODATE may be an INTERIM notice and the Administrator may modify a schedule, so >60 is not automatically a violation"
25V537000,"Rivian Automotive, LLC",2025-08-21,2025-10-17,57,23,MFR,no,ELECTRICAL SYSTEM:PROPULSION SYSTEM:TRACTION BATTERY,"lag = ODATE - RCDATE; 49 CFR 577.7(a)(1) sets 60 days from the part 573 filing; ODATE may be an INTERIM notice and the Administrator may modify a schedule, so >60 is not automatically a violation"
26V185000,"Volkswagen Group of America, Inc.",2026-03-25,2026-05-21,57,75323,MFR,no,ELECTRICAL SYSTEM: INSTRUMENT CLUSTER/PANEL,"lag = ODATE - RCDATE; 49 CFR 577.7(a)(1) sets 60 days from the part 573 filing; ODATE may be an INTERIM notice and the Administrator may modify a schedule, so >60 is not automatically a violation"
26V478000,"BMW of North America, LLC",2026-07-23,2026-09-18,57,16736,ODI,no,ELECTRICAL SYSTEM:IGNITION,"lag = ODATE - RCDATE; 49 CFR 577.7(a)(1) sets 60 days from the part 573 filing; ODATE may be an INTERIM notice and the Administrator may modify a schedule, so >60 is not automatically a violation"
26V230000,"Nissan North America, Inc.",2026-04-09,2026-06-05,57,47928,ODI,no,AIR BAGS:FRONTAL:DRIVER SIDE:INFLATOR MODULE,"lag = ODATE - RCDATE; 49 CFR 577.7(a)(1) sets 60 days from the part 573 filing; ODATE may be an INTERIM notice and the Administrator may modify a schedule, so >60 is not automatically a violation"
26V341000,Toyota Motor Corporation,2026-05-27,2026-07-23,57,81893,MFR,no,ELECTRICAL SYSTEM: INSTRUMENT CLUSTER/PANEL,"lag = ODATE - RCDATE; 49 CFR 577.7(a)(1) sets 60 days from the part 573 filing; ODATE may be an INTERIM notice and the Administrator may modify a schedule, so >60 is not automatically a violation"
26V047000,Hyundai Motor America,2026-01-26,2026-03-24,57,41651,MFR,no,ELECTRICAL SYSTEM: INSTRUMENT CLUSTER/PANEL,"lag = ODATE - RCDATE; 49 CFR 577.7(a)(1) sets 60 days from the part 573 filing; ODATE may be an INTERIM notice and the Administrator may modify a schedule, so >60 is not automatically a violation"
26V239000,Ford Motor Company,2026-04-14,2026-06-10,57,55,MFR,no,EQUIPMENT:ELECTRICAL:ENGINE BLOCK HEATER,"lag = ODATE - RCDATE; 49 CFR 577.7(a)(1) sets 60 days from the part 573 filing; ODATE may be an INTERIM notice and the Administrator may modify a schedule, so >60 is not automatically a violation"
26V068000,Hyundai Motor America,2026-02-05,2026-04-03,57,27,MFR,no,ELECTRICAL SYSTEM:PROPULSION SYSTEM:TRACTION BATTERY,"lag = ODATE - RCDATE; 49 CFR 577.7(a)(1) sets 60 days from the part 573 filing; ODATE may be an INTERIM notice and the Administrator may modify a schedule, so >60 is not automatically a violation"
26V064000,"BMW of North America, LLC",2026-02-04,2026-04-02,57,202,MFR,no,EXTERIOR LIGHTING,"lag = ODATE - RCDATE; 49 CFR 577.7(a)(1) sets 60 days from the part 573 filing; ODATE may be an INTERIM notice and the Administrator may modify a schedule, so >60 is not automatically a violation"
26V419000,"Nissan North America, Inc.",2026-06-30,2026-08-26,57,5823,MFR,no,POWER TRAIN:AUTOMATIC TRANSMISSION:GEAR POSITION INDICATION (PRNDL),"lag = ODATE - RCDATE; 49 CFR 577.7(a)(1) sets 60 days from the part 573 filing; ODATE may be an INTERIM notice and the Administrator may modify a schedule, so >60 is not automatically a violation"
26V437000,Toyota Motor Corporation,2026-07-08,2026-09-03,57,5408,MFR,no,POWER TRAIN:AXLE ASSEMBLY,"lag = ODATE - RCDATE; 49 CFR 577.7(a)(1) sets 60 days from the part 573 filing; ODATE may be an INTERIM notice and the Administrator may modify a schedule, so >60 is not automatically a violation"
24V442000,Toyota Motor Corporation,2024-06-14,2024-08-09,56,13077,MFR,no,BACK OVER PREVENTION: SENSING SYSTEM: CAMERA,"lag = ODATE - RCDATE; 49 CFR 577.7(a)(1) sets 60 days from the part 573 filing; ODATE may be an INTERIM notice and the Administrator may modify a schedule, so >60 is not automatically a violation"
24V927000,"Jaguar Land Rover North America, LLC",2024-12-12,2025-02-06,56,85,MFR,no,ELECTRICAL SYSTEM:PROPULSION SYSTEM:TRACTION BATTERY,"lag = ODATE - RCDATE; 49 CFR 577.7(a)(1) sets 60 days from the part 573 filing; ODATE may be an INTERIM notice and the Administrator may modify a schedule, so >60 is not automatically a violation"
24V739000,"BMW of North America, LLC",2024-10-02,2024-11-27,56,11579,MFR,no,"SERVICE BRAKES, HYDRAULIC:POWER ASSIST:ELECTRIC:CONTROL MODULE","lag = ODATE - RCDATE; 49 CFR 577.7(a)(1) sets 60 days from the part 573 filing; ODATE may be an INTERIM notice and the Administrator may modify a schedule, so >60 is not automatically a violation"
24V586000,"Chrysler (FCA US, LLC)",2024-08-08,2024-10-03,56,243,MFR,no,CHILD SEAT:VEHICLE TETHER ANCHOR,"lag = ODATE - RCDATE; 49 CFR 577.7(a)(1) sets 60 days from the part 573 filing; ODATE may be an INTERIM notice and the Administrator may modify a schedule, so >60 is not automatically a violation"
24V697000,"BMW of North America, LLC",2024-09-18,2024-11-13,56,309,MFR,no,ELECTRONIC STABILITY CONTROL (ESC):CONTROL MODULE,"lag = ODATE - RCDATE; 49 CFR 577.7(a)(1) sets 60 days from the part 573 filing; ODATE may be an INTERIM notice and the Administrator may modify a schedule, so >60 is not automatically a violation"
24V224000,"Mercedes-Benz USA, LLC",2024-03-22,2024-05-17,56,396,MFR,no,ELECTRICAL SYSTEM:WIRING,"lag = ODATE - RCDATE; 49 CFR 577.7(a)(1) sets 60 days from the part 573 filing; ODATE may be an INTERIM notice and the Administrator may modify a schedule, so >60 is not automatically a violation"
24V191000,Hyundai Motor America,2024-03-08,2024-05-03,56,28439,MFR,no,ENGINE AND ENGINE COOLING:ENGINE:GASOLINE:TURBO/SUPERCHARGER,"lag = ODATE - RCDATE; 49 CFR 577.7(a)(1) sets 60 days from the part 573 filing; ODATE may be an INTERIM notice and the Administrator may modify a schedule, so >60 is not automatically a violation"
24V064000,Honda (American Honda Motor Co.),2024-02-01,2024-03-28,56,750114,MFR,no,AIR BAGS:SENSOR:OCCUPANT CLASSIFICATION:FRONT PASSENGER,"lag = ODATE - RCDATE; 49 CFR 577.7(a)(1) sets 60 days from the part 573 filing; ODATE may be an INTERIM notice and the Administrator may modify a schedule, so >60 is not automatically a violation"
24V214000,"Kia America, Inc.",2024-03-20,2024-05-15,56,427407,MFR,no,POWER TRAIN:DRIVELINE:DRIVESHAFT,"lag = ODATE - RCDATE; 49 CFR 577.7(a)(1) sets 60 days from the part 573 filing; ODATE may be an INTERIM notice and the Administrator may modify a schedule, so >60 is not automatically a violation"
24V400000,"Kia America, Inc.",2024-06-04,2024-07-30,56,2401,MFR,no,STRUCTURE:INTERIOR PANELS:CEILING,"lag = ODATE - RCDATE; 49 CFR 577.7(a)(1) sets 60 days from the part 573 filing; ODATE may be an INTERIM notice and the Administrator may modify a schedule, so >60 is not automatically a violation"
24V508000,Honda (American Honda Motor Co.),2024-07-02,2024-08-27,56,1725,MFR,no,TIRES:MARKINGS,"lag = ODATE - RCDATE; 49 CFR 577.7(a)(1) sets 60 days from the part 573 filing; ODATE may be an INTERIM notice and the Administrator may modify a schedule, so >60 is not automatically a violation"
24V685000,Ford Motor Company,2024-09-13,2024-11-08,56,61,MFR,no,HYBRID PROPULSION SYSTEM,"lag = ODATE - RCDATE; 49 CFR 577.7(a)(1) sets 60 days from the part 573 filing; ODATE may be an INTERIM notice and the Administrator may modify a schedule, so >60 is not automatically a violation"
24V416000,"Chrysler (FCA US, LLC)",2024-06-06,2024-08-01,56,266,MFR,no,STRUCTURE:BODY:DOOR,"lag = ODATE - RCDATE; 49 CFR 577.7(a)(1) sets 60 days from the part 573 filing; ODATE may be an INTERIM notice and the Administrator may modify a schedule, so >60 is not automatically a violation"
24V704000,"Mercedes-Benz USA, LLC",2024-09-20,2024-11-15,56,27190,MFR,no,ENGINE AND ENGINE COOLING:ENGINE:ENGINE CONTROL MODULE (ECU/ECM):SOFTWARE,"lag = ODATE - RCDATE; 49 CFR 577.7(a)(1) sets 60 days from the part 573 filing; ODATE may be an INTERIM notice and the Administrator may modify a schedule, so >60 is not automatically a violation"
24V794000,"Chrysler (FCA US, LLC)",2024-10-24,2024-12-19,56,33777,MFR,no,ELECTRONIC STABILITY CONTROL (ESC),"lag = ODATE - RCDATE; 49 CFR 577.7(a)(1) sets 60 days from the part 573 filing; ODATE may be an INTERIM notice and the Administrator may modify a schedule, so >60 is not automatically a violation"
24V862000,"Mercedes-Benz USA, LLC",2024-11-15,2025-01-10,56,3,MFR,no,POWER TRAIN:DRIVELINE:DIFFERENTIAL UNIT,"lag = ODATE - RCDATE; 49 CFR 577.7(a)(1) sets 60 days from the part 573 filing; ODATE may be an INTERIM notice and the Administrator may modify a schedule, so >60 is not automatically a violation"
24V754000,"Chrysler (FCA US, LLC)",2024-10-10,2024-12-05,56,31676,MFR,no,VISIBILITY:REARVIEW MIRRORS/DEVICES,"lag = ODATE - RCDATE; 49 CFR 577.7(a)(1) sets 60 days from the part 573 filing; ODATE may be an INTERIM notice and the Administrator may modify a schedule, so >60 is not automatically a violation"
24V169000,"Kia America, Inc.",2024-03-01,2024-04-26,56,36248,MFR,no,ENGINE AND ENGINE COOLING:ENGINE:GASOLINE:TURBO/SUPERCHARGER:HOSES/PLUMBING,"lag = ODATE - RCDATE; 49 CFR 577.7(a)(1) sets 60 days from the part 573 filing; ODATE may be an INTERIM notice and the Administrator may modify a schedule, so >60 is not automatically a violation"
24V364000,"Jaguar Land Rover North America, LLC",2024-05-23,2024-07-18,56,22268,MFR,no,BACK OVER PREVENTION: SENSING SYSTEM: CAMERA,"lag = ODATE - RCDATE; 49 CFR 577.7(a)(1) sets 60 days from the part 573 filing; ODATE may be an INTERIM notice and the Administrator may modify a schedule, so >60 is not automatically a violation"
25V658000,"Tesla, Inc.",2025-10-01,2025-11-26,56,260,MFR,no,ELECTRICAL SYSTEM:WIRING,"lag = ODATE - RCDATE; 49 CFR 577.7(a)(1) sets 60 days from the part 573 filing; ODATE may be an INTERIM notice and the Administrator may modify a schedule, so >60 is not automatically a violation"
25V808000,Hyundai Motor America,2025-11-20,2026-01-15,56,143472,MFR,no,BACK OVER PREVENTION:DISPLAY FUNCTION,"lag = ODATE - RCDATE; 49 CFR 577.7(a)(1) sets 60 days from the part 573 filing; ODATE may be an INTERIM notice and the Administrator may modify a schedule, so >60 is not automatically a violation"
25V511000,"Mercedes-Benz USA, LLC",2025-08-08,2025-10-03,56,136,MFR,no,EXTERIOR LIGHTING:HEADLIGHTS,"lag = ODATE - RCDATE; 49 CFR 577.7(a)(1) sets 60 days from the part 573 filing; ODATE may be an INTERIM notice and the Administrator may modify a schedule, so >60 is not automatically a violation"
25V239000,Ford Motor Company,2025-04-11,2025-06-06,56,24655,MFR,no,POWER TRAIN:AUTOMATIC TRANSMISSION:CONTROL MODULE:SOFTWARE,"lag = ODATE - RCDATE; 49 CFR 577.7(a)(1) sets 60 days from the part 573 filing; ODATE may be an INTERIM notice and the Administrator may modify a schedule, so >60 is not automatically a violation"
25V198000,Ford Motor Company,2025-03-28,2025-05-23,56,4356,ODI,no,ENGINE AND ENGINE COOLING:ENGINE:OIL/LUBRICATION,"lag = ODATE - RCDATE; 49 CFR 577.7(a)(1) sets 60 days from the part 573 filing; ODATE may be an INTERIM notice and the Administrator may modify a schedule, so >60 is not automatically a violation"
25V896000,"Porsche Cars North America, Inc.",2025-12-19,2026-02-13,56,172107,MFR,no,BACK OVER PREVENTION: SENSING SYSTEM: CAMERA,"lag = ODATE - RCDATE; 49 CFR 577.7(a)(1) sets 60 days from the part 573 filing; ODATE may be an INTERIM notice and the Administrator may modify a schedule, so >60 is not automatically a violation"
25V833000,Hyundai Motor America,2025-12-01,2026-01-26,56,483,ODI,no,ELECTRICAL SYSTEM:ADAS,"lag = ODATE - RCDATE; 49 CFR 577.7(a)(1) sets 60 days from the part 573 filing; ODATE may be an INTERIM notice and the Administrator may modify a schedule, so >60 is not automatically a violation"
25V864000,"Mercedes-Benz USA, LLC",2025-12-12,2026-02-06,56,82,MFR,no,SEAT BELTS:REAR/OTHER,"lag = ODATE - RCDATE; 49 CFR 577.7(a)(1) sets 60 days from the part 573 filing; ODATE may be an INTERIM notice and the Administrator may modify a schedule, so >60 is not automatically a violation"
25V881000,Ford Motor Company,2025-12-18,2026-02-12,56,87,MFR,no,POWER TRAIN:AUTOMATIC TRANSMISSION:CONTROL MODULE (TCM/PCM/TECM),"lag = ODATE - RCDATE; 49 CFR 577.7(a)(1) sets 60 days from the part 573 filing; ODATE may be an INTERIM notice and the Administrator may modify a schedule, so >60 is not automatically a violation"
25V643000,"BMW of North America, LLC",2025-09-25,2025-11-20,56,4,MFR,no,ELECTRICAL SYSTEM:WIRING:POWER DISTRIBUTION MODULE/IPDM,"lag = ODATE - RCDATE; 49 CFR 577.7(a)(1) sets 60 days from the part 573 filing; ODATE may be an INTERIM notice and the Administrator may modify a schedule, so >60 is not automatically a violation"
25V865000,"Mercedes-Benz USA, LLC",2025-12-12,2026-02-06,56,117,MFR,no,ELECTRICAL SYSTEM:WIRING,"lag = ODATE - RCDATE; 49 CFR 577.7(a)(1) sets 60 days from the part 573 filing; ODATE may be an INTERIM notice and the Administrator may modify a schedule, so >60 is not automatically a violation"
26V481000,"Mercedes-Benz USA, LLC",2026-07-24,2026-09-18,56,310667,MFR,no,LATCHES/LOCKS/LINKAGES:DOORS:LOCK,"lag = ODATE - RCDATE; 49 CFR 577.7(a)(1) sets 60 days from the part 573 filing; ODATE may be an INTERIM notice and the Administrator may modify a schedule, so >60 is not automatically a violation"
26V028000,"Volkswagen Group of America, Inc.",2026-01-21,2026-03-18,56,670,MFR,no,ELECTRICAL SYSTEM:PROPULSION SYSTEM:TRACTION BATTERY,"lag = ODATE - RCDATE; 49 CFR 577.7(a)(1) sets 60 days from the part 573 filing; ODATE may be an INTERIM notice and the Administrator may modify a schedule, so >60 is not automatically a violation"
26V134000,"Mercedes-Benz USA, LLC",2026-03-06,2026-05-01,56,10,MFR,no,LATCHES/LOCKS/LINKAGES:DOORS:LATCH,"lag = ODATE - RCDATE; 49 CFR 577.7(a)(1) sets 60 days from the part 573 filing; ODATE may be an INTERIM notice and the Administrator may modify a schedule, so >60 is not automatically a violation"
26V163000,"Jaguar Land Rover North America, LLC",2026-03-18,2026-05-13,56,582,MFR,no,SEAT BELTS:CRITICAL FASTENERS,"lag = ODATE - RCDATE; 49 CFR 577.7(a)(1) sets 60 days from the part 573 filing; ODATE may be an INTERIM notice and the Administrator may modify a schedule, so >60 is not automatically a violation"
26V172000,"Mercedes-Benz USA, LLC",2026-03-20,2026-05-15,56,20,MFR,no,SEAT BELTS:REAR/OTHER,"lag = ODATE - RCDATE; 49 CFR 577.7(a)(1) sets 60 days from the part 573 filing; ODATE may be an INTERIM notice and the Administrator may modify a schedule, so >60 is not automatically a violation"
26V309000,"Lucid USA, Inc.",2026-05-13,2026-07-08,56,2039,ODI,no,ELECTRICAL SYSTEM:PROPULSION SYSTEM:INVERTER,"lag = ODATE - RCDATE; 49 CFR 577.7(a)(1) sets 60 days from the part 573 filing; ODATE may be an INTERIM notice and the Administrator may modify a schedule, so >60 is not automatically a violation"
26V030000,"Volkswagen Group of America, Inc.",2026-01-21,2026-03-18,56,43881,MFR,no,ELECTRICAL SYSTEM:PROPULSION SYSTEM:TRACTION BATTERY,"lag = ODATE - RCDATE; 49 CFR 577.7(a)(1) sets 60 days from the part 573 filing; ODATE may be an INTERIM notice and the Administrator may modify a schedule, so >60 is not automatically a violation"
26V096000,"BMW of North America, LLC",2026-02-19,2026-04-16,56,58713,MFR,no,ELECTRICAL SYSTEM:WIRING,"lag = ODATE - RCDATE; 49 CFR 577.7(a)(1) sets 60 days from the part 573 filing; ODATE may be an INTERIM notice and the Administrator may modify a schedule, so >60 is not automatically a violation"
26V056000,"BMW of North America, LLC",2026-01-30,2026-03-27,56,87394,MFR,no,ELECTRICAL SYSTEM:STARTER ASSEMBLY,"lag = ODATE - RCDATE; 49 CFR 577.7(a)(1) sets 60 days from the part 573 filing; ODATE may be an INTERIM notice and the Administrator may modify a schedule, so >60 is not automatically a violation"
26V327000,"Chrysler (FCA US, LLC)",2026-05-21,2026-07-16,56,16,MFR,no,BACK OVER PREVENTION: SENSING SYSTEM: CAMERA,"lag = ODATE - RCDATE; 49 CFR 577.7(a)(1) sets 60 days from the part 573 filing; ODATE may be an INTERIM notice and the Administrator may modify a schedule, so >60 is not automatically a violation"
26V297000,"Jaguar Land Rover North America, LLC",2026-05-12,2026-07-07,56,76,MFR,no,SEAT BELTS:FRONT:WARNING LIGHT/DEVICES,"lag = ODATE - RCDATE; 49 CFR 577.7(a)(1) sets 60 days from the part 573 filing; ODATE may be an INTERIM notice and the Administrator may modify a schedule, so >60 is not automatically a violation"
24V882000,Honda (American Honda Motor Co.),2024-11-21,2025-01-15,55,4205,MFR,no,ELECTRICAL SYSTEM:SOFTWARE,"lag = ODATE - RCDATE; 49 CFR 577.7(a)(1) sets 60 days from the part 573 filing; ODATE may be an INTERIM notice and the Administrator may modify a schedule, so >60 is not automatically a violation"
24V788000,"Volvo Car USA, LLC",2024-10-23,2024-12-17,55,291,MFR,no,"SERVICE BRAKES, HYDRAULIC:PEDALS AND LINKAGES","lag = ODATE - RCDATE; 49 CFR 577.7(a)(1) sets 60 days from the part 573 filing; ODATE may be an INTERIM notice and the Administrator may modify a schedule, so >60 is not automatically a violation"
24V380000,"Jaguar Land Rover North America, LLC",2024-05-31,2024-07-25,55,20,MFR,no,POWER TRAIN:AUTOMATIC TRANSMISSION,"lag = ODATE - RCDATE; 49 CFR 577.7(a)(1) sets 60 days from the part 573 filing; ODATE may be an INTERIM notice and the Administrator may modify a schedule, so >60 is not automatically a violation"
24V745000,Honda (American Honda Motor Co.),2024-10-03,2024-11-27,55,98,MFR,no,ELECTRICAL SYSTEM:PROPULSION SYSTEM:TRACTION BATTERY,"lag = ODATE - RCDATE; 49 CFR 577.7(a)(1) sets 60 days from the part 573 filing; ODATE may be an INTERIM notice and the Administrator may modify a schedule, so >60 is not automatically a violation"
24V548000,Toyota Motor Corporation,2024-07-23,2024-09-16,55,33848,MFR,no,EQUIPMENT:OTHER:LABELS,"lag = ODATE - RCDATE; 49 CFR 577.7(a)(1) sets 60 days from the part 573 filing; ODATE may be an INTERIM notice and the Administrator may modify a schedule, so >60 is not automatically a violation"
24V510000,"Chrysler (FCA US, LLC)",2024-07-03,2024-08-27,55,337128,MFR,no,SEAT BELTS:FRONT,"lag = ODATE - RCDATE; 49 CFR 577.7(a)(1) sets 60 days from the part 573 filing; ODATE may be an INTERIM notice and the Administrator may modify a schedule, so >60 is not automatically a violation"
24V205000,Hyundai Motor America,2024-03-15,2024-05-09,55,15645,MFR,no,ELECTRICAL SYSTEM:WIRING,"lag = ODATE - RCDATE; 49 CFR 577.7(a)(1) sets 60 days from the part 573 filing; ODATE may be an INTERIM notice and the Administrator may modify a schedule, so >60 is not automatically a violation"
24V407000,"Kia America, Inc.",2024-06-05,2024-07-30,55,462869,MFR,no,SEATS:FRONT ASSEMBLY:POWER ADJUST,"lag = ODATE - RCDATE; 49 CFR 577.7(a)(1) sets 60 days from the part 573 filing; ODATE may be an INTERIM notice and the Administrator may modify a schedule, so >60 is not automatically a violation"
25V393000,Ford Motor Company,2025-06-13,2025-08-07,55,304662,ODI,no,SEATS:MID/REAR ASSEMBLY,"lag = ODATE - RCDATE; 49 CFR 577.7(a)(1) sets 60 days from the part 573 filing; ODATE may be an INTERIM notice and the Administrator may modify a schedule, so >60 is not automatically a violation"
25V274000,"General Motors, LLC",2025-04-24,2025-06-18,55,597571,ODI,no,ENGINE AND ENGINE COOLING:ENGINE:HARD PARTS INTERNAL/MECHANICAL,"lag = ODATE - RCDATE; 49 CFR 577.7(a)(1) sets 60 days from the part 573 filing; ODATE may be an INTERIM notice and the Administrator may modify a schedule, so >60 is not automatically a violation"
25V807000,"Nissan North America, Inc.",2025-11-20,2026-01-14,55,41797,MFR,no,VISIBILITY:WINDSHIELD,"lag = ODATE - RCDATE; 49 CFR 577.7(a)(1) sets 60 days from the part 573 filing; ODATE may be an INTERIM notice and the Administrator may modify a schedule, so >60 is not automatically a violation"
26V422000,"BMW of North America, LLC",2026-07-01,2026-08-25,55,428,MFR,no,"SERVICE BRAKES, HYDRAULIC:POWER ASSIST:ELECTRIC:CONTROL MODULE","lag = ODATE - RCDATE; 49 CFR 577.7(a)(1) sets 60 days from the part 573 filing; ODATE may be an INTERIM notice and the Administrator may modify a schedule, so >60 is not automatically a violation"
26V496000,"General Motors, LLC",2026-07-30,2026-09-23,55,952,MFR,no,TIRES:TEMPORARY/EMERGENCY SPARE TIRE,"lag = ODATE - RCDATE; 49 CFR 577.7(a)(1) sets 60 days from the part 573 filing; ODATE may be an INTERIM notice and the Administrator may modify a schedule, so >60 is not automatically a violation"
26V263000,"Jaguar Land Rover North America, LLC",2026-04-23,2026-06-17,55,6,MFR,no,"FUEL SYSTEM, GASOLINE:STORAGE:TANK ASSEMBLY","lag = ODATE - RCDATE; 49 CFR 577.7(a)(1) sets 60 days from the part 573 filing; ODATE may be an INTERIM notice and the Administrator may modify a schedule, so >60 is not automatically a violation"
24V711000,"BMW of North America, LLC",2024-09-25,2024-11-18,54,7,MFR,no,STRUCTURE:BODY,"lag = ODATE - RCDATE; 49 CFR 577.7(a)(1) sets 60 days from the part 573 filing; ODATE may be an INTERIM notice and the Administrator may modify a schedule, so >60 is not automatically a violation"
24V910000,"BMW of North America, LLC",2024-12-05,2025-01-28,54,130,MFR,no,STRUCTURE:BODY:ROOF AND PILLARS,"lag = ODATE - RCDATE; 49 CFR 577.7(a)(1) sets 60 days from the part 573 filing; ODATE may be an INTERIM notice and the Administrator may modify a schedule, so >60 is not automatically a violation"
24V459000,"General Motors, LLC",2024-06-20,2024-08-13,54,6942,MFR,no,ELECTRICAL SYSTEM: INSTRUMENT CLUSTER/PANEL,"lag = ODATE - RCDATE; 49 CFR 577.7(a)(1) sets 60 days from the part 573 filing; ODATE may be an INTERIM notice and the Administrator may modify a schedule, so >60 is not automatically a violation"
24V201000,"Jaguar Land Rover North America, LLC",2024-03-14,2024-05-07,54,2842,MFR,no,"SERVICE BRAKES, HYDRAULIC","lag = ODATE - RCDATE; 49 CFR 577.7(a)(1) sets 60 days from the part 573 filing; ODATE may be an INTERIM notice and the Administrator may modify a schedule, so >60 is not automatically a violation"
24V879000,Hyundai Motor America,2024-11-21,2025-01-14,54,226118,MFR,no,BACK OVER PREVENTION: SENSING SYSTEM: CAMERA,"lag = ODATE - RCDATE; 49 CFR 577.7(a)(1) sets 60 days from the part 573 filing; ODATE may be an INTERIM notice and the Administrator may modify a schedule, so >60 is not automatically a violation"
24V139000,"BMW of North America, LLC",2024-02-23,2024-04-17,54,267,MFR,no,STRUCTURE:BODY,"lag = ODATE - RCDATE; 49 CFR 577.7(a)(1) sets 60 days from the part 573 filing; ODATE may be an INTERIM notice and the Administrator may modify a schedule, so >60 is not automatically a violation"
25V671000,"BMW of North America, LLC",2025-10-08,2025-12-01,54,3,MFR,no,VISIBILITY:WINDSHIELD:CRITICAL FASTENERS,"lag = ODATE - RCDATE; 49 CFR 577.7(a)(1) sets 60 days from the part 573 filing; ODATE may be an INTERIM notice and the Administrator may modify a schedule, so >60 is not automatically a violation"
25V700000,"BMW of North America, LLC",2025-10-15,2025-12-08,54,112,MFR,no,"FUEL SYSTEM, DIESEL","lag = ODATE - RCDATE; 49 CFR 577.7(a)(1) sets 60 days from the part 573 filing; ODATE may be an INTERIM notice and the Administrator may modify a schedule, so >60 is not automatically a violation"
25V254000,"Mercedes-Benz USA, LLC",2025-04-17,2025-06-10,54,6247,MFR,no,ELECTRONIC STABILITY CONTROL (ESC):CONTROL MODULE:SOFTWARE,"lag = ODATE - RCDATE; 49 CFR 577.7(a)(1) sets 60 days from the part 573 filing; ODATE may be an INTERIM notice and the Administrator may modify a schedule, so >60 is not automatically a violation"
26V424000,Honda (American Honda Motor Co.),2026-07-01,2026-08-24,54,3933,MFR,no,SUSPENSION:REAR,"lag = ODATE - RCDATE; 49 CFR 577.7(a)(1) sets 60 days from the part 573 filing; ODATE may be an INTERIM notice and the Administrator may modify a schedule, so >60 is not automatically a violation"
26V508000,"Rivian Automotive, LLC",2026-08-05,2026-09-28,54,3829,MFR,no,EXTERIOR LIGHTING:TURN SIGNAL,"lag = ODATE - RCDATE; 49 CFR 577.7(a)(1) sets 60 days from the part 573 filing; ODATE may be an INTERIM notice and the Administrator may modify a schedule, so >60 is not automatically a violation"
26V110000,Toyota Motor Corporation,2026-02-25,2026-04-20,54,86,MFR,no,EXTERIOR LIGHTING:HEADLIGHTS,"lag = ODATE - RCDATE; 49 CFR 577.7(a)(1) sets 60 days from the part 573 filing; ODATE may be an INTERIM notice and the Administrator may modify a schedule, so >60 is not automatically a violation"
26V423000,Honda (American Honda Motor Co.),2026-07-01,2026-08-24,54,325588,MFR,no,BACK OVER PREVENTION: SENSING SYSTEM: CAMERA,"lag = ODATE - RCDATE; 49 CFR 577.7(a)(1) sets 60 days from the part 573 filing; ODATE may be an INTERIM notice and the Administrator may modify a schedule, so >60 is not automatically a violation"
24V470000,"Nissan North America, Inc.",2024-06-21,2024-08-13,53,7222,MFR,no,POWER TRAIN:DRIVELINE:DRIVESHAFT,"lag = ODATE - RCDATE; 49 CFR 577.7(a)(1) sets 60 days from the part 573 filing; ODATE may be an INTERIM notice and the Administrator may modify a schedule, so >60 is not automatically a violation"
24V267000,Ford Motor Company,2024-04-12,2024-06-04,53,456565,ODI,no,ELECTRICAL SYSTEM:BODY CONTROL MODULE/BCM,"lag = ODATE - RCDATE; 49 CFR 577.7(a)(1) sets 60 days from the part 573 filing; ODATE may be an INTERIM notice and the Administrator may modify a schedule, so >60 is not automatically a violation"
24V138000,"BMW of North America, LLC",2024-02-23,2024-04-16,53,8,MFR,no,STRUCTURE:INTERIOR PANELS:DASHBOARD,"lag = ODATE - RCDATE; 49 CFR 577.7(a)(1) sets 60 days from the part 573 filing; ODATE may be an INTERIM notice and the Administrator may modify a schedule, so >60 is not automatically a violation"
24V859000,Honda (American Honda Motor Co.),2024-11-14,2025-01-06,53,121,MFR,no,SEATS:CRITICAL FASTENERS,"lag = ODATE - RCDATE; 49 CFR 577.7(a)(1) sets 60 days from the part 573 filing; ODATE may be an INTERIM notice and the Administrator may modify a schedule, so >60 is not automatically a violation"
24V391000,"Nissan North America, Inc.",2024-06-03,2024-07-26,53,84,MFR,no,ELECTRICAL SYSTEM:PROPULSION SYSTEM:TRACTION MOTOR,"lag = ODATE - RCDATE; 49 CFR 577.7(a)(1) sets 60 days from the part 573 filing; ODATE may be an INTERIM notice and the Administrator may modify a schedule, so >60 is not automatically a violation"
24V949000,Ford Motor Company,2024-12-19,2025-02-10,53,11922,MFR,no,SUSPENSION:FRONT:CONTROL ARM:UPPER BALL JOINT,"lag = ODATE - RCDATE; 49 CFR 577.7(a)(1) sets 60 days from the part 573 filing; ODATE may be an INTERIM notice and the Administrator may modify a schedule, so >60 is not automatically a violation"
25V639000,"General Motors, LLC",2025-09-25,2025-11-17,53,23700,MFR,no,FORWARD COLLISION AVOIDANCE: WARNINGS:EXTERNAL/PEDESTRIAN ALERT,"lag = ODATE - RCDATE; 49 CFR 577.7(a)(1) sets 60 days from the part 573 filing; ODATE may be an INTERIM notice and the Administrator may modify a schedule, so >60 is not automatically a violation"
25V863000,Ford Motor Company,2025-12-12,2026-02-03,53,272645,MFR,no,POWER TRAIN:AUTOMATIC TRANSMISSION:INTERNAL:PARK PAWL,"lag = ODATE - RCDATE; 49 CFR 577.7(a)(1) sets 60 days from the part 573 filing; ODATE may be an INTERIM notice and the Administrator may modify a schedule, so >60 is not automatically a violation"
25V031000,Honda (American Honda Motor Co.),2025-01-23,2025-03-17,53,294612,MFR,no,"FUEL SYSTEM, GASOLINE:FUEL INJECTION SYSTEM","lag = ODATE - RCDATE; 49 CFR 577.7(a)(1) sets 60 days from the part 573 filing; ODATE may be an INTERIM notice and the Administrator may modify a schedule, so >60 is not automatically a violation"
25V422000,Honda (American Honda Motor Co.),2025-06-19,2025-08-11,53,72256,MFR,no,POWER TRAIN:DRIVELINE:DRIVESHAFT,"lag = ODATE - RCDATE; 49 CFR 577.7(a)(1) sets 60 days from the part 573 filing; ODATE may be an INTERIM notice and the Administrator may modify a schedule, so >60 is not automatically a violation"
25V785000,Honda (American Honda Motor Co.),2025-11-13,2026-01-05,53,256603,ODI,no,ELECTRICAL SYSTEM:PROPULSION SYSTEM:HYBRID MANAGEMENT:POWER CONTROL UNIT/MODULE (HPCU):SOFTWARE,"lag = ODATE - RCDATE; 49 CFR 577.7(a)(1) sets 60 days from the part 573 filing; ODATE may be an INTERIM notice and the Administrator may modify a schedule, so >60 is not automatically a violation"
25V858000,Honda (American Honda Motor Co.),2025-12-11,2026-02-02,53,388,MFR,no,ELECTRICAL SYSTEM:PROPULSION SYSTEM:FUEL CELL,"lag = ODATE - RCDATE; 49 CFR 577.7(a)(1) sets 60 days from the part 573 filing; ODATE may be an INTERIM notice and the Administrator may modify a schedule, so >60 is not automatically a violation"
26V218000,Hyundai Motor America,2026-04-06,2026-05-29,53,294448,ODI,no,SEAT BELTS:FRONT:ANCHORAGE,"lag = ODATE - RCDATE; 49 CFR 577.7(a)(1) sets 60 days from the part 573 filing; ODATE may be an INTERIM notice and the Administrator may modify a schedule, so >60 is not automatically a violation"
26V511000,Toyota Motor Corporation,2026-08-06,2026-09-28,53,508354,MFR,no,SEAT BELTS:FRONT:WARNING LIGHT/DEVICES,"lag = ODATE - RCDATE; 49 CFR 577.7(a)(1) sets 60 days from the part 573 filing; ODATE may be an INTERIM notice and the Administrator may modify a schedule, so >60 is not automatically a violation"
26V232000,"Kia America, Inc.",2026-04-10,2026-06-02,53,141032,MFR,no,"FUEL SYSTEM, GASOLINE:DELIVERY:HOSES, LINES/PIPING, AND FITTINGS","lag = ODATE - RCDATE; 49 CFR 577.7(a)(1) sets 60 days from the part 573 filing; ODATE may be an INTERIM notice and the Administrator may modify a schedule, so >60 is not automatically a violation"
26V193000,"Lucid USA, Inc.",2026-03-26,2026-05-18,53,3627,MFR,no,ELECTRICAL SYSTEM:PROPULSION SYSTEM:CRITICAL FASTENERS,"lag = ODATE - RCDATE; 49 CFR 577.7(a)(1) sets 60 days from the part 573 filing; ODATE may be an INTERIM notice and the Administrator may modify a schedule, so >60 is not automatically a violation"
26V085000,"General Motors, LLC",2026-02-13,2026-04-07,53,43743,MFR,no,POWER TRAIN:AUTOMATIC TRANSMISSION:CONTROL MODULE:SOFTWARE,"lag = ODATE - RCDATE; 49 CFR 577.7(a)(1) sets 60 days from the part 573 filing; ODATE may be an INTERIM notice and the Administrator may modify a schedule, so >60 is not automatically a violation"
26V192000,"Lucid USA, Inc.",2026-03-26,2026-05-18,53,4476,MFR,no,SEATS,"lag = ODATE - RCDATE; 49 CFR 577.7(a)(1) sets 60 days from the part 573 filing; ODATE may be an INTERIM notice and the Administrator may modify a schedule, so >60 is not automatically a violation"
26V112000,Honda (American Honda Motor Co.),2026-02-26,2026-04-20,53,65135,ODI,no,BACK OVER PREVENTION:SOFTWARE,"lag = ODATE - RCDATE; 49 CFR 577.7(a)(1) sets 60 days from the part 573 filing; ODATE may be an INTERIM notice and the Administrator may modify a schedule, so >60 is not automatically a violation"
24V869000,"Volvo Car USA, LLC",2024-11-19,2025-01-10,52,11,MFR,no,SEATS:CRITICAL FASTENERS,"lag = ODATE - RCDATE; 49 CFR 577.7(a)(1) sets 60 days from the part 573 filing; ODATE may be an INTERIM notice and the Administrator may modify a schedule, so >60 is not automatically a violation"
24V874000,"Mercedes-Benz USA, LLC",2024-11-19,2025-01-10,52,33456,MFR,no,VISIBILITY:SUN/MOON ROOF ASSEMBLY,"lag = ODATE - RCDATE; 49 CFR 577.7(a)(1) sets 60 days from the part 573 filing; ODATE may be an INTERIM notice and the Administrator may modify a schedule, so >60 is not automatically a violation"
24V731000,"Porsche Cars North America, Inc.",2024-10-01,2024-11-22,52,193,MFR,no,ELECTRICAL SYSTEM:PROPULSION SYSTEM:TRACTION BATTERY,"lag = ODATE - RCDATE; 49 CFR 577.7(a)(1) sets 60 days from the part 573 filing; ODATE may be an INTERIM notice and the Administrator may modify a schedule, so >60 is not automatically a violation"
25V543000,Ford Motor Company,2025-08-22,2025-10-13,52,213121,MFR,no,EXTERIOR LIGHTING:TAIL LIGHTS,"lag = ODATE - RCDATE; 49 CFR 577.7(a)(1) sets 60 days from the part 573 filing; ODATE may be an INTERIM notice and the Administrator may modify a schedule, so >60 is not automatically a violation"
25V816000,"Rivian Automotive, LLC",2025-11-25,2026-01-16,52,34824,ODI,no,SEAT BELTS:PRETENSIONER,"lag = ODATE - RCDATE; 49 CFR 577.7(a)(1) sets 60 days from the part 573 filing; ODATE may be an INTERIM notice and the Administrator may modify a schedule, so >60 is not automatically a violation"
26V023000,"Nissan North America, Inc.",2026-01-20,2026-03-13,52,26432,MFR,no,LATCHES/LOCKS/LINKAGES:DOORS:LATCH,"lag = ODATE - RCDATE; 49 CFR 577.7(a)(1) sets 60 days from the part 573 filing; ODATE may be an INTERIM notice and the Administrator may modify a schedule, so >60 is not automatically a violation"
26V254000,Hyundai Motor America,2026-04-20,2026-06-11,52,2931,MFR,no,AIR BAGS:SENSOR:SIDE IMPACT,"lag = ODATE - RCDATE; 49 CFR 577.7(a)(1) sets 60 days from the part 573 filing; ODATE may be an INTERIM notice and the Administrator may modify a schedule, so >60 is not automatically a violation"
26V160000,Hyundai Motor America,2026-03-17,2026-05-08,52,61307,MFR,no,SEATS:MID/REAR ASSEMBLY:POWER ADJUST,"lag = ODATE - RCDATE; 49 CFR 577.7(a)(1) sets 60 days from the part 573 filing; ODATE may be an INTERIM notice and the Administrator may modify a schedule, so >60 is not automatically a violation"
24V767000,Toyota Motor Corporation,2024-10-15,2024-12-05,51,11890,MFR,no,TIRES:SIDEWALL,"lag = ODATE - RCDATE; 49 CFR 577.7(a)(1) sets 60 days from the part 573 filing; ODATE may be an INTERIM notice and the Administrator may modify a schedule, so >60 is not automatically a violation"
24V123000,"Porsche Cars North America, Inc.",2024-02-20,2024-04-11,51,910,MFR,no,SEAT BELTS:REAR/OTHER:RETRACTOR,"lag = ODATE - RCDATE; 49 CFR 577.7(a)(1) sets 60 days from the part 573 filing; ODATE may be an INTERIM notice and the Administrator may modify a schedule, so >60 is not automatically a violation"
24V275000,Toyota Motor Corporation,2024-04-17,2024-06-07,51,509,MFR,no,AIR BAGS:SENSOR:OCCUPANT CLASSIFICATION:FRONT PASSENGER,"lag = ODATE - RCDATE; 49 CFR 577.7(a)(1) sets 60 days from the part 573 filing; ODATE may be an INTERIM notice and the Administrator may modify a schedule, so >60 is not automatically a violation"
24V918000,"Chrysler (FCA US, LLC)",2024-12-10,2025-01-30,51,2135,MFR,no,STRUCTURE:BODY:BUMPERS,"lag = ODATE - RCDATE; 49 CFR 577.7(a)(1) sets 60 days from the part 573 filing; ODATE may be an INTERIM notice and the Administrator may modify a schedule, so >60 is not automatically a violation"
25V173000,"Nissan North America, Inc.",2025-03-19,2025-05-09,51,1430,MFR,no,"SERVICE BRAKES, HYDRAULIC:FOUNDATION COMPONENTS:DISC:CALIPER","lag = ODATE - RCDATE; 49 CFR 577.7(a)(1) sets 60 days from the part 573 filing; ODATE may be an INTERIM notice and the Administrator may modify a schedule, so >60 is not automatically a violation"
25V179000,"Volvo Car USA, LLC",2025-03-24,2025-05-14,51,7483,ODI,no,ELECTRICAL SYSTEM:PROPULSION SYSTEM:TRACTION BATTERY,"lag = ODATE - RCDATE; 49 CFR 577.7(a)(1) sets 60 days from the part 573 filing; ODATE may be an INTERIM notice and the Administrator may modify a schedule, so >60 is not automatically a violation"
25V793000,Ford Motor Company,2025-11-17,2026-01-07,51,7046,MFR,no,ENGINE,"lag = ODATE - RCDATE; 49 CFR 577.7(a)(1) sets 60 days from the part 573 filing; ODATE may be an INTERIM notice and the Administrator may modify a schedule, so >60 is not automatically a violation"
25V153000,"Nissan North America, Inc.",2025-03-11,2025-05-01,51,199,MFR,no,SEATS,"lag = ODATE - RCDATE; 49 CFR 577.7(a)(1) sets 60 days from the part 573 filing; ODATE may be an INTERIM notice and the Administrator may modify a schedule, so >60 is not automatically a violation"
26V493000,Hyundai Motor America,2026-07-29,2026-09-18,51,42,MFR,no,ELECTRICAL SYSTEM:IGNITION:COIL,"lag = ODATE - RCDATE; 49 CFR 577.7(a)(1) sets 60 days from the part 573 filing; ODATE may be an INTERIM notice and the Administrator may modify a schedule, so >60 is not automatically a violation"
26V413000,"Chrysler (FCA US, LLC)",2026-06-30,2026-08-20,51,7,MFR,no,POWER TRAIN:AUTOMATIC TRANSMISSION:GEAR POSITION INDICATION (PRNDL),"lag = ODATE - RCDATE; 49 CFR 577.7(a)(1) sets 60 days from the part 573 filing; ODATE may be an INTERIM notice and the Administrator may modify a schedule, so >60 is not automatically a violation"
24V654000,"Porsche Cars North America, Inc.",2024-09-05,2024-10-25,50,954,MFR,no,EXTERIOR LIGHTING:LIGHTING CONTROL MODULE:SOFTWARE,"lag = ODATE - RCDATE; 49 CFR 577.7(a)(1) sets 60 days from the part 573 filing; ODATE may be an INTERIM notice and the Administrator may modify a schedule, so >60 is not automatically a violation"
24V479000,"Nissan North America, Inc.",2024-06-26,2024-08-15,50,5929,MFR,no,SUSPENSION:FRONT:CONTROL ARM:LOWER BALL JOINT,"lag = ODATE - RCDATE; 49 CFR 577.7(a)(1) sets 60 days from the part 573 filing; ODATE may be an INTERIM notice and the Administrator may modify a schedule, so >60 is not automatically a violation"
24V113000,Honda (American Honda Motor Co.),2024-02-15,2024-04-05,50,29301,MFR,no,"FUEL SYSTEM, GASOLINE:DELIVERY:FUEL PUMP","lag = ODATE - RCDATE; 49 CFR 577.7(a)(1) sets 60 days from the part 573 filing; ODATE may be an INTERIM notice and the Administrator may modify a schedule, so >60 is not automatically a violation"
24V152000,Toyota Motor Corporation,2024-02-27,2024-04-17,50,381199,MFR,no,POWER TRAIN:AXLE ASSEMBLY,"lag = ODATE - RCDATE; 49 CFR 577.7(a)(1) sets 60 days from the part 573 filing; ODATE may be an INTERIM notice and the Administrator may modify a schedule, so >60 is not automatically a violation"
25V210000,Honda (American Honda Motor Co.),2025-04-03,2025-05-23,50,7212,MFR,no,EXTERIOR LIGHTING:HEADLIGHTS,"lag = ODATE - RCDATE; 49 CFR 577.7(a)(1) sets 60 days from the part 573 filing; ODATE may be an INTERIM notice and the Administrator may modify a schedule, so >60 is not automatically a violation"
25V715000,"Chrysler (FCA US, LLC)",2025-10-21,2025-12-10,50,2195,MFR,no,EXTERIOR LIGHTING:HEADLIGHTS,"lag = ODATE - RCDATE; 49 CFR 577.7(a)(1) sets 60 days from the part 573 filing; ODATE may be an INTERIM notice and the Administrator may modify a schedule, so >60 is not automatically a violation"
25V856000,"General Motors, LLC",2025-12-11,2026-01-30,50,1120,MFR,no,AIR BAGS:FRONTAL:PASSENGER SIDE:INFLATOR MODULE,"lag = ODATE - RCDATE; 49 CFR 577.7(a)(1) sets 60 days from the part 573 filing; ODATE may be an INTERIM notice and the Administrator may modify a schedule, so >60 is not automatically a violation"
25V082000,"Volkswagen Group of America, Inc.",2025-02-12,2025-04-03,50,29569,MFR,no,BACK OVER PREVENTION:SOFTWARE,"lag = ODATE - RCDATE; 49 CFR 577.7(a)(1) sets 60 days from the part 573 filing; ODATE may be an INTERIM notice and the Administrator may modify a schedule, so >60 is not automatically a violation"
25V247000,"BMW of North America, LLC",2025-04-16,2025-06-05,50,26,MFR,no,"SERVICE BRAKES, HYDRAULIC:FOUNDATION COMPONENTS:DISC","lag = ODATE - RCDATE; 49 CFR 577.7(a)(1) sets 60 days from the part 573 filing; ODATE may be an INTERIM notice and the Administrator may modify a schedule, so >60 is not automatically a violation"
25V282000,"Volvo Car USA, LLC",2025-05-08,2025-06-27,50,413151,ODI,no,BACK OVER PREVENTION:SOFTWARE,"lag = ODATE - RCDATE; 49 CFR 577.7(a)(1) sets 60 days from the part 573 filing; ODATE may be an INTERIM notice and the Administrator may modify a schedule, so >60 is not automatically a violation"
25V472000,"Chrysler (FCA US, LLC)",2025-07-17,2025-09-05,50,121398,MFR,no,SEATS:MID/REAR ASSEMBLY:HEAD RESTRAINT,"lag = ODATE - RCDATE; 49 CFR 577.7(a)(1) sets 60 days from the part 573 filing; ODATE may be an INTERIM notice and the Administrator may modify a schedule, so >60 is not automatically a violation"
25V876000,Honda (American Honda Motor Co.),2025-12-17,2026-02-05,50,86,MFR,no,EQUIPMENT ADAPTIVE/MOBILITY:WHEELCHAIR RESTRAINTS/SECUREMENT:LATCH/ANCHOR:,"lag = ODATE - RCDATE; 49 CFR 577.7(a)(1) sets 60 days from the part 573 filing; ODATE may be an INTERIM notice and the Administrator may modify a schedule, so >60 is not automatically a violation"
25V845000,"Chrysler (FCA US, LLC)",2025-12-09,2026-01-28,50,313,MFR,no,EXTERIOR LIGHTING:HEADLIGHTS,"lag = ODATE - RCDATE; 49 CFR 577.7(a)(1) sets 60 days from the part 573 filing; ODATE may be an INTERIM notice and the Administrator may modify a schedule, so >60 is not automatically a violation"
26V169000,Hyundai Motor America,2026-03-19,2026-05-08,50,46787,MFR,no,SEAT BELTS:STATUS INDICATOR SWITCH,"lag = ODATE - RCDATE; 49 CFR 577.7(a)(1) sets 60 days from the part 573 filing; ODATE may be an INTERIM notice and the Administrator may modify a schedule, so >60 is not automatically a violation"
26V094000,Toyota Motor Corporation,2026-02-18,2026-04-09,50,4374,MFR,no,POWER TRAIN:AUTOMATIC TRANSMISSION,"lag = ODATE - RCDATE; 49 CFR 577.7(a)(1) sets 60 days from the part 573 filing; ODATE may be an INTERIM notice and the Administrator may modify a schedule, so >60 is not automatically a violation"
26V224000,"Chrysler (FCA US, LLC)",2026-04-09,2026-05-29,50,32,MFR,no,CHILD SEAT:VEHICLE TETHER ANCHOR,"lag = ODATE - RCDATE; 49 CFR 577.7(a)(1) sets 60 days from the part 573 filing; ODATE may be an INTERIM notice and the Administrator may modify a schedule, so >60 is not automatically a violation"
26V308000,Hyundai Motor America,2026-05-14,2026-07-03,50,54337,MFR,no,ELECTRICAL SYSTEM:PROPULSION SYSTEM:HYBRID MANAGEMENT:POWER CONTROL UNIT/MODULE (HPCU),"lag = ODATE - RCDATE; 49 CFR 577.7(a)(1) sets 60 days from the part 573 filing; ODATE may be an INTERIM notice and the Administrator may modify a schedule, so >60 is not automatically a violation"
26V141000,"Chrysler (FCA US, LLC)",2026-03-12,2026-05-01,50,11767,MFR,no,STRUCTURE:BODY:HATCHBACK/LIFTGATE:HINGE AND ATTACHMENTS,"lag = ODATE - RCDATE; 49 CFR 577.7(a)(1) sets 60 days from the part 573 filing; ODATE may be an INTERIM notice and the Administrator may modify a schedule, so >60 is not automatically a violation"
26V143000,"BMW of North America, LLC",2026-03-12,2026-05-01,50,102,MFR,no,SEAT BELTS:CRITICAL FASTENERS,"lag = ODATE - RCDATE; 49 CFR 577.7(a)(1) sets 60 days from the part 573 filing; ODATE may be an INTERIM notice and the Administrator may modify a schedule, so >60 is not automatically a violation"
26V452000,Hyundai Motor America,2026-07-14,2026-09-02,50,47787,MFR,no,SEAT BELTS: REAR/OTHER:BUCKLE ASSEMBLY,"lag = ODATE - RCDATE; 49 CFR 577.7(a)(1) sets 60 days from the part 573 filing; ODATE may be an INTERIM notice and the Administrator may modify a schedule, so >60 is not automatically a violation"
26V146000,Honda (American Honda Motor Co.),2026-03-12,2026-05-01,50,19406,MFR,no,STEERING:CRITICAL FASTENERS,"lag = ODATE - RCDATE; 49 CFR 577.7(a)(1) sets 60 days from the part 573 filing; ODATE may be an INTERIM notice and the Administrator may modify a schedule, so >60 is not automatically a violation"
26V369000,Ford Motor Company,2026-06-09,2026-07-29,50,257868,MFR,no,"FUEL SYSTEM, GASOLINE:STORAGE:EVAPORATIVE EMISSIONS:CANISTER","lag = ODATE - RCDATE; 49 CFR 577.7(a)(1) sets 60 days from the part 573 filing; ODATE may be an INTERIM notice and the Administrator may modify a schedule, so >60 is not automatically a violation"
24V560000,"Nissan North America, Inc.",2024-07-25,2024-09-12,49,1188,MFR,no,ELECTRICAL SYSTEM:PROPULSION SYSTEM:INVERTER,"lag = ODATE - RCDATE; 49 CFR 577.7(a)(1) sets 60 days from the part 573 filing; ODATE may be an INTERIM notice and the Administrator may modify a schedule, so >60 is not automatically a violation"
24V282000,Hyundai Motor America,2024-04-19,2024-06-07,49,31440,ODI,no,"FUEL SYSTEM, GASOLINE:DELIVERY:FUEL PUMP","lag = ODATE - RCDATE; 49 CFR 577.7(a)(1) sets 60 days from the part 573 filing; ODATE may be an INTERIM notice and the Administrator may modify a schedule, so >60 is not automatically a violation"
24V688000,"Mercedes-Benz USA, LLC",2024-09-13,2024-11-01,49,2025,MFR,no,EQUIPMENT:ELECTRICAL:INFOTAINMENT:SOFTWARE,"lag = ODATE - RCDATE; 49 CFR 577.7(a)(1) sets 60 days from the part 573 filing; ODATE may be an INTERIM notice and the Administrator may modify a schedule, so >60 is not automatically a violation"
24V115000,"Mercedes-Benz USA, LLC",2024-02-16,2024-04-05,49,31848,MFR,no,ELECTRICAL SYSTEM:WIRING:FUSES AND CIRCUIT BREAKERS,"lag = ODATE - RCDATE; 49 CFR 577.7(a)(1) sets 60 days from the part 573 filing; ODATE may be an INTERIM notice and the Administrator may modify a schedule, so >60 is not automatically a violation"
24V117000,"Mercedes-Benz USA, LLC",2024-02-16,2024-04-05,49,466,MFR,no,VEHICLE SPEED CONTROL:ACCELERATOR PEDAL,"lag = ODATE - RCDATE; 49 CFR 577.7(a)(1) sets 60 days from the part 573 filing; ODATE may be an INTERIM notice and the Administrator may modify a schedule, so >60 is not automatically a violation"
24V458000,"Rivian Automotive, LLC",2024-06-20,2024-08-08,49,666,MFR,no,EQUIPMENT:OTHER:LABELS,"lag = ODATE - RCDATE; 49 CFR 577.7(a)(1) sets 60 days from the part 573 filing; ODATE may be an INTERIM notice and the Administrator may modify a schedule, so >60 is not automatically a violation"
24V343000,"Porsche Cars North America, Inc.",2024-05-15,2024-07-03,49,14,MFR,no,POWER TRAIN:AUTOMATIC TRANSMISSION:GEAR POSITION INDICATION (PRNDL),"lag = ODATE - RCDATE; 49 CFR 577.7(a)(1) sets 60 days from the part 573 filing; ODATE may be an INTERIM notice and the Administrator may modify a schedule, so >60 is not automatically a violation"
24V446000,"Mercedes-Benz USA, LLC",2024-06-14,2024-08-02,49,1058,MFR,no,ELECTRICAL SYSTEM:WIRING:FUSES AND CIRCUIT BREAKERS,"lag = ODATE - RCDATE; 49 CFR 577.7(a)(1) sets 60 days from the part 573 filing; ODATE may be an INTERIM notice and the Administrator may modify a schedule, so >60 is not automatically a violation"
24V864000,Honda (American Honda Motor Co.),2024-11-15,2025-01-03,49,40481,MFR,no,"FUEL SYSTEM, GASOLINE:DELIVERY:FUEL PUMP","lag = ODATE - RCDATE; 49 CFR 577.7(a)(1) sets 60 days from the part 573 filing; ODATE may be an INTERIM notice and the Administrator may modify a schedule, so >60 is not automatically a violation"
24V960000,"Mercedes-Benz USA, LLC",2024-12-20,2025-02-07,49,1,MFR,no,AIR BAGS:CRITICAL FASTENERS,"lag = ODATE - RCDATE; 49 CFR 577.7(a)(1) sets 60 days from the part 573 filing; ODATE may be an INTERIM notice and the Administrator may modify a schedule, so >60 is not automatically a violation"
24V114000,Honda (American Honda Motor Co.),2024-02-15,2024-04-04,49,186,MFR,no,STEERING,"lag = ODATE - RCDATE; 49 CFR 577.7(a)(1) sets 60 days from the part 573 filing; ODATE may be an INTERIM notice and the Administrator may modify a schedule, so >60 is not automatically a violation"
24V371000,"Mercedes-Benz USA, LLC",2024-05-24,2024-07-12,49,18,MFR,no,SEATS,"lag = ODATE - RCDATE; 49 CFR 577.7(a)(1) sets 60 days from the part 573 filing; ODATE may be an INTERIM notice and the Administrator may modify a schedule, so >60 is not automatically a violation"
24V797000,"General Motors, LLC",2024-10-24,2024-12-12,49,463295,MFR,no,POWER TRAIN:AUTOMATIC TRANSMISSION:FLUID/LUBRICANT:VALVES/VALVE BODY,"lag = ODATE - RCDATE; 49 CFR 577.7(a)(1) sets 60 days from the part 573 filing; ODATE may be an INTERIM notice and the Administrator may modify a schedule, so >60 is not automatically a violation"
24V805000,Ford Motor Company,2024-10-25,2024-12-13,49,1075,MFR,no,POWER TRAIN:AXLE ASSEMBLY:AXLE SHAFT,"lag = ODATE - RCDATE; 49 CFR 577.7(a)(1) sets 60 days from the part 573 filing; ODATE may be an INTERIM notice and the Administrator may modify a schedule, so >60 is not automatically a violation"
24V911000,Toyota Motor Corporation,2024-12-05,2025-01-23,49,70,MFR,no,WHEELS:HUB,"lag = ODATE - RCDATE; 49 CFR 577.7(a)(1) sets 60 days from the part 573 filing; ODATE may be an INTERIM notice and the Administrator may modify a schedule, so >60 is not automatically a violation"
24V207000,"Mercedes-Benz USA, LLC",2024-03-15,2024-05-03,49,116020,MFR,no,ELECTRICAL SYSTEM:WIRING,"lag = ODATE - RCDATE; 49 CFR 577.7(a)(1) sets 60 days from the part 573 filing; ODATE may be an INTERIM notice and the Administrator may modify a schedule, so >60 is not automatically a violation"
24V124000,Toyota Motor Corporation,2024-02-21,2024-04-10,49,18616,MFR,no,BACK OVER PREVENTION:DISPLAY FUNCTION,"lag = ODATE - RCDATE; 49 CFR 577.7(a)(1) sets 60 days from the part 573 filing; ODATE may be an INTERIM notice and the Administrator may modify a schedule, so >60 is not automatically a violation"
24V131000,"Chrysler (FCA US, LLC)",2024-02-22,2024-04-11,49,250,MFR,no,STEERING:LINKAGES:KNUCKLE:SPINDLE:ARM,"lag = ODATE - RCDATE; 49 CFR 577.7(a)(1) sets 60 days from the part 573 filing; ODATE may be an INTERIM notice and the Administrator may modify a schedule, so >60 is not automatically a violation"
25V657000,Toyota Motor Corporation,2025-10-01,2025-11-19,49,393838,MFR,no,BACK OVER PREVENTION:SOFTWARE,"lag = ODATE - RCDATE; 49 CFR 577.7(a)(1) sets 60 days from the part 573 filing; ODATE may be an INTERIM notice and the Administrator may modify a schedule, so >60 is not automatically a violation"
25V546000,Ford Motor Company,2025-08-22,2025-10-10,49,105545,OVSC,no,EXTERIOR LIGHTING,"lag = ODATE - RCDATE; 49 CFR 577.7(a)(1) sets 60 days from the part 573 filing; ODATE may be an INTERIM notice and the Administrator may modify a schedule, so >60 is not automatically a violation"
25V887000,Ford Motor Company,2025-12-18,2026-02-05,49,2,MFR,no,BACK OVER PREVENTION:DISPLAY FUNCTION,"lag = ODATE - RCDATE; 49 CFR 577.7(a)(1) sets 60 days from the part 573 filing; ODATE may be an INTERIM notice and the Administrator may modify a schedule, so >60 is not automatically a violation"
25V720000,"Chrysler (FCA US, LLC)",2025-10-23,2025-12-11,49,300691,MFR,no,ENGINE AND ENGINE COOLING:COOLING SYSTEM:RADIATOR ASSEMBLY,"lag = ODATE - RCDATE; 49 CFR 577.7(a)(1) sets 60 days from the part 573 filing; ODATE may be an INTERIM notice and the Administrator may modify a schedule, so >60 is not automatically a violation"
25V028000,Toyota Motor Corporation,2025-01-22,2025-03-12,49,858,MFR,no,"FUEL SYSTEM, GASOLINE:DELIVERY:FUEL PUMP","lag = ODATE - RCDATE; 49 CFR 577.7(a)(1) sets 60 days from the part 573 filing; ODATE may be an INTERIM notice and the Administrator may modify a schedule, so >60 is not automatically a violation"
25V894000,"Mercedes-Benz USA, LLC",2025-12-19,2026-02-06,49,169,MFR,no,ELECTRICAL SYSTEM:PROPULSION SYSTEM:TRACTION BATTERY,"lag = ODATE - RCDATE; 49 CFR 577.7(a)(1) sets 60 days from the part 573 filing; ODATE may be an INTERIM notice and the Administrator may modify a schedule, so >60 is not automatically a violation"
25V023000,"Mercedes-Benz USA, LLC",2025-01-17,2025-03-07,49,165,MFR,no,TIRES,"lag = ODATE - RCDATE; 49 CFR 577.7(a)(1) sets 60 days from the part 573 filing; ODATE may be an INTERIM notice and the Administrator may modify a schedule, so >60 is not automatically a violation"
25V150000,"Mercedes-Benz USA, LLC",2025-03-07,2025-04-25,49,4,MFR,no,WHEELS:RIM,"lag = ODATE - RCDATE; 49 CFR 577.7(a)(1) sets 60 days from the part 573 filing; ODATE may be an INTERIM notice and the Administrator may modify a schedule, so >60 is not automatically a violation"
25V667000,"Chrysler (FCA US, LLC)",2025-10-07,2025-11-25,49,62910,MFR,no,BACK OVER PREVENTION:DISPLAY FUNCTION,"lag = ODATE - RCDATE; 49 CFR 577.7(a)(1) sets 60 days from the part 573 filing; ODATE may be an INTERIM notice and the Administrator may modify a schedule, so >60 is not automatically a violation"
26V394000,"General Motors, LLC",2026-06-18,2026-08-06,49,14540,MFR,no,SEATS:MID/REAR ASSEMBLY:POWER ADJUST,"lag = ODATE - RCDATE; 49 CFR 577.7(a)(1) sets 60 days from the part 573 filing; ODATE may be an INTERIM notice and the Administrator may modify a schedule, so >60 is not automatically a violation"
26V353000,"Mercedes-Benz USA, LLC",2026-05-29,2026-07-17,49,203,MFR,no,SEAT BELTS: REAR/OTHER:BUCKLE ASSEMBLY,"lag = ODATE - RCDATE; 49 CFR 577.7(a)(1) sets 60 days from the part 573 filing; ODATE may be an INTERIM notice and the Administrator may modify a schedule, so >60 is not automatically a violation"
26V389000,"Jaguar Land Rover North America, LLC",2026-06-12,2026-07-31,49,250857,MFR,no,AIR BAGS:FRONTAL,"lag = ODATE - RCDATE; 49 CFR 577.7(a)(1) sets 60 days from the part 573 filing; ODATE may be an INTERIM notice and the Administrator may modify a schedule, so >60 is not automatically a violation"
26V194000,Honda (American Honda Motor Co.),2026-03-26,2026-05-14,49,429,MFR,no,"FUEL SYSTEM, GASOLINE:DELIVERY:HOSES, LINES/PIPING, AND FITTINGS","lag = ODATE - RCDATE; 49 CFR 577.7(a)(1) sets 60 days from the part 573 filing; ODATE may be an INTERIM notice and the Administrator may modify a schedule, so >60 is not automatically a violation"
26V189000,"Chrysler (FCA US, LLC)",2026-03-26,2026-05-14,49,293264,MFR,no,AIR BAGS:SIDE/WINDOW:CURTAIN,"lag = ODATE - RCDATE; 49 CFR 577.7(a)(1) sets 60 days from the part 573 filing; ODATE may be an INTERIM notice and the Administrator may modify a schedule, so >60 is not automatically a violation"
26V114000,"General Motors, LLC",2026-02-26,2026-04-16,49,5861,MFR,no,EQUIPMENT:OTHER:OWNERS/SERVICE/OTHER MANUAL,"lag = ODATE - RCDATE; 49 CFR 577.7(a)(1) sets 60 days from the part 573 filing; ODATE may be an INTERIM notice and the Administrator may modify a schedule, so >60 is not automatically a violation"
26V458000,"Jaguar Land Rover North America, LLC",2026-07-16,2026-09-03,49,15535,MFR,no,BACK OVER PREVENTION: SENSING SYSTEM: CAMERA,"lag = ODATE - RCDATE; 49 CFR 577.7(a)(1) sets 60 days from the part 573 filing; ODATE may be an INTERIM notice and the Administrator may modify a schedule, so >60 is not automatically a violation"
24V798000,"Nissan North America, Inc.",2024-10-24,2024-12-11,48,4036,MFR,no,STRUCTURE:BODY:BUMPERS,"lag = ODATE - RCDATE; 49 CFR 577.7(a)(1) sets 60 days from the part 573 filing; ODATE may be an INTERIM notice and the Administrator may modify a schedule, so >60 is not automatically a violation"
25V678000,Ford Motor Company,2025-10-09,2025-11-26,48,405,MFR,no,STRUCTURE:INTERIOR PANELS:DASHBOARD,"lag = ODATE - RCDATE; 49 CFR 577.7(a)(1) sets 60 days from the part 573 filing; ODATE may be an INTERIM notice and the Administrator may modify a schedule, so >60 is not automatically a violation"
25V619000,"General Motors, LLC",2025-09-18,2025-11-05,48,12,MFR,no,"FUEL SYSTEM, DIESEL:STORAGE:TANK ASSEMBLY","lag = ODATE - RCDATE; 49 CFR 577.7(a)(1) sets 60 days from the part 573 filing; ODATE may be an INTERIM notice and the Administrator may modify a schedule, so >60 is not automatically a violation"
25V079000,"Porsche Cars North America, Inc.",2025-02-12,2025-04-01,48,878,MFR,no,EXTERIOR LIGHTING:LIGHTING CONTROL MODULE:SOFTWARE,"lag = ODATE - RCDATE; 49 CFR 577.7(a)(1) sets 60 days from the part 573 filing; ODATE may be an INTERIM notice and the Administrator may modify a schedule, so >60 is not automatically a violation"
25V741000,"Chrysler (FCA US, LLC)",2025-10-30,2025-12-17,48,320068,MFR,no,ELECTRICAL SYSTEM:PROPULSION SYSTEM:TRACTION BATTERY,"lag = ODATE - RCDATE; 49 CFR 577.7(a)(1) sets 60 days from the part 573 filing; ODATE may be an INTERIM notice and the Administrator may modify a schedule, so >60 is not automatically a violation"
25V911000,Honda (American Honda Motor Co.),2025-12-23,2026-02-09,48,2155,MFR,no,ELECTRICAL SYSTEM:WIRING,"lag = ODATE - RCDATE; 49 CFR 577.7(a)(1) sets 60 days from the part 573 filing; ODATE may be an INTERIM notice and the Administrator may modify a schedule, so >60 is not automatically a violation"
25V234000,Honda (American Honda Motor Co.),2025-04-10,2025-05-28,48,9,MFR,no,SUSPENSION:FRONT:STABILIZER BAR,"lag = ODATE - RCDATE; 49 CFR 577.7(a)(1) sets 60 days from the part 573 filing; ODATE may be an INTERIM notice and the Administrator may modify a schedule, so >60 is not automatically a violation"
25V654000,"Volvo Car USA, LLC",2025-09-30,2025-11-17,48,1119,MFR,no,STRUCTURE:BODY:HATCHBACK/LIFTGATE:SUPPORT DEVICE/STRUT,"lag = ODATE - RCDATE; 49 CFR 577.7(a)(1) sets 60 days from the part 573 filing; ODATE may be an INTERIM notice and the Administrator may modify a schedule, so >60 is not automatically a violation"
25V078000,"Porsche Cars North America, Inc.",2025-02-12,2025-04-01,48,279,MFR,no,SEAT BELTS: REAR/OTHER:BUCKLE ASSEMBLY,"lag = ODATE - RCDATE; 49 CFR 577.7(a)(1) sets 60 days from the part 573 filing; ODATE may be an INTERIM notice and the Administrator may modify a schedule, so >60 is not automatically a violation"
25V645000,"Jaguar Land Rover North America, LLC",2025-09-25,2025-11-12,48,3818,MFR,no,BACK OVER PREVENTION: SENSING SYSTEM: CAMERA,"lag = ODATE - RCDATE; 49 CFR 577.7(a)(1) sets 60 days from the part 573 filing; ODATE may be an INTERIM notice and the Administrator may modify a schedule, so >60 is not automatically a violation"
26V212000,"General Motors, LLC",2026-04-02,2026-05-20,48,276879,MFR,no,BACK OVER PREVENTION: SENSING SYSTEM: CAMERA,"lag = ODATE - RCDATE; 49 CFR 577.7(a)(1) sets 60 days from the part 573 filing; ODATE may be an INTERIM notice and the Administrator may modify a schedule, so >60 is not automatically a violation"
26V005000,"Jaguar Land Rover North America, LLC",2026-01-09,2026-02-26,48,8,MFR,no,EQUIPMENT:OTHER:LABELS,"lag = ODATE - RCDATE; 49 CFR 577.7(a)(1) sets 60 days from the part 573 filing; ODATE may be an INTERIM notice and the Administrator may modify a schedule, so >60 is not automatically a violation"
26V080000,"Nissan North America, Inc.",2026-02-11,2026-03-31,48,323917,ODI,no,ENGINE AND ENGINE COOLING:ENGINE:HARD PARTS INTERNAL/MECHANICAL,"lag = ODATE - RCDATE; 49 CFR 577.7(a)(1) sets 60 days from the part 573 filing; ODATE may be an INTERIM notice and the Administrator may modify a schedule, so >60 is not automatically a violation"
26V081000,"Nissan North America, Inc.",2026-02-11,2026-03-31,48,318782,ODI,no,ENGINE AND ENGINE COOLING:ENGINE:ENGINE CONTROL MODULE (ECU/ECM):SOFTWARE,"lag = ODATE - RCDATE; 49 CFR 577.7(a)(1) sets 60 days from the part 573 filing; ODATE may be an INTERIM notice and the Administrator may modify a schedule, so >60 is not automatically a violation"
26V356000,"Kia America, Inc.",2026-06-02,2026-07-20,48,6264,MFR,no,SEAT BELTS:FRONT,"lag = ODATE - RCDATE; 49 CFR 577.7(a)(1) sets 60 days from the part 573 filing; ODATE may be an INTERIM notice and the Administrator may modify a schedule, so >60 is not automatically a violation"
24V187000,Ford Motor Company,2024-03-08,2024-04-24,47,42652,MFR,no,"FUEL SYSTEM, GASOLINE:FUEL INJECTION SYSTEM","lag = ODATE - RCDATE; 49 CFR 577.7(a)(1) sets 60 days from the part 573 filing; ODATE may be an INTERIM notice and the Administrator may modify a schedule, so >60 is not automatically a violation"
24V129000,"Chrysler (FCA US, LLC)",2024-02-22,2024-04-09,47,27744,MFR,no,SEAT BELTS:FRONT:BUCKLE ASSEMBLY,"lag = ODATE - RCDATE; 49 CFR 577.7(a)(1) sets 60 days from the part 573 filing; ODATE may be an INTERIM notice and the Administrator may modify a schedule, so >60 is not automatically a violation"
24V778000,Ford Motor Company,2024-10-18,2024-12-04,47,6,MFR,no,CHILD SEAT:VEHICLE TETHER ANCHOR,"lag = ODATE - RCDATE; 49 CFR 577.7(a)(1) sets 60 days from the part 573 filing; ODATE may be an INTERIM notice and the Administrator may modify a schedule, so >60 is not automatically a violation"
24V125000,Toyota Motor Corporation,2024-02-21,2024-04-08,47,280663,MFR,no,POWER TRAIN:AUTOMATIC TRANSMISSION,"lag = ODATE - RCDATE; 49 CFR 577.7(a)(1) sets 60 days from the part 573 filing; ODATE may be an INTERIM notice and the Administrator may modify a schedule, so >60 is not automatically a violation"
24V494000,Ford Motor Company,2024-06-28,2024-08-14,47,2718,MFR,no,STEERING:LINKAGES:TIE ROD ASSEMBLY,"lag = ODATE - RCDATE; 49 CFR 577.7(a)(1) sets 60 days from the part 573 filing; ODATE may be an INTERIM notice and the Administrator may modify a schedule, so >60 is not automatically a violation"
24V540000,Honda (American Honda Motor Co.),2024-07-18,2024-09-03,47,39,MFR,no,SUSPENSION:FRONT:CONTROL ARM:LOWER ARM,"lag = ODATE - RCDATE; 49 CFR 577.7(a)(1) sets 60 days from the part 573 filing; ODATE may be an INTERIM notice and the Administrator may modify a schedule, so >60 is not automatically a violation"
24V465000,"Volkswagen Group of America, Inc.",2024-06-20,2024-08-06,47,9653,MFR,no,"SERVICE BRAKES, AIR:SUPPLY:HOSES, LINES/PIPING, AND FITTINGS","lag = ODATE - RCDATE; 49 CFR 577.7(a)(1) sets 60 days from the part 573 filing; ODATE may be an INTERIM notice and the Administrator may modify a schedule, so >60 is not automatically a violation"
24V827000,"Rivian Automotive, LLC",2024-11-01,2024-12-18,47,5128,MFR,no,ELECTRICAL SYSTEM:SOFTWARE,"lag = ODATE - RCDATE; 49 CFR 577.7(a)(1) sets 60 days from the part 573 filing; ODATE may be an INTERIM notice and the Administrator may modify a schedule, so >60 is not automatically a violation"
24V163000,"Jaguar Land Rover North America, LLC",2024-02-29,2024-04-16,47,47,MFR,no,STRUCTURE:BODY,"lag = ODATE - RCDATE; 49 CFR 577.7(a)(1) sets 60 days from the part 573 filing; ODATE may be an INTERIM notice and the Administrator may modify a schedule, so >60 is not automatically a violation"
25V056000,Honda (American Honda Motor Co.),2025-02-05,2025-03-24,47,1494,ODI,no,SEAT BELTS:REAR/OTHER,"lag = ODATE - RCDATE; 49 CFR 577.7(a)(1) sets 60 days from the part 573 filing; ODATE may be an INTERIM notice and the Administrator may modify a schedule, so >60 is not automatically a violation"
25V533000,"Mercedes-Benz USA, LLC",2025-08-20,2025-10-06,47,3749,MFR,no,STEERING:CRITICAL FASTENERS,"lag = ODATE - RCDATE; 49 CFR 577.7(a)(1) sets 60 days from the part 573 filing; ODATE may be an INTERIM notice and the Administrator may modify a schedule, so >60 is not automatically a violation"
25V358000,Honda (American Honda Motor Co.),2025-05-29,2025-07-15,47,1016,MFR,no,ENGINE AND ENGINE COOLING:ENGINE:OIL/LUBRICATION,"lag = ODATE - RCDATE; 49 CFR 577.7(a)(1) sets 60 days from the part 573 filing; ODATE may be an INTERIM notice and the Administrator may modify a schedule, so >60 is not automatically a violation"
25V040000,Toyota Motor Corporation,2025-01-29,2025-03-17,47,1716,MFR,no,AIR BAGS:FRONTAL:DRIVER CLOCKSPRING/SPIRAL CASSETTE,"lag = ODATE - RCDATE; 49 CFR 577.7(a)(1) sets 60 days from the part 573 filing; ODATE may be an INTERIM notice and the Administrator may modify a schedule, so >60 is not automatically a violation"
25V086000,Toyota Motor Corporation,2025-02-13,2025-04-01,47,167802,MFR,no,SEATS:MID/REAR ASSEMBLY:RECLINER,"lag = ODATE - RCDATE; 49 CFR 577.7(a)(1) sets 60 days from the part 573 filing; ODATE may be an INTERIM notice and the Administrator may modify a schedule, so >60 is not automatically a violation"
25V705000,"Jaguar Land Rover North America, LLC",2025-10-16,2025-12-02,47,293,MFR,no,POWER TRAIN:AUTOMATIC TRANSMISSION:GEAR POSITION INDICATION (PRNDL),"lag = ODATE - RCDATE; 49 CFR 577.7(a)(1) sets 60 days from the part 573 filing; ODATE may be an INTERIM notice and the Administrator may modify a schedule, so >60 is not automatically a violation"
26V018000,"Lucid USA, Inc.",2026-01-16,2026-03-04,47,3900,MFR,no,BACK OVER PREVENTION:SOFTWARE,"lag = ODATE - RCDATE; 49 CFR 577.7(a)(1) sets 60 days from the part 573 filing; ODATE may be an INTERIM notice and the Administrator may modify a schedule, so >60 is not automatically a violation"
26V017000,"Lucid USA, Inc.",2026-01-16,2026-03-04,47,10816,MFR,no,BACK OVER PREVENTION:SOFTWARE,"lag = ODATE - RCDATE; 49 CFR 577.7(a)(1) sets 60 days from the part 573 filing; ODATE may be an INTERIM notice and the Administrator may modify a schedule, so >60 is not automatically a violation"
26V227000,Honda (American Honda Motor Co.),2026-04-09,2026-05-26,47,440830,ODI,no,AIR BAGS: AIR BAG/RESTRAINT CONTROL MODULE:SOFTWARE,"lag = ODATE - RCDATE; 49 CFR 577.7(a)(1) sets 60 days from the part 573 filing; ODATE may be an INTERIM notice and the Administrator may modify a schedule, so >60 is not automatically a violation"
24V744000,Honda (American Honda Motor Co.),2024-10-03,2024-11-18,46,1693199,ODI,no,STEERING,"lag = ODATE - RCDATE; 49 CFR 577.7(a)(1) sets 60 days from the part 573 filing; ODATE may be an INTERIM notice and the Administrator may modify a schedule, so >60 is not automatically a violation"
24V200000,"Kia America, Inc.",2024-03-14,2024-04-29,46,48232,ODI,no,ELECTRICAL SYSTEM:12V/24V/48V BATTERY,"lag = ODATE - RCDATE; 49 CFR 577.7(a)(1) sets 60 days from the part 573 filing; ODATE may be an INTERIM notice and the Administrator may modify a schedule, so >60 is not automatically a violation"
24V023000,"Jaguar Land Rover North America, LLC",2024-01-18,2024-03-04,46,58729,MFR,no,BACK OVER PREVENTION: SENSING SYSTEM: CAMERA,"lag = ODATE - RCDATE; 49 CFR 577.7(a)(1) sets 60 days from the part 573 filing; ODATE may be an INTERIM notice and the Administrator may modify a schedule, so >60 is not automatically a violation"
24V520000,"Mercedes-Benz USA, LLC",2024-07-08,2024-08-23,46,7,MFR,no,STRUCTURE:INTERIOR PANELS:DASHBOARD,"lag = ODATE - RCDATE; 49 CFR 577.7(a)(1) sets 60 days from the part 573 filing; ODATE may be an INTERIM notice and the Administrator may modify a schedule, so >60 is not automatically a violation"
24V950000,Honda (American Honda Motor Co.),2024-12-19,2025-02-03,46,167,MFR,no,"FUEL SYSTEM, GASOLINE:STORAGE:TANK ASSEMBLY","lag = ODATE - RCDATE; 49 CFR 577.7(a)(1) sets 60 days from the part 573 filing; ODATE may be an INTERIM notice and the Administrator may modify a schedule, so >60 is not automatically a violation"
24V529000,Hyundai Motor America,2024-07-11,2024-08-26,46,12349,MFR,no,POWER TRAIN:AUTOMATIC TRANSMISSION:CONTROL MODULE:SOFTWARE,"lag = ODATE - RCDATE; 49 CFR 577.7(a)(1) sets 60 days from the part 573 filing; ODATE may be an INTERIM notice and the Administrator may modify a schedule, so >60 is not automatically a violation"
24V134000,"Jaguar Land Rover North America, LLC",2024-02-22,2024-04-08,46,2015,MFR,no,EXTERIOR LIGHTING:TURN SIGNAL,"lag = ODATE - RCDATE; 49 CFR 577.7(a)(1) sets 60 days from the part 573 filing; ODATE may be an INTERIM notice and the Administrator may modify a schedule, so >60 is not automatically a violation"
25V391000,Honda (American Honda Motor Co.),2025-06-12,2025-07-28,46,259033,MFR,no,"SERVICE BRAKES, HYDRAULIC:PEDALS AND LINKAGES","lag = ODATE - RCDATE; 49 CFR 577.7(a)(1) sets 60 days from the part 573 filing; ODATE may be an INTERIM notice and the Administrator may modify a schedule, so >60 is not automatically a violation"
25V016000,"Jaguar Land Rover North America, LLC",2025-01-16,2025-03-03,46,28370,MFR,no,BACK OVER PREVENTION:SOFTWARE,"lag = ODATE - RCDATE; 49 CFR 577.7(a)(1) sets 60 days from the part 573 filing; ODATE may be an INTERIM notice and the Administrator may modify a schedule, so >60 is not automatically a violation"
25V099000,"Kia America, Inc.",2025-02-17,2025-04-04,46,137256,ODI,no,ENGINE AND ENGINE COOLING:ENGINE:HARD PARTS INTERNAL/MECHANICAL,"lag = ODATE - RCDATE; 49 CFR 577.7(a)(1) sets 60 days from the part 573 filing; ODATE may be an INTERIM notice and the Administrator may modify a schedule, so >60 is not automatically a violation"
25V518000,Ford Motor Company,2025-08-08,2025-09-23,46,482,MFR,no,VISIBILITY:POWER WINDOW DEVICES AND CONTROLS,"lag = ODATE - RCDATE; 49 CFR 577.7(a)(1) sets 60 days from the part 573 filing; ODATE may be an INTERIM notice and the Administrator may modify a schedule, so >60 is not automatically a violation"
26V046000,"Kia America, Inc.",2026-01-26,2026-03-13,46,42677,MFR,no,ELECTRICAL SYSTEM: INSTRUMENT CLUSTER/PANEL,"lag = ODATE - RCDATE; 49 CFR 577.7(a)(1) sets 60 days from the part 573 filing; ODATE may be an INTERIM notice and the Administrator may modify a schedule, so >60 is not automatically a violation"
26V332000,Honda (American Honda Motor Co.),2026-05-21,2026-07-06,46,98892,MFR,no,AIR BAGS:SENSOR:OCCUPANT CLASSIFICATION:FRONT PASSENGER,"lag = ODATE - RCDATE; 49 CFR 577.7(a)(1) sets 60 days from the part 573 filing; ODATE may be an INTERIM notice and the Administrator may modify a schedule, so >60 is not automatically a violation"
26V009000,"Rivian Automotive, LLC",2026-01-15,2026-03-02,46,869,MFR,no,SEAT BELTS:REAR/OTHER:RETRACTOR,"lag = ODATE - RCDATE; 49 CFR 577.7(a)(1) sets 60 days from the part 573 filing; ODATE may be an INTERIM notice and the Administrator may modify a schedule, so >60 is not automatically a violation"
24V582000,"Nissan North America, Inc.",2024-08-06,2024-09-20,45,1119,MFR,no,EXTERIOR LIGHTING:HEADLIGHTS,"lag = ODATE - RCDATE; 49 CFR 577.7(a)(1) sets 60 days from the part 573 filing; ODATE may be an INTERIM notice and the Administrator may modify a schedule, so >60 is not automatically a violation"
24V634000,Ford Motor Company,2024-08-23,2024-10-07,45,24,MFR,no,"FUEL SYSTEM, GASOLINE:FUEL INJECTION SYSTEM:INJECTORS","lag = ODATE - RCDATE; 49 CFR 577.7(a)(1) sets 60 days from the part 573 filing; ODATE may be an INTERIM notice and the Administrator may modify a schedule, so >60 is not automatically a violation"
24V580000,"Nissan North America, Inc.",2024-08-05,2024-09-19,45,7,MFR,no,AIR BAGS: AIR BAG/RESTRAINT CONTROL MODULE,"lag = ODATE - RCDATE; 49 CFR 577.7(a)(1) sets 60 days from the part 573 filing; ODATE may be an INTERIM notice and the Administrator may modify a schedule, so >60 is not automatically a violation"
25V582000,Honda (American Honda Motor Co.),2025-09-05,2025-10-20,45,17330,ODI,no,STEERING:ELECTRIC POWER ASSIST SYSTEM,"lag = ODATE - RCDATE; 49 CFR 577.7(a)(1) sets 60 days from the part 573 filing; ODATE may be an INTERIM notice and the Administrator may modify a schedule, so >60 is not automatically a violation"
25V124000,Ford Motor Company,2025-02-28,2025-04-14,45,141,MFR,no,"SERVICE BRAKES, HYDRAULIC:ANTILOCK/TRACTION CONTROL/ELECTRONIC LIMITED SLIP:CONTROL UNIT/MODULE","lag = ODATE - RCDATE; 49 CFR 577.7(a)(1) sets 60 days from the part 573 filing; ODATE may be an INTERIM notice and the Administrator may modify a schedule, so >60 is not automatically a violation"
25V519000,Ford Motor Company,2025-08-08,2025-09-22,45,3270,MFR,no,EXTERIOR LIGHTING:LIGHTING CONTROL MODULE,"lag = ODATE - RCDATE; 49 CFR 577.7(a)(1) sets 60 days from the part 573 filing; ODATE may be an INTERIM notice and the Administrator may modify a schedule, so >60 is not automatically a violation"
25V220000,"Porsche Cars North America, Inc.",2025-04-08,2025-05-23,45,8571,MFR,no,BACK OVER PREVENTION:SOFTWARE,"lag = ODATE - RCDATE; 49 CFR 577.7(a)(1) sets 60 days from the part 573 filing; ODATE may be an INTERIM notice and the Administrator may modify a schedule, so >60 is not automatically a violation"
25V163000,Ford Motor Company,2025-03-14,2025-04-28,45,11621,MFR,no,POWER TRAIN:AUTOMATIC TRANSMISSION:GEAR POSITION INDICATION (PRNDL),"lag = ODATE - RCDATE; 49 CFR 577.7(a)(1) sets 60 days from the part 573 filing; ODATE may be an INTERIM notice and the Administrator may modify a schedule, so >60 is not automatically a violation"
26V282000,Toyota Motor Corporation,2026-05-04,2026-06-18,45,94,MFR,no,EQUIPMENT:OTHER:LABELS,"lag = ODATE - RCDATE; 49 CFR 577.7(a)(1) sets 60 days from the part 573 filing; ODATE may be an INTERIM notice and the Administrator may modify a schedule, so >60 is not automatically a violation"
24V176000,"Nissan North America, Inc.",2024-03-05,2024-04-18,44,12019,MFR,no,SEAT BELTS:PRETENSIONER,"lag = ODATE - RCDATE; 49 CFR 577.7(a)(1) sets 60 days from the part 573 filing; ODATE may be an INTERIM notice and the Administrator may modify a schedule, so >60 is not automatically a violation"
25V831000,Ford Motor Company,2025-12-01,2026-01-14,44,1195,MFR,no,EXTERIOR LIGHTING,"lag = ODATE - RCDATE; 49 CFR 577.7(a)(1) sets 60 days from the part 573 filing; ODATE may be an INTERIM notice and the Administrator may modify a schedule, so >60 is not automatically a violation"
26V358000,"Chrysler (FCA US, LLC)",2026-06-02,2026-07-16,44,141,MFR,no,AIR BAGS:FRONTAL,"lag = ODATE - RCDATE; 49 CFR 577.7(a)(1) sets 60 days from the part 573 filing; ODATE may be an INTERIM notice and the Administrator may modify a schedule, so >60 is not automatically a violation"
26V470000,Ford Motor Company,2026-07-21,2026-09-03,44,76748,MFR,no,SEATS:FRONT ASSEMBLY:POWER ADJUST,"lag = ODATE - RCDATE; 49 CFR 577.7(a)(1) sets 60 days from the part 573 filing; ODATE may be an INTERIM notice and the Administrator may modify a schedule, so >60 is not automatically a violation"
24V674000,"General Motors, LLC",2024-09-12,2024-10-25,43,449671,MFR,no,"SERVICE BRAKES, HYDRAULIC:POWER ASSIST:ELECTRIC:CONTROL MODULE:SOFTWARE","lag = ODATE - RCDATE; 49 CFR 577.7(a)(1) sets 60 days from the part 573 filing; ODATE may be an INTERIM notice and the Administrator may modify a schedule, so >60 is not automatically a violation"
24V896000,"Chrysler (FCA US, LLC)",2024-11-27,2025-01-09,43,317630,ODI,no,"SERVICE BRAKES, HYDRAULIC:ANTILOCK/TRACTION CONTROL/ELECTRONIC LIMITED SLIP:CONTROL UNIT/MODULE","lag = ODATE - RCDATE; 49 CFR 577.7(a)(1) sets 60 days from the part 573 filing; ODATE may be an INTERIM notice and the Administrator may modify a schedule, so >60 is not automatically a violation"
24V154000,"Nissan North America, Inc.",2024-02-27,2024-04-10,43,351,MFR,no,AIR BAGS:FRONTAL:DRIVER SIDE:INFLATOR MODULE,"lag = ODATE - RCDATE; 49 CFR 577.7(a)(1) sets 60 days from the part 573 filing; ODATE may be an INTERIM notice and the Administrator may modify a schedule, so >60 is not automatically a violation"
24V621000,"Volkswagen Group of America, Inc.",2024-08-19,2024-10-01,43,1453,MFR,no,"SERVICE BRAKES, HYDRAULIC:PEDALS AND LINKAGES","lag = ODATE - RCDATE; 49 CFR 577.7(a)(1) sets 60 days from the part 573 filing; ODATE may be an INTERIM notice and the Administrator may modify a schedule, so >60 is not automatically a violation"
24V643000,"Volkswagen Group of America, Inc.",2024-08-28,2024-10-10,43,837,MFR,no,AIR BAGS:FRONTAL:PASSENGER SIDE:INFLATOR MODULE,"lag = ODATE - RCDATE; 49 CFR 577.7(a)(1) sets 60 days from the part 573 filing; ODATE may be an INTERIM notice and the Administrator may modify a schedule, so >60 is not automatically a violation"
24V836000,"Lucid USA, Inc.",2024-11-05,2024-12-18,43,1539,MFR,no,ELECTRICAL SYSTEM:PROPULSION SYSTEM,"lag = ODATE - RCDATE; 49 CFR 577.7(a)(1) sets 60 days from the part 573 filing; ODATE may be an INTERIM notice and the Administrator may modify a schedule, so >60 is not automatically a violation"
24V133000,"General Motors, LLC",2024-02-22,2024-04-05,43,55755,ODI,no,ELECTRICAL SYSTEM:ADAS:DRIVER MONITORING:CAMERA/SENSOR,"lag = ODATE - RCDATE; 49 CFR 577.7(a)(1) sets 60 days from the part 573 filing; ODATE may be an INTERIM notice and the Administrator may modify a schedule, so >60 is not automatically a violation"
25V577000,Toyota Motor Corporation,2025-09-04,2025-10-17,43,94320,MFR,no,VISIBILITY:DEFROSTER/DEFOGGER/HVAC SYSTEM,"lag = ODATE - RCDATE; 49 CFR 577.7(a)(1) sets 60 days from the part 573 filing; ODATE may be an INTERIM notice and the Administrator may modify a schedule, so >60 is not automatically a violation"
25V797000,Hyundai Motor America,2025-11-17,2025-12-30,43,1535,MFR,no,SEAT BELTS:FRONT:RETRACTOR,"lag = ODATE - RCDATE; 49 CFR 577.7(a)(1) sets 60 days from the part 573 filing; ODATE may be an INTERIM notice and the Administrator may modify a schedule, so >60 is not automatically a violation"
25V886000,Ford Motor Company,2025-12-18,2026-01-30,43,890,MFR,no,ELECTRICAL SYSTEM: INSTRUMENT CLUSTER/PANEL,"lag = ODATE - RCDATE; 49 CFR 577.7(a)(1) sets 60 days from the part 573 filing; ODATE may be an INTERIM notice and the Administrator may modify a schedule, so >60 is not automatically a violation"
26V059000,"Chrysler (FCA US, LLC)",2026-02-02,2026-03-17,43,456287,MFR,no,ELECTRICAL SYSTEM: INTEGRATED TRAILER BRAKE CONTROL,"lag = ODATE - RCDATE; 49 CFR 577.7(a)(1) sets 60 days from the part 573 filing; ODATE may be an INTERIM notice and the Administrator may modify a schedule, so >60 is not automatically a violation"
26V374000,Ford Motor Company,2026-06-09,2026-07-22,43,18124,MFR,no,VISIBILITY:POWER WINDOW DEVICES AND CONTROLS,"lag = ODATE - RCDATE; 49 CFR 577.7(a)(1) sets 60 days from the part 573 filing; ODATE may be an INTERIM notice and the Administrator may modify a schedule, so >60 is not automatically a violation"
26V003000,"Rivian Automotive, LLC",2026-01-05,2026-02-17,43,19641,ODI,no,SUSPENSION:CRITICAL FASTENERS,"lag = ODATE - RCDATE; 49 CFR 577.7(a)(1) sets 60 days from the part 573 filing; ODATE may be an INTERIM notice and the Administrator may modify a schedule, so >60 is not automatically a violation"
26V258000,"Volkswagen Group of America, Inc.",2026-04-22,2026-06-04,43,38710,MFR,no,"FUEL SYSTEM, GASOLINE:DELIVERY:PRESSURE SENSOR","lag = ODATE - RCDATE; 49 CFR 577.7(a)(1) sets 60 days from the part 573 filing; ODATE may be an INTERIM notice and the Administrator may modify a schedule, so >60 is not automatically a violation"
24V118000,"Mercedes-Benz USA, LLC",2024-02-16,2024-03-29,42,105071,MFR,no,POWER TRAIN:AUTOMATIC TRANSMISSION:CONTROL MODULE:SOFTWARE,"lag = ODATE - RCDATE; 49 CFR 577.7(a)(1) sets 60 days from the part 573 filing; ODATE may be an INTERIM notice and the Administrator may modify a schedule, so >60 is not automatically a violation"
24V614000,Honda (American Honda Motor Co.),2024-08-15,2024-09-26,42,4174,MFR,no,"SERVICE BRAKES, HYDRAULIC:ANTILOCK/TRACTION CONTROL/ELECTRONIC LIMITED SLIP:CONTROL UNIT/MODULE","lag = ODATE - RCDATE; 49 CFR 577.7(a)(1) sets 60 days from the part 573 filing; ODATE may be an INTERIM notice and the Administrator may modify a schedule, so >60 is not automatically a violation"
24V677000,"Jaguar Land Rover North America, LLC",2024-09-12,2024-10-24,42,5,MFR,no,FORWARD COLLISION AVOIDANCE: SENSING SYSTEM: CAMERA,"lag = ODATE - RCDATE; 49 CFR 577.7(a)(1) sets 60 days from the part 573 filing; ODATE may be an INTERIM notice and the Administrator may modify a schedule, so >60 is not automatically a violation"
24V100000,"Mercedes-Benz USA, LLC",2024-02-09,2024-03-22,42,12191,MFR,no,ELECTRICAL SYSTEM:WIRING,"lag = ODATE - RCDATE; 49 CFR 577.7(a)(1) sets 60 days from the part 573 filing; ODATE may be an INTERIM notice and the Administrator may modify a schedule, so >60 is not automatically a violation"
24V422000,"Kia America, Inc.",2024-06-07,2024-07-19,42,1075,MFR,no,STEERING:ELECTRIC POWER ASSIST SYSTEM,"lag = ODATE - RCDATE; 49 CFR 577.7(a)(1) sets 60 days from the part 573 filing; ODATE may be an INTERIM notice and the Administrator may modify a schedule, so >60 is not automatically a violation"
24V807000,"Mercedes-Benz USA, LLC",2024-10-25,2024-12-06,42,21,MFR,no,COMMUNICATION: AUTO CRASH NOTIFICATION,"lag = ODATE - RCDATE; 49 CFR 577.7(a)(1) sets 60 days from the part 573 filing; ODATE may be an INTERIM notice and the Administrator may modify a schedule, so >60 is not automatically a violation"
24V146000,Hyundai Motor America,2024-02-23,2024-04-05,42,186588,MFR,no,LATCHES/LOCKS/LINKAGES:TRUNK LID:LATCH,"lag = ODATE - RCDATE; 49 CFR 577.7(a)(1) sets 60 days from the part 573 filing; ODATE may be an INTERIM notice and the Administrator may modify a schedule, so >60 is not automatically a violation"
24V678000,"Jaguar Land Rover North America, LLC",2024-09-12,2024-10-24,42,180,MFR,no,FORWARD COLLISION AVOIDANCE: SENSING SYSTEM: CAMERA,"lag = ODATE - RCDATE; 49 CFR 577.7(a)(1) sets 60 days from the part 573 filing; ODATE may be an INTERIM notice and the Administrator may modify a schedule, so >60 is not automatically a violation"
24V170000,"Mercedes-Benz USA, LLC",2024-03-01,2024-04-12,42,9,MFR,no,VISIBILITY:DEFROSTER/DEFOGGER/HVAC SYSTEM,"lag = ODATE - RCDATE; 49 CFR 577.7(a)(1) sets 60 days from the part 573 filing; ODATE may be an INTERIM notice and the Administrator may modify a schedule, so >60 is not automatically a violation"
25V373000,Hyundai Motor America,2025-06-03,2025-07-15,42,10409,MFR,no,EXTERIOR LIGHTING:HEADLIGHTS,"lag = ODATE - RCDATE; 49 CFR 577.7(a)(1) sets 60 days from the part 573 filing; ODATE may be an INTERIM notice and the Administrator may modify a schedule, so >60 is not automatically a violation"
25V443000,Ford Motor Company,2025-06-27,2025-08-08,42,2,MFR,no,STRUCTURE,"lag = ODATE - RCDATE; 49 CFR 577.7(a)(1) sets 60 days from the part 573 filing; ODATE may be an INTERIM notice and the Administrator may modify a schedule, so >60 is not automatically a violation"
25V830000,"Mercedes-Benz USA, LLC",2025-12-01,2026-01-12,42,1899,MFR,no,BACK OVER PREVENTION:WARNINGS:EXTERNAL/PEDESTRIAN ALERT,"lag = ODATE - RCDATE; 49 CFR 577.7(a)(1) sets 60 days from the part 573 filing; ODATE may be an INTERIM notice and the Administrator may modify a schedule, so >60 is not automatically a violation"
25V575000,"Chrysler (FCA US, LLC)",2025-09-04,2025-10-16,42,8,MFR,no,STRUCTURE:BODY,"lag = ODATE - RCDATE; 49 CFR 577.7(a)(1) sets 60 days from the part 573 filing; ODATE may be an INTERIM notice and the Administrator may modify a schedule, so >60 is not automatically a violation"
25V878000,"General Motors, LLC",2025-12-18,2026-01-29,42,81177,MFR,no,BACK OVER PREVENTION:WARNINGS:EXTERNAL/PEDESTRIAN ALERT,"lag = ODATE - RCDATE; 49 CFR 577.7(a)(1) sets 60 days from the part 573 filing; ODATE may be an INTERIM notice and the Administrator may modify a schedule, so >60 is not automatically a violation"
25V129000,"Mercedes-Benz USA, LLC",2025-02-28,2025-04-11,42,2943,MFR,no,ELECTRICAL SYSTEM:PROPULSION SYSTEM,"lag = ODATE - RCDATE; 49 CFR 577.7(a)(1) sets 60 days from the part 573 filing; ODATE may be an INTERIM notice and the Administrator may modify a schedule, so >60 is not automatically a violation"
25V160000,Ford Motor Company,2025-03-14,2025-04-25,42,2290,MFR,no,BACK OVER PREVENTION:SOFTWARE,"lag = ODATE - RCDATE; 49 CFR 577.7(a)(1) sets 60 days from the part 573 filing; ODATE may be an INTERIM notice and the Administrator may modify a schedule, so >60 is not automatically a violation"
25V132000,Ford Motor Company,2025-02-28,2025-04-11,42,10952,MFR,no,ELECTRICAL SYSTEM: INTEGRATED TRAILER BRAKE CONTROL,"lag = ODATE - RCDATE; 49 CFR 577.7(a)(1) sets 60 days from the part 573 filing; ODATE may be an INTERIM notice and the Administrator may modify a schedule, so >60 is not automatically a violation"
25V624000,Hyundai Motor America,2025-09-18,2025-10-30,42,7855,MFR,no,STRUCTURE:EXTERIOR TRIM,"lag = ODATE - RCDATE; 49 CFR 577.7(a)(1) sets 60 days from the part 573 filing; ODATE may be an INTERIM notice and the Administrator may modify a schedule, so >60 is not automatically a violation"
25V889000,"Subaru of America, Inc.",2025-12-18,2026-01-29,42,5603,MFR,no,STRUCTURE:BODY:HATCHBACK/LIFTGATE:HINGE AND ATTACHMENTS,"lag = ODATE - RCDATE; 49 CFR 577.7(a)(1) sets 60 days from the part 573 filing; ODATE may be an INTERIM notice and the Administrator may modify a schedule, so >60 is not automatically a violation"
25V855000,"Lucid USA, Inc.",2025-12-10,2026-01-21,42,66,MFR,no,SEATS,"lag = ODATE - RCDATE; 49 CFR 577.7(a)(1) sets 60 days from the part 573 filing; ODATE may be an INTERIM notice and the Administrator may modify a schedule, so >60 is not automatically a violation"
25V059000,Toyota Motor Corporation,2025-02-06,2025-03-20,42,40922,MFR,no,SEAT BELTS:REAR/OTHER:WEBBING,"lag = ODATE - RCDATE; 49 CFR 577.7(a)(1) sets 60 days from the part 573 filing; ODATE may be an INTERIM notice and the Administrator may modify a schedule, so >60 is not automatically a violation"
25V130000,Ford Motor Company,2025-02-28,2025-04-11,42,626,ODI,no,ELECTRICAL SYSTEM:PROPULSION SYSTEM:TRACTION BATTERY:MANAGEMENT SYSTEM/ENERGY CONTROL MODULE (BMS/BECM):SOFTWARE,"lag = ODATE - RCDATE; 49 CFR 577.7(a)(1) sets 60 days from the part 573 filing; ODATE may be an INTERIM notice and the Administrator may modify a schedule, so >60 is not automatically a violation"
25V439000,Ford Motor Company,2025-06-27,2025-08-08,42,171,MFR,no,AIR BAGS:FRONTAL,"lag = ODATE - RCDATE; 49 CFR 577.7(a)(1) sets 60 days from the part 573 filing; ODATE may be an INTERIM notice and the Administrator may modify a schedule, so >60 is not automatically a violation"
25V127000,Ford Motor Company,2025-02-28,2025-04-11,42,2,MFR,no,ELECTRICAL SYSTEM:BODY CONTROL MODULE/BCM,"lag = ODATE - RCDATE; 49 CFR 577.7(a)(1) sets 60 days from the part 573 filing; ODATE may be an INTERIM notice and the Administrator may modify a schedule, so >60 is not automatically a violation"
25V133000,Ford Motor Company,2025-02-28,2025-04-11,42,207,MFR,no,POWER TRAIN:AUTOMATIC TRANSMISSION:CONTROL MODULE (TCM/PCM/TECM),"lag = ODATE - RCDATE; 49 CFR 577.7(a)(1) sets 60 days from the part 573 filing; ODATE may be an INTERIM notice and the Administrator may modify a schedule, so >60 is not automatically a violation"
25V159000,Ford Motor Company,2025-03-14,2025-04-25,42,49399,MFR,no,BACK OVER PREVENTION:SOFTWARE,"lag = ODATE - RCDATE; 49 CFR 577.7(a)(1) sets 60 days from the part 573 filing; ODATE may be an INTERIM notice and the Administrator may modify a schedule, so >60 is not automatically a violation"
25V166000,Ford Motor Company,2025-03-14,2025-04-25,42,4247,MFR,no,POWER TRAIN:DRIVELINE:DRIVESHAFT,"lag = ODATE - RCDATE; 49 CFR 577.7(a)(1) sets 60 days from the part 573 filing; ODATE may be an INTERIM notice and the Administrator may modify a schedule, so >60 is not automatically a violation"
25V242000,Ford Motor Company,2025-04-11,2025-05-23,42,4625,MFR,no,BACK OVER PREVENTION: SENSING SYSTEM: CAMERA,"lag = ODATE - RCDATE; 49 CFR 577.7(a)(1) sets 60 days from the part 573 filing; ODATE may be an INTERIM notice and the Administrator may modify a schedule, so >60 is not automatically a violation"
26V418000,Ford Motor Company,2026-06-30,2026-08-11,42,67842,MFR,no,VISIBILITY:WINDSHIELD WIPER/WASHER:MOTOR,"lag = ODATE - RCDATE; 49 CFR 577.7(a)(1) sets 60 days from the part 573 filing; ODATE may be an INTERIM notice and the Administrator may modify a schedule, so >60 is not automatically a violation"
26V051000,"Chrysler (FCA US, LLC)",2026-01-29,2026-03-12,42,80620,ODI,no,SUSPENSION:REAR:SPRINGS:COIL SPRINGS,"lag = ODATE - RCDATE; 49 CFR 577.7(a)(1) sets 60 days from the part 573 filing; ODATE may be an INTERIM notice and the Administrator may modify a schedule, so >60 is not automatically a violation"
26V072000,"Volvo Car USA, LLC",2026-02-06,2026-03-20,42,2758,ODI,no,LATCHES/LOCKS/LINKAGES,"lag = ODATE - RCDATE; 49 CFR 577.7(a)(1) sets 60 days from the part 573 filing; ODATE may be an INTERIM notice and the Administrator may modify a schedule, so >60 is not automatically a violation"
26V430000,"Kia America, Inc.",2026-07-02,2026-08-13,42,462869,MFR,no,SEATS:FRONT ASSEMBLY:POWER ADJUST,"lag = ODATE - RCDATE; 49 CFR 577.7(a)(1) sets 60 days from the part 573 filing; ODATE may be an INTERIM notice and the Administrator may modify a schedule, so >60 is not automatically a violation"
24V085000,"Jaguar Land Rover North America, LLC",2024-02-08,2024-03-20,41,100,MFR,no,ELECTRICAL SYSTEM:PROPULSION SYSTEM:TRACTION BATTERY,"lag = ODATE - RCDATE; 49 CFR 577.7(a)(1) sets 60 days from the part 573 filing; ODATE may be an INTERIM notice and the Administrator may modify a schedule, so >60 is not automatically a violation"
24V852000,Ford Motor Company,2024-11-08,2024-12-19,41,27678,MFR,no,EQUIPMENT:OTHER:LABELS,"lag = ODATE - RCDATE; 49 CFR 577.7(a)(1) sets 60 days from the part 573 filing; ODATE may be an INTERIM notice and the Administrator may modify a schedule, so >60 is not automatically a violation"
24V408000,"Rivian Automotive, LLC",2024-06-05,2024-07-16,41,1723,MFR,no,AIR BAGS:CRITICAL FASTENERS,"lag = ODATE - RCDATE; 49 CFR 577.7(a)(1) sets 60 days from the part 573 filing; ODATE may be an INTERIM notice and the Administrator may modify a schedule, so >60 is not automatically a violation"
24V562000,Hyundai Motor America,2024-07-25,2024-09-04,41,12612,MFR,no,ELECTRICAL SYSTEM:IGNITION:INTERLOCK/LOCKOUT,"lag = ODATE - RCDATE; 49 CFR 577.7(a)(1) sets 60 days from the part 573 filing; ODATE may be an INTERIM notice and the Administrator may modify a schedule, so >60 is not automatically a violation"
24V900000,Honda (American Honda Motor Co.),2024-11-27,2025-01-07,41,205760,MFR,no,"FUEL SYSTEM, GASOLINE:STORAGE:TANK ASSEMBLY:FILLER PIPE AND CAP","lag = ODATE - RCDATE; 49 CFR 577.7(a)(1) sets 60 days from the part 573 filing; ODATE may be an INTERIM notice and the Administrator may modify a schedule, so >60 is not automatically a violation"
24V703000,"General Motors, LLC",2024-09-19,2024-10-30,41,151,MFR,no,SEAT BELTS:CRITICAL FASTENERS,"lag = ODATE - RCDATE; 49 CFR 577.7(a)(1) sets 60 days from the part 573 filing; ODATE may be an INTERIM notice and the Administrator may modify a schedule, so >60 is not automatically a violation"
24V086000,"Jaguar Land Rover North America, LLC",2024-02-08,2024-03-20,41,2,MFR,no,ELECTRICAL SYSTEM:PROPULSION SYSTEM:TRACTION BATTERY,"lag = ODATE - RCDATE; 49 CFR 577.7(a)(1) sets 60 days from the part 573 filing; ODATE may be an INTERIM notice and the Administrator may modify a schedule, so >60 is not automatically a violation"
25V094000,Ford Motor Company,2025-02-14,2025-03-27,41,1635,MFR,no,EXTERIOR LIGHTING:TURN SIGNAL,"lag = ODATE - RCDATE; 49 CFR 577.7(a)(1) sets 60 days from the part 573 filing; ODATE may be an INTERIM notice and the Administrator may modify a schedule, so >60 is not automatically a violation"
25V508000,"Nissan North America, Inc.",2025-08-07,2025-09-17,41,13719,MFR,no,ENGINE AND ENGINE COOLING:ENGINE:ENGINE CONTROL MODULE (ECU/ECM):SOFTWARE,"lag = ODATE - RCDATE; 49 CFR 577.7(a)(1) sets 60 days from the part 573 filing; ODATE may be an INTERIM notice and the Administrator may modify a schedule, so >60 is not automatically a violation"
25V888000,Ford Motor Company,2025-12-18,2026-01-28,41,35,MFR,no,BACK OVER PREVENTION: SENSING SYSTEM: CAMERA,"lag = ODATE - RCDATE; 49 CFR 577.7(a)(1) sets 60 days from the part 573 filing; ODATE may be an INTERIM notice and the Administrator may modify a schedule, so >60 is not automatically a violation"
25V091000,Ford Motor Company,2025-02-14,2025-03-27,41,35328,MFR,no,VISIBILITY:REARVIEW MIRRORS/DEVICES:EXTERIOR,"lag = ODATE - RCDATE; 49 CFR 577.7(a)(1) sets 60 days from the part 573 filing; ODATE may be an INTERIM notice and the Administrator may modify a schedule, so >60 is not automatically a violation"
25V513000,Ford Motor Company,2025-08-08,2025-09-18,41,8,MFR,no,"SERVICE BRAKES, HYDRAULIC:ANTILOCK/TRACTION CONTROL/ELECTRONIC LIMITED SLIP:CONTROL UNIT/MODULE","lag = ODATE - RCDATE; 49 CFR 577.7(a)(1) sets 60 days from the part 573 filing; ODATE may be an INTERIM notice and the Administrator may modify a schedule, so >60 is not automatically a violation"
25V877000,Toyota Motor Corporation,2025-12-17,2026-01-27,41,1019,MFR,no,EQUIPMENT ADAPTIVE/MOBILITY:WHEELCHAIR RESTRAINTS/SECUREMENT:LATCH/ANCHOR:,"lag = ODATE - RCDATE; 49 CFR 577.7(a)(1) sets 60 days from the part 573 filing; ODATE may be an INTERIM notice and the Administrator may modify a schedule, so >60 is not automatically a violation"
25V226000,"Volkswagen Group of America, Inc.",2025-04-09,2025-05-20,41,98,MFR,no,BACK OVER PREVENTION:SOFTWARE,"lag = ODATE - RCDATE; 49 CFR 577.7(a)(1) sets 60 days from the part 573 filing; ODATE may be an INTERIM notice and the Administrator may modify a schedule, so >60 is not automatically a violation"
25V338000,Ford Motor Company,2025-05-23,2025-07-03,41,4442,MFR,no,SEAT BELTS:FRONT:WARNING LIGHT/DEVICES,"lag = ODATE - RCDATE; 49 CFR 577.7(a)(1) sets 60 days from the part 573 filing; ODATE may be an INTERIM notice and the Administrator may modify a schedule, so >60 is not automatically a violation"
25V024000,"Kia America, Inc.",2025-01-17,2025-02-27,41,80255,MFR,no,ELECTRICAL SYSTEM:WIRING,"lag = ODATE - RCDATE; 49 CFR 577.7(a)(1) sets 60 days from the part 573 filing; ODATE may be an INTERIM notice and the Administrator may modify a schedule, so >60 is not automatically a violation"
25V885000,Ford Motor Company,2025-12-18,2026-01-28,41,45047,MFR,no,EXTERIOR LIGHTING:LIGHTING CONTROL MODULE,"lag = ODATE - RCDATE; 49 CFR 577.7(a)(1) sets 60 days from the part 573 filing; ODATE may be an INTERIM notice and the Administrator may modify a schedule, so >60 is not automatically a violation"
25V155000,"Jaguar Land Rover North America, LLC",2025-03-12,2025-04-22,41,7276,MFR,no,SEAT BELTS: REAR/OTHER:BUCKLE ASSEMBLY,"lag = ODATE - RCDATE; 49 CFR 577.7(a)(1) sets 60 days from the part 573 filing; ODATE may be an INTERIM notice and the Administrator may modify a schedule, so >60 is not automatically a violation"
25V259000,Honda (American Honda Motor Co.),2025-04-17,2025-05-28,41,152800,MFR,no,INTERIOR LIGHTING,"lag = ODATE - RCDATE; 49 CFR 577.7(a)(1) sets 60 days from the part 573 filing; ODATE may be an INTERIM notice and the Administrator may modify a schedule, so >60 is not automatically a violation"
26V124000,Ford Motor Company,2026-03-03,2026-04-13,41,849310,MFR,no,BACK OVER PREVENTION:SOFTWARE,"lag = ODATE - RCDATE; 49 CFR 577.7(a)(1) sets 60 days from the part 573 filing; ODATE may be an INTERIM notice and the Administrator may modify a schedule, so >60 is not automatically a violation"
26V331000,"Nissan North America, Inc.",2026-05-21,2026-07-01,41,51598,MFR,no,ELECTRICAL SYSTEM: INSTRUMENT CLUSTER/PANEL,"lag = ODATE - RCDATE; 49 CFR 577.7(a)(1) sets 60 days from the part 573 filing; ODATE may be an INTERIM notice and the Administrator may modify a schedule, so >60 is not automatically a violation"
26V539000,"General Motors, LLC",2026-08-20,2026-09-30,41,306511,MFR,no,BACK OVER PREVENTION: SENSING SYSTEM: CAMERA,"lag = ODATE - RCDATE; 49 CFR 577.7(a)(1) sets 60 days from the part 573 filing; ODATE may be an INTERIM notice and the Administrator may modify a schedule, so >60 is not automatically a violation"
24V925000,"General Motors, LLC",2024-12-12,2025-01-21,40,7606,MFR,no,FORWARD COLLISION AVOIDANCE: WARNINGS:EXTERNAL/PEDESTRIAN ALERT,"lag = ODATE - RCDATE; 49 CFR 577.7(a)(1) sets 60 days from the part 573 filing; ODATE may be an INTERIM notice and the Administrator may modify a schedule, so >60 is not automatically a violation"
24V683000,Ford Motor Company,2024-09-13,2024-10-23,40,76,MFR,no,ELECTRICAL SYSTEM:BODY CONTROL MODULE/BCM,"lag = ODATE - RCDATE; 49 CFR 577.7(a)(1) sets 60 days from the part 573 filing; ODATE may be an INTERIM notice and the Administrator may modify a schedule, so >60 is not automatically a violation"
24V808000,"Mercedes-Benz USA, LLC",2024-10-25,2024-12-04,40,7,MFR,no,SEATS:CRITICAL FASTENERS,"lag = ODATE - RCDATE; 49 CFR 577.7(a)(1) sets 60 days from the part 573 filing; ODATE may be an INTERIM notice and the Administrator may modify a schedule, so >60 is not automatically a violation"
24V132000,"Chrysler (FCA US, LLC)",2024-02-22,2024-04-02,40,338238,MFR,no,SUSPENSION:FRONT:CONTROL ARM:UPPER BALL JOINT,"lag = ODATE - RCDATE; 49 CFR 577.7(a)(1) sets 60 days from the part 573 filing; ODATE may be an INTERIM notice and the Administrator may modify a schedule, so >60 is not automatically a violation"
24V294000,Ford Motor Company,2024-04-26,2024-06-05,40,1315,ODI,no,VISIBILITY:FIXED PANARAMIC ROOF/SKY LIGHT ASSEMBLY,"lag = ODATE - RCDATE; 49 CFR 577.7(a)(1) sets 60 days from the part 573 filing; ODATE may be an INTERIM notice and the Administrator may modify a schedule, so >60 is not automatically a violation"
25V158000,Ford Motor Company,2025-03-14,2025-04-23,40,48041,MFR,no,POWER TRAIN:AUTOMATIC TRANSMISSION:CONTROL MODULE (TCM/PCM/TECM),"lag = ODATE - RCDATE; 49 CFR 577.7(a)(1) sets 60 days from the part 573 filing; ODATE may be an INTERIM notice and the Administrator may modify a schedule, so >60 is not automatically a violation"
25V576000,"Chrysler (FCA US, LLC)",2025-09-04,2025-10-14,40,91787,ODI,no,ELECTRICAL SYSTEM:PROPULSION SYSTEM,"lag = ODATE - RCDATE; 49 CFR 577.7(a)(1) sets 60 days from the part 573 filing; ODATE may be an INTERIM notice and the Administrator may modify a schedule, so >60 is not automatically a violation"
25V573000,"Chrysler (FCA US, LLC)",2025-09-04,2025-10-14,40,985,OVSC,no,AIR BAGS:SIDE/WINDOW:CURTAIN,"lag = ODATE - RCDATE; 49 CFR 577.7(a)(1) sets 60 days from the part 573 filing; ODATE may be an INTERIM notice and the Administrator may modify a schedule, so >60 is not automatically a violation"
25V123000,Ford Motor Company,2025-02-28,2025-04-09,40,933,MFR,no,ELECTRICAL SYSTEM: INSTRUMENT CLUSTER/PANEL,"lag = ODATE - RCDATE; 49 CFR 577.7(a)(1) sets 60 days from the part 573 filing; ODATE may be an INTERIM notice and the Administrator may modify a schedule, so >60 is not automatically a violation"
25V313000,Ford Motor Company,2025-05-09,2025-06-18,40,6,MFR,no,ELECTRONIC STABILITY CONTROL (ESC),"lag = ODATE - RCDATE; 49 CFR 577.7(a)(1) sets 60 days from the part 573 filing; ODATE may be an INTERIM notice and the Administrator may modify a schedule, so >60 is not automatically a violation"
25V312000,Ford Motor Company,2025-05-09,2025-06-18,40,12219,MFR,no,BACK OVER PREVENTION: SENSING SYSTEM: CAMERA,"lag = ODATE - RCDATE; 49 CFR 577.7(a)(1) sets 60 days from the part 573 filing; ODATE may be an INTERIM notice and the Administrator may modify a schedule, so >60 is not automatically a violation"
25V095000,Ford Motor Company,2025-02-14,2025-03-26,40,2711,MFR,no,ELECTRICAL SYSTEM:BODY CONTROL MODULE:SOFTWARE,"lag = ODATE - RCDATE; 49 CFR 577.7(a)(1) sets 60 days from the part 573 filing; ODATE may be an INTERIM notice and the Administrator may modify a schedule, so >60 is not automatically a violation"
25V711000,"Mercedes-Benz USA, LLC",2025-10-17,2025-11-26,40,12,MFR,no,FORWARD COLLISION AVOIDANCE: SENSING SYSTEM: RADAR,"lag = ODATE - RCDATE; 49 CFR 577.7(a)(1) sets 60 days from the part 573 filing; ODATE may be an INTERIM notice and the Administrator may modify a schedule, so >60 is not automatically a violation"
26V410000,"Nissan North America, Inc.",2026-06-26,2026-08-05,40,946,MFR,no,POWER TRAIN:DRIVELINE:DRIVESHAFT,"lag = ODATE - RCDATE; 49 CFR 577.7(a)(1) sets 60 days from the part 573 filing; ODATE may be an INTERIM notice and the Administrator may modify a schedule, so >60 is not automatically a violation"
24V491000,"General Motors, LLC",2024-06-28,2024-08-06,39,8622,MFR,no,"FUEL SYSTEM, GASOLINE:DELIVERY:FUEL PUMP:MOUNTING PLATE/FLANGE","lag = ODATE - RCDATE; 49 CFR 577.7(a)(1) sets 60 days from the part 573 filing; ODATE may be an INTERIM notice and the Administrator may modify a schedule, so >60 is not automatically a violation"
25V092000,"Tesla, Inc.",2025-02-14,2025-03-25,39,376241,ODI,no,STEERING:ELECTRIC POWER ASSIST SYSTEM,"lag = ODATE - RCDATE; 49 CFR 577.7(a)(1) sets 60 days from the part 573 filing; ODATE may be an INTERIM notice and the Administrator may modify a schedule, so >60 is not automatically a violation"
25V585000,"Rivian Automotive, LLC",2025-09-08,2025-10-17,39,24214,ODI,no,FORWARD COLLISION AVOIDANCE: ADAPTIVE CRUISE CONTROL:SOFTWARE,"lag = ODATE - RCDATE; 49 CFR 577.7(a)(1) sets 60 days from the part 573 filing; ODATE may be an INTERIM notice and the Administrator may modify a schedule, so >60 is not automatically a violation"
25V169000,Ford Motor Company,2025-03-14,2025-04-22,39,567,MFR,no,POWER TRAIN:AUTOMATIC TRANSMISSION:CONTROL MODULE (TCM/PCM/TECM),"lag = ODATE - RCDATE; 49 CFR 577.7(a)(1) sets 60 days from the part 573 filing; ODATE may be an INTERIM notice and the Administrator may modify a schedule, so >60 is not automatically a violation"
25V096000,Ford Motor Company,2025-02-14,2025-03-25,39,332,MFR,no,STEERING:ELECTRIC POWER ASSIST SYSTEM,"lag = ODATE - RCDATE; 49 CFR 577.7(a)(1) sets 60 days from the part 573 filing; ODATE may be an INTERIM notice and the Administrator may modify a schedule, so >60 is not automatically a violation"
25V018000,Honda (American Honda Motor Co.),2025-01-16,2025-02-24,39,118,MFR,no,SUSPENSION:FRONT:STABILIZER BAR,"lag = ODATE - RCDATE; 49 CFR 577.7(a)(1) sets 60 days from the part 573 filing; ODATE may be an INTERIM notice and the Administrator may modify a schedule, so >60 is not automatically a violation"
25V165000,Ford Motor Company,2025-03-14,2025-04-22,39,33576,MFR,no,"FUEL SYSTEM, GASOLINE:FUEL INJECTION SYSTEM","lag = ODATE - RCDATE; 49 CFR 577.7(a)(1) sets 60 days from the part 573 filing; ODATE may be an INTERIM notice and the Administrator may modify a schedule, so >60 is not automatically a violation"
25V809000,Hyundai Motor America,2025-11-20,2025-12-29,39,258,MFR,no,AIR BAGS:SIDE/WINDOW:CURTAIN,"lag = ODATE - RCDATE; 49 CFR 577.7(a)(1) sets 60 days from the part 573 filing; ODATE may be an INTERIM notice and the Administrator may modify a schedule, so >60 is not automatically a violation"
25V107000,Honda (American Honda Motor Co.),2025-02-20,2025-03-31,39,507,MFR,no,POWER TRAIN:CRITICAL FASTENERS,"lag = ODATE - RCDATE; 49 CFR 577.7(a)(1) sets 60 days from the part 573 filing; ODATE may be an INTERIM notice and the Administrator may modify a schedule, so >60 is not automatically a violation"
25V060000,"General Motors, LLC",2025-02-06,2025-03-17,39,70768,ODI,no,STRUCTURE:BODY:BUMPERS:ACTIVE SHUTTERS/GRILL,"lag = ODATE - RCDATE; 49 CFR 577.7(a)(1) sets 60 days from the part 573 filing; ODATE may be an INTERIM notice and the Administrator may modify a schedule, so >60 is not automatically a violation"
25V032000,Honda (American Honda Motor Co.),2025-01-23,2025-03-03,39,9221,MFR,no,EQUIPMENT:ELECTRICAL:INFOTAINMENT:VIDEO (TOUCH)SCREEN/MONITOR/UNIT,"lag = ODATE - RCDATE; 49 CFR 577.7(a)(1) sets 60 days from the part 573 filing; ODATE may be an INTERIM notice and the Administrator may modify a schedule, so >60 is not automatically a violation"
25V435000,Honda (American Honda Motor Co.),2025-06-26,2025-08-04,39,255,MFR,no,TIRES,"lag = ODATE - RCDATE; 49 CFR 577.7(a)(1) sets 60 days from the part 573 filing; ODATE may be an INTERIM notice and the Administrator may modify a schedule, so >60 is not automatically a violation"
25V723000,Honda (American Honda Motor Co.),2025-10-23,2025-12-01,39,340,MFR,no,POWER TRAIN:CLUTCH ASSEMBLY:PEDAL/HAND LEVER(MOTORCYCLE),"lag = ODATE - RCDATE; 49 CFR 577.7(a)(1) sets 60 days from the part 573 filing; ODATE may be an INTERIM notice and the Administrator may modify a schedule, so >60 is not automatically a violation"
25V006000,"Kia America, Inc.",2025-01-13,2025-02-21,39,74469,MFR,no,ELECTRICAL SYSTEM:BODY CONTROL MODULE:SOFTWARE,"lag = ODATE - RCDATE; 49 CFR 577.7(a)(1) sets 60 days from the part 573 filing; ODATE may be an INTERIM notice and the Administrator may modify a schedule, so >60 is not automatically a violation"
26V054000,Honda (American Honda Motor Co.),2026-01-29,2026-03-09,39,32,MFR,no,SEATS:CRITICAL FASTENERS,"lag = ODATE - RCDATE; 49 CFR 577.7(a)(1) sets 60 days from the part 573 filing; ODATE may be an INTERIM notice and the Administrator may modify a schedule, so >60 is not automatically a violation"
26V346000,"Subaru of America, Inc.",2026-05-28,2026-07-06,39,69663,MFR,no,VISIBILITY:SUN/MOON ROOF ASSEMBLY,"lag = ODATE - RCDATE; 49 CFR 577.7(a)(1) sets 60 days from the part 573 filing; ODATE may be an INTERIM notice and the Administrator may modify a schedule, so >60 is not automatically a violation"
24V372000,"Mercedes-Benz USA, LLC",2024-05-28,2024-07-05,38,14912,MFR,no,ELECTRICAL SYSTEM:PROPULSION SYSTEM:TRACTION BATTERY:MANAGEMENT SYSTEM/ENERGY CONTROL MODULE (BMS/BECM):SOFTWARE,"lag = ODATE - RCDATE; 49 CFR 577.7(a)(1) sets 60 days from the part 573 filing; ODATE may be an INTERIM notice and the Administrator may modify a schedule, so >60 is not automatically a violation"
24V495000,"Lucid USA, Inc.",2024-06-28,2024-08-05,38,7506,MFR,no,VISIBILITY:DEFROSTER/DEFOGGER/HVAC SYSTEM,"lag = ODATE - RCDATE; 49 CFR 577.7(a)(1) sets 60 days from the part 573 filing; ODATE may be an INTERIM notice and the Administrator may modify a schedule, so >60 is not automatically a violation"
24V384000,Honda (American Honda Motor Co.),2024-05-31,2024-07-08,38,114686,MFR,no,BACK OVER PREVENTION:SOFTWARE,"lag = ODATE - RCDATE; 49 CFR 577.7(a)(1) sets 60 days from the part 573 filing; ODATE may be an INTERIM notice and the Administrator may modify a schedule, so >60 is not automatically a violation"
24V204000,Hyundai Motor America,2024-03-15,2024-04-22,38,99055,ODI,no,ELECTRICAL SYSTEM:12V/24V/48V BATTERY,"lag = ODATE - RCDATE; 49 CFR 577.7(a)(1) sets 60 days from the part 573 filing; ODATE may be an INTERIM notice and the Administrator may modify a schedule, so >60 is not automatically a violation"
25V168000,Ford Motor Company,2025-03-14,2025-04-21,38,471,MFR,no,VISIBILITY:DEFROSTER/DEFOGGER/HVAC SYSTEM,"lag = ODATE - RCDATE; 49 CFR 577.7(a)(1) sets 60 days from the part 573 filing; ODATE may be an INTERIM notice and the Administrator may modify a schedule, so >60 is not automatically a violation"
26V415000,Ford Motor Company,2026-06-30,2026-08-07,38,66383,MFR,no,FORWARD COLLISION AVOIDANCE: WARNINGS:EXTERNAL/PEDESTRIAN ALERT,"lag = ODATE - RCDATE; 49 CFR 577.7(a)(1) sets 60 days from the part 573 filing; ODATE may be an INTERIM notice and the Administrator may modify a schedule, so >60 is not automatically a violation"
26V370000,Ford Motor Company,2026-06-09,2026-07-17,38,4445,MFR,no,ELECTRICAL SYSTEM: INSTRUMENT CLUSTER/PANEL,"lag = ODATE - RCDATE; 49 CFR 577.7(a)(1) sets 60 days from the part 573 filing; ODATE may be an INTERIM notice and the Administrator may modify a schedule, so >60 is not automatically a violation"
26V373000,Ford Motor Company,2026-06-09,2026-07-17,38,91198,MFR,no,EXTERIOR LIGHTING:HEADLIGHTS,"lag = ODATE - RCDATE; 49 CFR 577.7(a)(1) sets 60 days from the part 573 filing; ODATE may be an INTERIM notice and the Administrator may modify a schedule, so >60 is not automatically a violation"
26V451000,Ford Motor Company,2026-07-14,2026-08-21,38,387911,MFR,no,SEATS:MID/REAR ASSEMBLY,"lag = ODATE - RCDATE; 49 CFR 577.7(a)(1) sets 60 days from the part 573 filing; ODATE may be an INTERIM notice and the Administrator may modify a schedule, so >60 is not automatically a violation"
24V053000,"Nissan North America, Inc.",2024-01-30,2024-03-07,37,6,MFR,no,"VISIBILITY:GLASS, SIDE/REAR","lag = ODATE - RCDATE; 49 CFR 577.7(a)(1) sets 60 days from the part 573 filing; ODATE may be an INTERIM notice and the Administrator may modify a schedule, so >60 is not automatically a violation"
24V969000,"Nissan North America, Inc.",2024-12-23,2025-01-29,37,89,MFR,no,ELECTRICAL SYSTEM:BODY CONTROL MODULE/BCM,"lag = ODATE - RCDATE; 49 CFR 577.7(a)(1) sets 60 days from the part 573 filing; ODATE may be an INTERIM notice and the Administrator may modify a schedule, so >60 is not automatically a violation"
24V010000,"Volvo Car USA, LLC",2024-01-10,2024-02-16,37,17409,MFR,no,ELECTRICAL SYSTEM:SOFTWARE,"lag = ODATE - RCDATE; 49 CFR 577.7(a)(1) sets 60 days from the part 573 filing; ODATE may be an INTERIM notice and the Administrator may modify a schedule, so >60 is not automatically a violation"
24V710000,"General Motors, LLC",2024-09-25,2024-11-01,37,527,MFR,no,EQUIPMENT:OTHER:LABELS,"lag = ODATE - RCDATE; 49 CFR 577.7(a)(1) sets 60 days from the part 573 filing; ODATE may be an INTERIM notice and the Administrator may modify a schedule, so >60 is not automatically a violation"
24V938000,"Volvo Car USA, LLC",2024-12-18,2025-01-24,37,2,MFR,no,AIR BAGS:FRONTAL:DRIVER SIDE:INFLATOR MODULE,"lag = ODATE - RCDATE; 49 CFR 577.7(a)(1) sets 60 days from the part 573 filing; ODATE may be an INTERIM notice and the Administrator may modify a schedule, so >60 is not automatically a violation"
24V306000,"Chrysler (FCA US, LLC)",2024-04-30,2024-06-06,37,261,MFR,no,"FUEL SYSTEM, GASOLINE:DELIVERY:PRESSURE SENSOR","lag = ODATE - RCDATE; 49 CFR 577.7(a)(1) sets 60 days from the part 573 filing; ODATE may be an INTERIM notice and the Administrator may modify a schedule, so >60 is not automatically a violation"
25V638000,"Volkswagen Group of America, Inc.",2025-09-24,2025-10-31,37,1042,MFR,no,SEAT BELTS:FRONT:RETRACTOR,"lag = ODATE - RCDATE; 49 CFR 577.7(a)(1) sets 60 days from the part 573 filing; ODATE may be an INTERIM notice and the Administrator may modify a schedule, so >60 is not automatically a violation"
25V365000,"Mercedes-Benz USA, LLC",2025-06-11,2025-07-18,37,127,MFR,no,EXTERIOR LIGHTING:HEADLIGHTS,"lag = ODATE - RCDATE; 49 CFR 577.7(a)(1) sets 60 days from the part 573 filing; ODATE may be an INTERIM notice and the Administrator may modify a schedule, so >60 is not automatically a violation"
24V583000,Hyundai Motor America,2024-08-07,2024-09-12,36,38331,MFR,no,EXTERIOR LIGHTING:BRAKE LIGHTS,"lag = ODATE - RCDATE; 49 CFR 577.7(a)(1) sets 60 days from the part 573 filing; ODATE may be an INTERIM notice and the Administrator may modify a schedule, so >60 is not automatically a violation"
24V795000,"General Motors, LLC",2024-10-24,2024-11-29,36,25,MFR,no,AIR BAGS:FRONTAL,"lag = ODATE - RCDATE; 49 CFR 577.7(a)(1) sets 60 days from the part 573 filing; ODATE may be an INTERIM notice and the Administrator may modify a schedule, so >60 is not automatically a violation"
24V039000,"BMW of North America, LLC",2024-01-24,2024-02-29,36,107,MFR,no,ELECTRICAL SYSTEM:PROPULSION SYSTEM,"lag = ODATE - RCDATE; 49 CFR 577.7(a)(1) sets 60 days from the part 573 filing; ODATE may be an INTERIM notice and the Administrator may modify a schedule, so >60 is not automatically a violation"
24V875000,"Volkswagen Group of America, Inc.",2024-11-20,2024-12-26,36,385,MFR,no,BACK OVER PREVENTION: SENSING SYSTEM: CAMERA,"lag = ODATE - RCDATE; 49 CFR 577.7(a)(1) sets 60 days from the part 573 filing; ODATE may be an INTERIM notice and the Administrator may modify a schedule, so >60 is not automatically a violation"
24V367000,"Rivian Automotive, LLC",2024-05-23,2024-06-28,36,2334,MFR,no,EXTERIOR LIGHTING:HEADLIGHTS,"lag = ODATE - RCDATE; 49 CFR 577.7(a)(1) sets 60 days from the part 573 filing; ODATE may be an INTERIM notice and the Administrator may modify a schedule, so >60 is not automatically a violation"
24V412000,Hyundai Motor America,2024-06-05,2024-07-11,36,795,MFR,no,STEERING:ELECTRIC POWER ASSIST SYSTEM,"lag = ODATE - RCDATE; 49 CFR 577.7(a)(1) sets 60 days from the part 573 filing; ODATE may be an INTERIM notice and the Administrator may modify a schedule, so >60 is not automatically a violation"
25V744000,Toyota Motor Corporation,2025-10-30,2025-12-05,36,1024407,MFR,no,BACK OVER PREVENTION:DISPLAY FUNCTION,"lag = ODATE - RCDATE; 49 CFR 577.7(a)(1) sets 60 days from the part 573 filing; ODATE may be an INTERIM notice and the Administrator may modify a schedule, so >60 is not automatically a violation"
25V269000,"Volkswagen Group of America, Inc.",2025-05-15,2025-06-20,36,5644,MFR,no,SEATS:MID/REAR ASSEMBLY,"lag = ODATE - RCDATE; 49 CFR 577.7(a)(1) sets 60 days from the part 573 filing; ODATE may be an INTERIM notice and the Administrator may modify a schedule, so >60 is not automatically a violation"
25V188000,"Nissan North America, Inc.",2025-04-17,2025-05-23,36,37003,MFR,no,EQUIPMENT:OTHER:LABELS,"lag = ODATE - RCDATE; 49 CFR 577.7(a)(1) sets 60 days from the part 573 filing; ODATE may be an INTERIM notice and the Administrator may modify a schedule, so >60 is not automatically a violation"
25V474000,Hyundai Motor America,2025-07-17,2025-08-22,36,4754,ODI,no,ELECTRICAL SYSTEM: INSTRUMENT CLUSTER/PANEL,"lag = ODATE - RCDATE; 49 CFR 577.7(a)(1) sets 60 days from the part 573 filing; ODATE may be an INTERIM notice and the Administrator may modify a schedule, so >60 is not automatically a violation"
25V291000,Hyundai Motor America,2025-05-06,2025-06-11,36,620,MFR,no,POWER TRAIN:AUTOMATIC TRANSMISSION:FLUID/LUBRICANT:PUMP,"lag = ODATE - RCDATE; 49 CFR 577.7(a)(1) sets 60 days from the part 573 filing; ODATE may be an INTERIM notice and the Administrator may modify a schedule, so >60 is not automatically a violation"
25V324000,"Nissan North America, Inc.",2025-06-04,2025-07-10,36,79755,MFR,no,BACK OVER PREVENTION:SOFTWARE,"lag = ODATE - RCDATE; 49 CFR 577.7(a)(1) sets 60 days from the part 573 filing; ODATE may be an INTERIM notice and the Administrator may modify a schedule, so >60 is not automatically a violation"
25V033000,"Subaru of America, Inc.",2025-01-23,2025-02-28,36,20366,MFR,no,WHEELS,"lag = ODATE - RCDATE; 49 CFR 577.7(a)(1) sets 60 days from the part 573 filing; ODATE may be an INTERIM notice and the Administrator may modify a schedule, so >60 is not automatically a violation"
26V296000,"Chrysler (FCA US, LLC)",2026-05-11,2026-06-16,36,476,MFR,no,EQUIPMENT ADAPTIVE/MOBILITY:WHEELCHAIR RESTRAINTS/SECUREMENT:CRITICAL FASTENERS,"lag = ODATE - RCDATE; 49 CFR 577.7(a)(1) sets 60 days from the part 573 filing; ODATE may be an INTERIM notice and the Administrator may modify a schedule, so >60 is not automatically a violation"
26V213000,"General Motors, LLC",2026-04-02,2026-05-08,36,32988,MFR,no,EXTERIOR LIGHTING:LIGHTING CONTROL MODULE:SOFTWARE,"lag = ODATE - RCDATE; 49 CFR 577.7(a)(1) sets 60 days from the part 573 filing; ODATE may be an INTERIM notice and the Administrator may modify a schedule, so >60 is not automatically a violation"
26V540000,"Lucid USA, Inc.",2026-08-20,2026-09-25,36,27185,MFR,no,ELECTRICAL SYSTEM:SOFTWARE,"lag = ODATE - RCDATE; 49 CFR 577.7(a)(1) sets 60 days from the part 573 filing; ODATE may be an INTERIM notice and the Administrator may modify a schedule, so >60 is not automatically a violation"
26V113000,"General Motors, LLC",2026-02-26,2026-04-03,36,17050,MFR,no,SUSPENSION:REAR,"lag = ODATE - RCDATE; 49 CFR 577.7(a)(1) sets 60 days from the part 573 filing; ODATE may be an INTERIM notice and the Administrator may modify a schedule, so >60 is not automatically a violation"
26V431000,"Kia America, Inc.",2026-07-02,2026-08-07,36,8,MFR,no,ELECTRICAL SYSTEM:PROPULSION SYSTEM:TRACTION BATTERY,"lag = ODATE - RCDATE; 49 CFR 577.7(a)(1) sets 60 days from the part 573 filing; ODATE may be an INTERIM notice and the Administrator may modify a schedule, so >60 is not automatically a violation"
24V941000,"Mercedes-Benz USA, LLC",2024-12-18,2025-01-22,35,17,MFR,no,POWER TRAIN:AXLE ASSEMBLY,"lag = ODATE - RCDATE; 49 CFR 577.7(a)(1) sets 60 days from the part 573 filing; ODATE may be an INTERIM notice and the Administrator may modify a schedule, so >60 is not automatically a violation"
24V415000,"Chrysler (FCA US, LLC)",2024-06-06,2024-07-11,35,211581,MFR,no,"SERVICE BRAKES, AIR:ANTILOCK:CONTROL UNIT/MODULE","lag = ODATE - RCDATE; 49 CFR 577.7(a)(1) sets 60 days from the part 573 filing; ODATE may be an INTERIM notice and the Administrator may modify a schedule, so >60 is not automatically a violation"
24V481000,"General Motors, LLC",2024-06-27,2024-08-01,35,72,MFR,no,ELECTRICAL SYSTEM:PROPULSION SYSTEM:TRACTION BATTERY,"lag = ODATE - RCDATE; 49 CFR 577.7(a)(1) sets 60 days from the part 573 filing; ODATE may be an INTERIM notice and the Administrator may modify a schedule, so >60 is not automatically a violation"
24V834000,"Volkswagen Group of America, Inc.",2024-10-30,2024-12-04,35,248330,ODI,no,AIR BAGS:FRONTAL:DRIVER SIDE:INFLATOR MODULE,"lag = ODATE - RCDATE; 49 CFR 577.7(a)(1) sets 60 days from the part 573 filing; ODATE may be an INTERIM notice and the Administrator may modify a schedule, so >60 is not automatically a violation"
24V584000,Hyundai Motor America,2024-08-07,2024-09-11,35,1488,MFR,no,BACK OVER PREVENTION: SENSING SYSTEM: CAMERA,"lag = ODATE - RCDATE; 49 CFR 577.7(a)(1) sets 60 days from the part 573 filing; ODATE may be an INTERIM notice and the Administrator may modify a schedule, so >60 is not automatically a violation"
24V937000,"General Motors, LLC",2024-12-18,2025-01-22,35,46,MFR,no,FORWARD COLLISION AVOIDANCE: WARNINGS:EXTERNAL/PEDESTRIAN ALERT,"lag = ODATE - RCDATE; 49 CFR 577.7(a)(1) sets 60 days from the part 573 filing; ODATE may be an INTERIM notice and the Administrator may modify a schedule, so >60 is not automatically a violation"
24V962000,"Kia America, Inc.",2024-12-20,2025-01-24,35,22883,MFR,no,SEATS:CRITICAL FASTENERS,"lag = ODATE - RCDATE; 49 CFR 577.7(a)(1) sets 60 days from the part 573 filing; ODATE may be an INTERIM notice and the Administrator may modify a schedule, so >60 is not automatically a violation"
24V597000,Ford Motor Company,2024-08-09,2024-09-13,35,70483,MFR,no,VISIBILITY:POWER WINDOW DEVICES AND CONTROLS,"lag = ODATE - RCDATE; 49 CFR 577.7(a)(1) sets 60 days from the part 573 filing; ODATE may be an INTERIM notice and the Administrator may modify a schedule, so >60 is not automatically a violation"
24V715000,"Chrysler (FCA US, LLC)",2024-09-26,2024-10-31,35,336,MFR,no,ELECTRICAL SYSTEM:PROPULSION SYSTEM:INVERTER,"lag = ODATE - RCDATE; 49 CFR 577.7(a)(1) sets 60 days from the part 573 filing; ODATE may be an INTERIM notice and the Administrator may modify a schedule, so >60 is not automatically a violation"
24V780000,"Mercedes-Benz USA, LLC",2024-10-18,2024-11-22,35,416,MFR,no,TIRES:SIDEWALL,"lag = ODATE - RCDATE; 49 CFR 577.7(a)(1) sets 60 days from the part 573 filing; ODATE may be an INTERIM notice and the Administrator may modify a schedule, so >60 is not automatically a violation"
24V770000,Ford Motor Company,2024-10-16,2024-11-20,35,2416,MFR,no,SUSPENSION:FRONT:CONTROL ARM:UPPER BALL JOINT,"lag = ODATE - RCDATE; 49 CFR 577.7(a)(1) sets 60 days from the part 573 filing; ODATE may be an INTERIM notice and the Administrator may modify a schedule, so >60 is not automatically a violation"
24V686000,"Rivian Automotive, LLC",2024-09-13,2024-10-18,35,33,MFR,no,STEERING:STEERING CONTROL MODULE,"lag = ODATE - RCDATE; 49 CFR 577.7(a)(1) sets 60 days from the part 573 filing; ODATE may be an INTERIM notice and the Administrator may modify a schedule, so >60 is not automatically a violation"
24V251000,"Volkswagen Group of America, Inc.",2024-04-03,2024-05-08,35,91,MFR,no,AIR BAGS:SENSOR:OCCUPANT CLASSIFICATION:FRONT PASSENGER,"lag = ODATE - RCDATE; 49 CFR 577.7(a)(1) sets 60 days from the part 573 filing; ODATE may be an INTERIM notice and the Administrator may modify a schedule, so >60 is not automatically a violation"
24V724000,"Mercedes-Benz USA, LLC",2024-09-27,2024-11-01,35,10655,MFR,no,ELECTRICAL SYSTEM:WIRING,"lag = ODATE - RCDATE; 49 CFR 577.7(a)(1) sets 60 days from the part 573 filing; ODATE may be an INTERIM notice and the Administrator may modify a schedule, so >60 is not automatically a violation"
24V497000,"Lucid USA, Inc.",2024-07-01,2024-08-05,35,5251,MFR,no,ELECTRICAL SYSTEM:PROPULSION SYSTEM:TRACTION BATTERY THERMAL:MANAGEMENT:SOFTWARE,"lag = ODATE - RCDATE; 49 CFR 577.7(a)(1) sets 60 days from the part 573 filing; ODATE may be an INTERIM notice and the Administrator may modify a schedule, so >60 is not automatically a violation"
24V184000,Honda (American Honda Motor Co.),2024-03-07,2024-04-11,35,245,MFR,no,STEERING:RACK AND PINION,"lag = ODATE - RCDATE; 49 CFR 577.7(a)(1) sets 60 days from the part 573 filing; ODATE may be an INTERIM notice and the Administrator may modify a schedule, so >60 is not automatically a violation"
25V370000,"Rivian Automotive, LLC",2025-06-03,2025-07-08,35,536,MFR,no,SEAT BELTS:FRONT:ANCHORAGE,"lag = ODATE - RCDATE; 49 CFR 577.7(a)(1) sets 60 days from the part 573 filing; ODATE may be an INTERIM notice and the Administrator may modify a schedule, so >60 is not automatically a violation"
25V105000,Hyundai Motor America,2025-02-19,2025-03-26,35,32594,MFR,no,ELECTRICAL SYSTEM: INSTRUMENT CLUSTER/PANEL,"lag = ODATE - RCDATE; 49 CFR 577.7(a)(1) sets 60 days from the part 573 filing; ODATE may be an INTERIM notice and the Administrator may modify a schedule, so >60 is not automatically a violation"
25V765000,"Chrysler (FCA US, LLC)",2025-11-06,2025-12-11,35,532,MFR,no,STEERING:STEERING CONTROL MODULE,"lag = ODATE - RCDATE; 49 CFR 577.7(a)(1) sets 60 days from the part 573 filing; ODATE may be an INTERIM notice and the Administrator may modify a schedule, so >60 is not automatically a violation"
25V846000,"Chrysler (FCA US, LLC)",2025-12-09,2026-01-13,35,5974,MFR,no,"SERVICE BRAKES, HYDRAULIC:PEDALS AND LINKAGES","lag = ODATE - RCDATE; 49 CFR 577.7(a)(1) sets 60 days from the part 573 filing; ODATE may be an INTERIM notice and the Administrator may modify a schedule, so >60 is not automatically a violation"
25V516000,Ford Motor Company,2025-08-08,2025-09-12,35,1,MFR,no,ELECTRICAL SYSTEM: INSTRUMENT CLUSTER/PANEL,"lag = ODATE - RCDATE; 49 CFR 577.7(a)(1) sets 60 days from the part 573 filing; ODATE may be an INTERIM notice and the Administrator may modify a schedule, so >60 is not automatically a violation"
25V345000,Ford Motor Company,2025-05-23,2025-06-27,35,1809,MFR,no,ENGINE,"lag = ODATE - RCDATE; 49 CFR 577.7(a)(1) sets 60 days from the part 573 filing; ODATE may be an INTERIM notice and the Administrator may modify a schedule, so >60 is not automatically a violation"
25V157000,Ford Motor Company,2025-03-14,2025-04-18,35,9,MFR,no,VISIBILITY:POWER WINDOW DEVICES AND CONTROLS,"lag = ODATE - RCDATE; 49 CFR 577.7(a)(1) sets 60 days from the part 573 filing; ODATE may be an INTERIM notice and the Administrator may modify a schedule, so >60 is not automatically a violation"
25V815000,"General Motors, LLC",2025-11-25,2025-12-30,35,3408,MFR,no,EQUIPMENT:OTHER:OWNERS/SERVICE/OTHER MANUAL,"lag = ODATE - RCDATE; 49 CFR 577.7(a)(1) sets 60 days from the part 573 filing; ODATE may be an INTERIM notice and the Administrator may modify a schedule, so >60 is not automatically a violation"
25V517000,Ford Motor Company,2025-08-08,2025-09-12,35,1278,MFR,no,EXTERIOR LIGHTING:LIGHTING CONTROL MODULE,"lag = ODATE - RCDATE; 49 CFR 577.7(a)(1) sets 60 days from the part 573 filing; ODATE may be an INTERIM notice and the Administrator may modify a schedule, so >60 is not automatically a violation"
25V340000,Ford Motor Company,2025-05-23,2025-06-27,35,197,MFR,no,TIRES:PRESSURE MONITORING AND REGULATING SYSTEMS,"lag = ODATE - RCDATE; 49 CFR 577.7(a)(1) sets 60 days from the part 573 filing; ODATE may be an INTERIM notice and the Administrator may modify a schedule, so >60 is not automatically a violation"
25V541000,Ford Motor Company,2025-08-22,2025-09-26,35,100900,MFR,no,AIR BAGS:SIDE/WINDOW:CURTAIN,"lag = ODATE - RCDATE; 49 CFR 577.7(a)(1) sets 60 days from the part 573 filing; ODATE may be an INTERIM notice and the Administrator may modify a schedule, so >60 is not automatically a violation"
25V688000,Ford Motor Company,2025-10-10,2025-11-14,35,84,MFR,no,EXTERIOR LIGHTING,"lag = ODATE - RCDATE; 49 CFR 577.7(a)(1) sets 60 days from the part 573 filing; ODATE may be an INTERIM notice and the Administrator may modify a schedule, so >60 is not automatically a violation"
25V819000,"General Motors, LLC",2025-11-25,2025-12-30,35,94,MFR,no,EQUIPMENT:OTHER:OWNERS/SERVICE/OTHER MANUAL,"lag = ODATE - RCDATE; 49 CFR 577.7(a)(1) sets 60 days from the part 573 filing; ODATE may be an INTERIM notice and the Administrator may modify a schedule, so >60 is not automatically a violation"
25V134000,Ford Motor Company,2025-02-28,2025-04-04,35,355,ODI,no,BACK OVER PREVENTION:SOFTWARE,"lag = ODATE - RCDATE; 49 CFR 577.7(a)(1) sets 60 days from the part 573 filing; ODATE may be an INTERIM notice and the Administrator may modify a schedule, so >60 is not automatically a violation"
26V530000,"General Motors, LLC",2026-08-13,2026-09-17,35,8,MFR,no,TIRES:PRESSURE MONITORING AND REGULATING SYSTEMS,"lag = ODATE - RCDATE; 49 CFR 577.7(a)(1) sets 60 days from the part 573 filing; ODATE may be an INTERIM notice and the Administrator may modify a schedule, so >60 is not automatically a violation"
26V266000,"Volkswagen Group of America, Inc.",2026-04-24,2026-05-29,35,7425,MFR,no,SEAT BELTS:PRETENSIONER,"lag = ODATE - RCDATE; 49 CFR 577.7(a)(1) sets 60 days from the part 573 filing; ODATE may be an INTERIM notice and the Administrator may modify a schedule, so >60 is not automatically a violation"
26V304000,"General Motors, LLC",2026-05-14,2026-06-18,35,2457,MFR,no,WHEELS:HUB,"lag = ODATE - RCDATE; 49 CFR 577.7(a)(1) sets 60 days from the part 573 filing; ODATE may be an INTERIM notice and the Administrator may modify a schedule, so >60 is not automatically a violation"
26V363000,"Chrysler (FCA US, LLC)",2026-06-04,2026-07-09,35,1076999,ODI,no,STEERING:HYDRAULIC POWER ASSIST:PUMP,"lag = ODATE - RCDATE; 49 CFR 577.7(a)(1) sets 60 days from the part 573 filing; ODATE may be an INTERIM notice and the Administrator may modify a schedule, so >60 is not automatically a violation"
26V316000,Hyundai Motor America,2026-05-18,2026-06-22,35,423062,ODI,no,FORWARD COLLISION AVOIDANCE: AUTOMATIC EMERGENCY BRAKING,"lag = ODATE - RCDATE; 49 CFR 577.7(a)(1) sets 60 days from the part 573 filing; ODATE may be an INTERIM notice and the Administrator may modify a schedule, so >60 is not automatically a violation"
24V087000,"General Motors, LLC",2024-02-08,2024-03-13,34,338,MFR,no,SEAT BELTS:REAR/OTHER,"lag = ODATE - RCDATE; 49 CFR 577.7(a)(1) sets 60 days from the part 573 filing; ODATE may be an INTERIM notice and the Administrator may modify a schedule, so >60 is not automatically a violation"
25V193000,"General Motors, LLC",2025-03-27,2025-04-30,34,10643,MFR,no,EQUIPMENT:OTHER:OWNERS/SERVICE/OTHER MANUAL,"lag = ODATE - RCDATE; 49 CFR 577.7(a)(1) sets 60 days from the part 573 filing; ODATE may be an INTERIM notice and the Administrator may modify a schedule, so >60 is not automatically a violation"
25V349000,Ford Motor Company,2025-05-23,2025-06-26,34,8,MFR,no,ELECTRICAL SYSTEM:PROPULSION SYSTEM:TRACTION BATTERY,"lag = ODATE - RCDATE; 49 CFR 577.7(a)(1) sets 60 days from the part 573 filing; ODATE may be an INTERIM notice and the Administrator may modify a schedule, so >60 is not automatically a violation"
25V745000,"Kia America, Inc.",2025-10-30,2025-12-03,34,45,MFR,no,TIRES:TEMPORARY/EMERGENCY SPARE TIRE,"lag = ODATE - RCDATE; 49 CFR 577.7(a)(1) sets 60 days from the part 573 filing; ODATE may be an INTERIM notice and the Administrator may modify a schedule, so >60 is not automatically a violation"
25V594000,"General Motors, LLC",2025-09-11,2025-10-15,34,1191,MFR,no,ELECTRONIC STABILITY CONTROL (ESC):CONTROL MODULE:SOFTWARE,"lag = ODATE - RCDATE; 49 CFR 577.7(a)(1) sets 60 days from the part 573 filing; ODATE may be an INTERIM notice and the Administrator may modify a schedule, so >60 is not automatically a violation"
25V065000,Hyundai Motor America,2025-02-06,2025-03-12,34,1587,MFR,no,"SERVICE BRAKES, HYDRAULIC:POWER ASSIST:ELECTRIC:CONTROL MODULE:SOFTWARE","lag = ODATE - RCDATE; 49 CFR 577.7(a)(1) sets 60 days from the part 573 filing; ODATE may be an INTERIM notice and the Administrator may modify a schedule, so >60 is not automatically a violation"
25V064000,Hyundai Motor America,2025-02-06,2025-03-12,34,33,MFR,no,AIR BAGS:SIDE/WINDOW,"lag = ODATE - RCDATE; 49 CFR 577.7(a)(1) sets 60 days from the part 573 filing; ODATE may be an INTERIM notice and the Administrator may modify a schedule, so >60 is not automatically a violation"
25V238000,Ford Motor Company,2025-04-11,2025-05-15,34,457,MFR,no,ELECTRICAL SYSTEM:PROPULSION SYSTEM:TRACTION BATTERY,"lag = ODATE - RCDATE; 49 CFR 577.7(a)(1) sets 60 days from the part 573 filing; ODATE may be an INTERIM notice and the Administrator may modify a schedule, so >60 is not automatically a violation"
25V704000,"General Motors, LLC",2025-10-16,2025-11-19,34,22914,MFR,no,TIRES:TREAD/BELT,"lag = ODATE - RCDATE; 49 CFR 577.7(a)(1) sets 60 days from the part 573 filing; ODATE may be an INTERIM notice and the Administrator may modify a schedule, so >60 is not automatically a violation"
25V872000,Toyota Motor Corporation,2025-12-17,2026-01-20,34,39,MFR,no,SEAT BELTS:REAR/OTHER:ANCHORAGE,"lag = ODATE - RCDATE; 49 CFR 577.7(a)(1) sets 60 days from the part 573 filing; ODATE may be an INTERIM notice and the Administrator may modify a schedule, so >60 is not automatically a violation"
25V348000,Ford Motor Company,2025-05-23,2025-06-26,34,10,MFR,no,EXTERIOR LIGHTING:BACK UP LIGHTS,"lag = ODATE - RCDATE; 49 CFR 577.7(a)(1) sets 60 days from the part 573 filing; ODATE may be an INTERIM notice and the Administrator may modify a schedule, so >60 is not automatically a violation"
25V237000,Ford Motor Company,2025-04-11,2025-05-15,34,1177,MFR,no,VISIBILITY:POWER WINDOW DEVICES AND CONTROLS,"lag = ODATE - RCDATE; 49 CFR 577.7(a)(1) sets 60 days from the part 573 filing; ODATE may be an INTERIM notice and the Administrator may modify a schedule, so >60 is not automatically a violation"
25V866000,Ford Motor Company,2025-12-12,2026-01-15,34,6819,MFR,no,POWER TRAIN:AXLE ASSEMBLY:AXLE SHAFT,"lag = ODATE - RCDATE; 49 CFR 577.7(a)(1) sets 60 days from the part 573 filing; ODATE may be an INTERIM notice and the Administrator may modify a schedule, so >60 is not automatically a violation"
26V031000,"General Motors, LLC",2026-01-22,2026-02-25,34,20,MFR,no,PARKING BRAKE,"lag = ODATE - RCDATE; 49 CFR 577.7(a)(1) sets 60 days from the part 573 filing; ODATE may be an INTERIM notice and the Administrator may modify a schedule, so >60 is not automatically a violation"
26V119000,Ford Motor Company,2026-03-03,2026-04-06,34,11431,MFR,no,POWER TRAIN:AXLE ASSEMBLY:AXLE SHAFT,"lag = ODATE - RCDATE; 49 CFR 577.7(a)(1) sets 60 days from the part 573 filing; ODATE may be an INTERIM notice and the Administrator may modify a schedule, so >60 is not automatically a violation"
26V325000,"General Motors, LLC",2026-05-21,2026-06-24,34,4315,MFR,no,AIR BAGS,"lag = ODATE - RCDATE; 49 CFR 577.7(a)(1) sets 60 days from the part 573 filing; ODATE may be an INTERIM notice and the Administrator may modify a schedule, so >60 is not automatically a violation"
26V129000,"General Motors, LLC",2026-03-05,2026-04-08,34,11807,MFR,no,"FUEL SYSTEM, GASOLINE:DELIVERY:FUEL PUMP:CONTROL/DRIVE MODULE","lag = ODATE - RCDATE; 49 CFR 577.7(a)(1) sets 60 days from the part 573 filing; ODATE may be an INTERIM notice and the Administrator may modify a schedule, so >60 is not automatically a violation"
26V372000,Ford Motor Company,2026-06-09,2026-07-13,34,2349,MFR,no,ELECTRICAL SYSTEM: INSTRUMENT CLUSTER/PANEL,"lag = ODATE - RCDATE; 49 CFR 577.7(a)(1) sets 60 days from the part 573 filing; ODATE may be an INTERIM notice and the Administrator may modify a schedule, so >60 is not automatically a violation"
24V812000,"General Motors, LLC",2024-10-31,2024-12-03,33,107,MFR,no,ELECTRICAL SYSTEM:PROPULSION SYSTEM:TRACTION BATTERY THERMAL:MANAGEMENT:SOFTWARE,"lag = ODATE - RCDATE; 49 CFR 577.7(a)(1) sets 60 days from the part 573 filing; ODATE may be an INTERIM notice and the Administrator may modify a schedule, so >60 is not automatically a violation"
24V944000,"Chrysler (FCA US, LLC)",2024-12-19,2025-01-21,33,79365,MFR,no,BACK OVER PREVENTION:SOFTWARE,"lag = ODATE - RCDATE; 49 CFR 577.7(a)(1) sets 60 days from the part 573 filing; ODATE may be an INTERIM notice and the Administrator may modify a schedule, so >60 is not automatically a violation"
24V512000,"Chrysler (FCA US, LLC)",2024-07-03,2024-08-05,33,9037,MFR,no,EQUIPMENT:OTHER:LABELS,"lag = ODATE - RCDATE; 49 CFR 577.7(a)(1) sets 60 days from the part 573 filing; ODATE may be an INTERIM notice and the Administrator may modify a schedule, so >60 is not automatically a violation"
24V592000,"Mercedes-Benz USA, LLC",2024-08-09,2024-09-11,33,16,MFR,no,"SERVICE BRAKES, HYDRAULIC:FOUNDATION COMPONENTS:HOSES, LINES/PIPING, AND FITTINGS","lag = ODATE - RCDATE; 49 CFR 577.7(a)(1) sets 60 days from the part 573 filing; ODATE may be an INTERIM notice and the Administrator may modify a schedule, so >60 is not automatically a violation"
24V238000,"Chrysler (FCA US, LLC)",2024-03-28,2024-04-30,33,223,MFR,no,VISIBILITY:WINDSHIELD:CRITICAL FASTENERS,"lag = ODATE - RCDATE; 49 CFR 577.7(a)(1) sets 60 days from the part 573 filing; ODATE may be an INTERIM notice and the Administrator may modify a schedule, so >60 is not automatically a violation"
24V142000,Ford Motor Company,2024-02-23,2024-03-27,33,7875,MFR,no,"VISIBILITY:GLASS, SIDE/REAR","lag = ODATE - RCDATE; 49 CFR 577.7(a)(1) sets 60 days from the part 573 filing; ODATE may be an INTERIM notice and the Administrator may modify a schedule, so >60 is not automatically a violation"
25V392000,"Volvo Car USA, LLC",2025-06-12,2025-07-15,33,11469,MFR,no,"SERVICE BRAKES, HYDRAULIC:POWER ASSIST:ELECTRIC:CONTROL MODULE:SOFTWARE","lag = ODATE - RCDATE; 49 CFR 577.7(a)(1) sets 60 days from the part 573 filing; ODATE may be an INTERIM notice and the Administrator may modify a schedule, so >60 is not automatically a violation"
25V403000,Ford Motor Company,2025-06-13,2025-07-16,33,48,MFR,no,EXTERIOR LIGHTING:LIGHTING CONTROL MODULE:SOFTWARE,"lag = ODATE - RCDATE; 49 CFR 577.7(a)(1) sets 60 days from the part 573 filing; ODATE may be an INTERIM notice and the Administrator may modify a schedule, so >60 is not automatically a violation"
25V346000,Ford Motor Company,2025-05-23,2025-06-25,33,556,MFR,no,ELECTRICAL SYSTEM:BODY CONTROL MODULE:SOFTWARE,"lag = ODATE - RCDATE; 49 CFR 577.7(a)(1) sets 60 days from the part 573 filing; ODATE may be an INTERIM notice and the Administrator may modify a schedule, so >60 is not automatically a violation"
25V022000,Ford Motor Company,2025-01-17,2025-02-19,33,3,MFR,no,STEERING,"lag = ODATE - RCDATE; 49 CFR 577.7(a)(1) sets 60 days from the part 573 filing; ODATE may be an INTERIM notice and the Administrator may modify a schedule, so >60 is not automatically a violation"
25V482000,Hyundai Motor America,2025-07-23,2025-08-25,33,10,MFR,no,ELECTRICAL SYSTEM:PROPULSION SYSTEM:TRACTION BATTERY,"lag = ODATE - RCDATE; 49 CFR 577.7(a)(1) sets 60 days from the part 573 filing; ODATE may be an INTERIM notice and the Administrator may modify a schedule, so >60 is not automatically a violation"
25V071000,"Volvo Car USA, LLC",2025-02-07,2025-03-12,33,2061,MFR,no,ELECTRICAL SYSTEM:SOFTWARE,"lag = ODATE - RCDATE; 49 CFR 577.7(a)(1) sets 60 days from the part 573 filing; ODATE may be an INTERIM notice and the Administrator may modify a schedule, so >60 is not automatically a violation"
25V104000,"Volvo Car USA, LLC",2025-02-19,2025-03-24,33,15,MFR,no,"VISIBILITY:GLASS, SIDE/REAR","lag = ODATE - RCDATE; 49 CFR 577.7(a)(1) sets 60 days from the part 573 filing; ODATE may be an INTERIM notice and the Administrator may modify a schedule, so >60 is not automatically a violation"
25V299000,"General Motors, LLC",2025-05-08,2025-06-10,33,32,MFR,no,SEATS:FRONT ASSEMBLY:HEAD RESTRAINT,"lag = ODATE - RCDATE; 49 CFR 577.7(a)(1) sets 60 days from the part 573 filing; ODATE may be an INTERIM notice and the Administrator may modify a schedule, so >60 is not automatically a violation"
25V379000,"Mercedes-Benz USA, LLC",2025-06-06,2025-07-09,33,92851,OVSC,no,STRUCTURE:BODY:ROOF AND PILLARS,"lag = ODATE - RCDATE; 49 CFR 577.7(a)(1) sets 60 days from the part 573 filing; ODATE may be an INTERIM notice and the Administrator may modify a schedule, so >60 is not automatically a violation"
26V104000,Ford Motor Company,2026-02-20,2026-03-25,33,4381878,MFR,no,ELECTRICAL SYSTEM: INTEGRATED TRAILER BRAKE CONTROL,"lag = ODATE - RCDATE; 49 CFR 577.7(a)(1) sets 60 days from the part 573 filing; ODATE may be an INTERIM notice and the Administrator may modify a schedule, so >60 is not automatically a violation"
24V659000,"Mercedes-Benz USA, LLC",2024-09-09,2024-10-11,32,134,MFR,no,LATCHES/LOCKS/LINKAGES:DOORS:LOCK,"lag = ODATE - RCDATE; 49 CFR 577.7(a)(1) sets 60 days from the part 573 filing; ODATE may be an INTERIM notice and the Administrator may modify a schedule, so >60 is not automatically a violation"
24V189000,Ford Motor Company,2024-03-08,2024-04-09,32,9847,MFR,no,LATCHES/LOCKS/LINKAGES:DOORS:LOCK,"lag = ODATE - RCDATE; 49 CFR 577.7(a)(1) sets 60 days from the part 573 filing; ODATE may be an INTERIM notice and the Administrator may modify a schedule, so >60 is not automatically a violation"
24V658000,"Mercedes-Benz USA, LLC",2024-09-09,2024-10-11,32,4,MFR,no,STRUCTURE:FRAME AND MEMBERS,"lag = ODATE - RCDATE; 49 CFR 577.7(a)(1) sets 60 days from the part 573 filing; ODATE may be an INTERIM notice and the Administrator may modify a schedule, so >60 is not automatically a violation"
24V868000,Hyundai Motor America,2024-11-18,2024-12-20,32,145642,ODI,no,ELECTRICAL SYSTEM:PROPULSION SYSTEM:CHARGING:MODULE:SOFTWARE,"lag = ODATE - RCDATE; 49 CFR 577.7(a)(1) sets 60 days from the part 573 filing; ODATE may be an INTERIM notice and the Administrator may modify a schedule, so >60 is not automatically a violation"
24V839000,"General Motors, LLC",2024-11-07,2024-12-09,32,77824,MFR,no,POWER TRAIN:AUTOMATIC TRANSMISSION:CONTROL MODULE:SOFTWARE,"lag = ODATE - RCDATE; 49 CFR 577.7(a)(1) sets 60 days from the part 573 filing; ODATE may be an INTERIM notice and the Administrator may modify a schedule, so >60 is not automatically a violation"
24V140000,Ford Motor Company,2024-02-23,2024-03-26,32,62813,MFR,no,ELECTRICAL SYSTEM: INSTRUMENT CLUSTER/PANEL,"lag = ODATE - RCDATE; 49 CFR 577.7(a)(1) sets 60 days from the part 573 filing; ODATE may be an INTERIM notice and the Administrator may modify a schedule, so >60 is not automatically a violation"
25V148000,"General Motors, LLC",2025-03-06,2025-04-07,32,90081,MFR,no,POWER TRAIN:AUTOMATIC TRANSMISSION,"lag = ODATE - RCDATE; 49 CFR 577.7(a)(1) sets 60 days from the part 573 filing; ODATE may be an INTERIM notice and the Administrator may modify a schedule, so >60 is not automatically a violation"
26V082000,"General Motors, LLC",2026-02-12,2026-03-16,32,22,MFR,no,BACK OVER PREVENTION:SOFTWARE,"lag = ODATE - RCDATE; 49 CFR 577.7(a)(1) sets 60 days from the part 573 filing; ODATE may be an INTERIM notice and the Administrator may modify a schedule, so >60 is not automatically a violation"
26V019000,Hyundai Motor America,2026-01-16,2026-02-17,32,83877,ODI,no,ELECTRICAL SYSTEM: INSTRUMENT CLUSTER/PANEL,"lag = ODATE - RCDATE; 49 CFR 577.7(a)(1) sets 60 days from the part 573 filing; ODATE may be an INTERIM notice and the Administrator may modify a schedule, so >60 is not automatically a violation"
24V920000,"Kia America, Inc.",2024-12-10,2025-01-10,31,1385,MFR,no,"FUEL SYSTEM, GASOLINE:DELIVERY:HOSES, LINES/PIPING, AND FITTINGS","lag = ODATE - RCDATE; 49 CFR 577.7(a)(1) sets 60 days from the part 573 filing; ODATE may be an INTERIM notice and the Administrator may modify a schedule, so >60 is not automatically a violation"
24V271000,"Kia America, Inc.",2024-04-16,2024-05-17,31,8,MFR,no,POWER TRAIN:DRIVELINE:DIFFERENTIAL UNIT,"lag = ODATE - RCDATE; 49 CFR 577.7(a)(1) sets 60 days from the part 573 filing; ODATE may be an INTERIM notice and the Administrator may modify a schedule, so >60 is not automatically a violation"
24V636000,Ford Motor Company,2024-08-23,2024-09-23,31,373,MFR,no,EQUIPMENT:OTHER:LABELS,"lag = ODATE - RCDATE; 49 CFR 577.7(a)(1) sets 60 days from the part 573 filing; ODATE may be an INTERIM notice and the Administrator may modify a schedule, so >60 is not automatically a violation"
25V339000,Ford Motor Company,2025-05-23,2025-06-23,31,3506,MFR,no,ELECTRICAL SYSTEM: INSTRUMENT CLUSTER/PANEL,"lag = ODATE - RCDATE; 49 CFR 577.7(a)(1) sets 60 days from the part 573 filing; ODATE may be an INTERIM notice and the Administrator may modify a schedule, so >60 is not automatically a violation"
25V415000,"Porsche Cars North America, Inc.",2025-07-15,2025-08-15,31,284,MFR,no,SUSPENSION:FRONT:MACPHERSON STRUT,"lag = ODATE - RCDATE; 49 CFR 577.7(a)(1) sets 60 days from the part 573 filing; ODATE may be an INTERIM notice and the Administrator may modify a schedule, so >60 is not automatically a violation"
26V433000,Toyota Motor Corporation,2026-07-06,2026-08-06,31,1,MFR,no,EQUIPMENT:OTHER:LABELS,"lag = ODATE - RCDATE; 49 CFR 577.7(a)(1) sets 60 days from the part 573 filing; ODATE may be an INTERIM notice and the Administrator may modify a schedule, so >60 is not automatically a violation"
26V173000,"Kia America, Inc.",2026-03-20,2026-04-20,31,568,MFR,no,SEATS:MID/REAR ASSEMBLY:POWER ADJUST,"lag = ODATE - RCDATE; 49 CFR 577.7(a)(1) sets 60 days from the part 573 filing; ODATE may be an INTERIM notice and the Administrator may modify a schedule, so >60 is not automatically a violation"
26V157000,Ford Motor Company,2026-03-17,2026-04-17,31,323,MFR,no,VISIBILITY:SUN/MOON ROOF ASSEMBLY,"lag = ODATE - RCDATE; 49 CFR 577.7(a)(1) sets 60 days from the part 573 filing; ODATE may be an INTERIM notice and the Administrator may modify a schedule, so >60 is not automatically a violation"
24V871000,"Chrysler (FCA US, LLC)",2024-11-19,2024-12-19,30,34,MFR,no,EXTERIOR LIGHTING,"lag = ODATE - RCDATE; 49 CFR 577.7(a)(1) sets 60 days from the part 573 filing; ODATE may be an INTERIM notice and the Administrator may modify a schedule, so >60 is not automatically a violation"
24V738000,"General Motors, LLC",2024-10-02,2024-11-01,30,25,MFR,no,AIR BAGS: AIR BAG/RESTRAINT CONTROL MODULE:SOFTWARE,"lag = ODATE - RCDATE; 49 CFR 577.7(a)(1) sets 60 days from the part 573 filing; ODATE may be an INTERIM notice and the Administrator may modify a schedule, so >60 is not automatically a violation"
26V375000,Ford Motor Company,2026-06-09,2026-07-09,30,10742,MFR,no,POWER TRAIN:AUTOMATIC TRANSMISSION:CONTROL MODULE (TCM/PCM/TECM),"lag = ODATE - RCDATE; 49 CFR 577.7(a)(1) sets 60 days from the part 573 filing; ODATE may be an INTERIM notice and the Administrator may modify a schedule, so >60 is not automatically a violation"
26V106000,"Subaru of America, Inc.",2026-02-23,2026-03-25,30,69870,MFR,no,"FUEL SYSTEM, GASOLINE:STORAGE:TANK ASSEMBLY:FILLER PIPE AND CAP","lag = ODATE - RCDATE; 49 CFR 577.7(a)(1) sets 60 days from the part 573 filing; ODATE may be an INTERIM notice and the Administrator may modify a schedule, so >60 is not automatically a violation"
26V549000,"Mitsubishi Motors North America, Inc.",2026-08-25,2026-09-24,30,67146,MFR,no,BACK OVER PREVENTION:SOFTWARE,"lag = ODATE - RCDATE; 49 CFR 577.7(a)(1) sets 60 days from the part 573 filing; ODATE may be an INTERIM notice and the Administrator may modify a schedule, so >60 is not automatically a violation"
24V091000,Ford Motor Company,2024-02-08,2024-03-08,29,121,MFR,no,SUSPENSION:FRONT:MACPHERSON STRUT,"lag = ODATE - RCDATE; 49 CFR 577.7(a)(1) sets 60 days from the part 573 filing; ODATE may be an INTERIM notice and the Administrator may modify a schedule, so >60 is not automatically a violation"
24V756000,"General Motors, LLC",2024-10-10,2024-11-08,29,2061,ODI,no,AIR BAGS:SIDE/WINDOW:CURTAIN:INFLATOR,"lag = ODATE - RCDATE; 49 CFR 577.7(a)(1) sets 60 days from the part 573 filing; ODATE may be an INTERIM notice and the Administrator may modify a schedule, so >60 is not automatically a violation"
24V428000,"Volkswagen Group of America, Inc.",2024-06-10,2024-07-09,29,65,MFR,no,"SERVICE BRAKES, AIR:SUPPLY:HOSES, LINES/PIPING, AND FITTINGS","lag = ODATE - RCDATE; 49 CFR 577.7(a)(1) sets 60 days from the part 573 filing; ODATE may be an INTERIM notice and the Administrator may modify a schedule, so >60 is not automatically a violation"
25V606000,Hyundai Motor America,2025-09-11,2025-10-10,29,31042,MFR,no,ELECTRICAL SYSTEM:PROPULSION SYSTEM:CHARGING:PORT,"lag = ODATE - RCDATE; 49 CFR 577.7(a)(1) sets 60 days from the part 573 filing; ODATE may be an INTERIM notice and the Administrator may modify a schedule, so >60 is not automatically a violation"
25V605000,Hyundai Motor America,2025-09-11,2025-10-10,29,8,MFR,no,SUSPENSION:CRITICAL FASTENERS,"lag = ODATE - RCDATE; 49 CFR 577.7(a)(1) sets 60 days from the part 573 filing; ODATE may be an INTERIM notice and the Administrator may modify a schedule, so >60 is not automatically a violation"
25V764000,"General Motors, LLC",2025-11-06,2025-12-05,29,2099,MFR,no,AIR BAGS:SIDE/WINDOW,"lag = ODATE - RCDATE; 49 CFR 577.7(a)(1) sets 60 days from the part 573 filing; ODATE may be an INTERIM notice and the Administrator may modify a schedule, so >60 is not automatically a violation"
26V377000,Ford Motor Company,2026-06-09,2026-07-08,29,1013,MFR,no,LANE DEPARTURE: LANE KEEP: STEERING ASSIST,"lag = ODATE - RCDATE; 49 CFR 577.7(a)(1) sets 60 days from the part 573 filing; ODATE may be an INTERIM notice and the Administrator may modify a schedule, so >60 is not automatically a violation"
26V378000,Ford Motor Company,2026-06-09,2026-07-08,29,44963,MFR,no,POWER TRAIN:AUTOMATIC TRANSMISSION:CONTROL MODULE (TCM/PCM/TECM),"lag = ODATE - RCDATE; 49 CFR 577.7(a)(1) sets 60 days from the part 573 filing; ODATE may be an INTERIM notice and the Administrator may modify a schedule, so >60 is not automatically a violation"
24V298000,"Mercedes-Benz USA, LLC",2024-04-26,2024-05-24,28,15604,MFR,no,"SERVICE BRAKES, HYDRAULIC:POWER ASSIST:VACUUM","lag = ODATE - RCDATE; 49 CFR 577.7(a)(1) sets 60 days from the part 573 filing; ODATE may be an INTERIM notice and the Administrator may modify a schedule, so >60 is not automatically a violation"
24V857000,"Chrysler (FCA US, LLC)",2024-11-14,2024-12-12,28,204,MFR,no,EQUIPMENT:OTHER:LABELS,"lag = ODATE - RCDATE; 49 CFR 577.7(a)(1) sets 60 days from the part 573 filing; ODATE may be an INTERIM notice and the Administrator may modify a schedule, so >60 is not automatically a violation"
24V652000,"Chrysler (FCA US, LLC)",2024-09-05,2024-10-03,28,32863,MFR,no,ELECTRICAL SYSTEM: INSTRUMENT CLUSTER/PANEL,"lag = ODATE - RCDATE; 49 CFR 577.7(a)(1) sets 60 days from the part 573 filing; ODATE may be an INTERIM notice and the Administrator may modify a schedule, so >60 is not automatically a violation"
24V673000,"General Motors, LLC",2024-09-12,2024-10-10,28,13241,MFR,no,EXTERIOR LIGHTING:HEADLIGHTS,"lag = ODATE - RCDATE; 49 CFR 577.7(a)(1) sets 60 days from the part 573 filing; ODATE may be an INTERIM notice and the Administrator may modify a schedule, so >60 is not automatically a violation"
24V926000,"Chrysler (FCA US, LLC)",2024-12-12,2025-01-09,28,631,MFR,no,STRUCTURE:FRAME AND MEMBERS,"lag = ODATE - RCDATE; 49 CFR 577.7(a)(1) sets 60 days from the part 573 filing; ODATE may be an INTERIM notice and the Administrator may modify a schedule, so >60 is not automatically a violation"
24V144000,Ford Motor Company,2024-02-23,2024-03-22,28,216,MFR,no,ELECTRICAL SYSTEM:PROPULSION SYSTEM:TRACTION BATTERY,"lag = ODATE - RCDATE; 49 CFR 577.7(a)(1) sets 60 days from the part 573 filing; ODATE may be an INTERIM notice and the Administrator may modify a schedule, so >60 is not automatically a violation"
24V199000,"Chrysler (FCA US, LLC)",2024-03-14,2024-04-11,28,38164,MFR,no,AIR BAGS:FRONTAL:DRIVER CLOCKSPRING/SPIRAL CASSETTE,"lag = ODATE - RCDATE; 49 CFR 577.7(a)(1) sets 60 days from the part 573 filing; ODATE may be an INTERIM notice and the Administrator may modify a schedule, so >60 is not automatically a violation"
25V246000,"Chrysler (FCA US, LLC)",2025-04-15,2025-05-13,28,48527,MFR,no,BACK OVER PREVENTION: SENSING SYSTEM: CAMERA,"lag = ODATE - RCDATE; 49 CFR 577.7(a)(1) sets 60 days from the part 573 filing; ODATE may be an INTERIM notice and the Administrator may modify a schedule, so >60 is not automatically a violation"
25V294000,"Volkswagen Group of America, Inc.",2025-05-07,2025-06-04,28,89417,MFR,no,ENGINE,"lag = ODATE - RCDATE; 49 CFR 577.7(a)(1) sets 60 days from the part 573 filing; ODATE may be an INTERIM notice and the Administrator may modify a schedule, so >60 is not automatically a violation"
25V325000,"Mercedes-Benz USA, LLC",2025-05-30,2025-06-27,28,26,MFR,no,VISIBILITY:REARVIEW MIRRORS/DEVICES:INTERIOR,"lag = ODATE - RCDATE; 49 CFR 577.7(a)(1) sets 60 days from the part 573 filing; ODATE may be an INTERIM notice and the Administrator may modify a schedule, so >60 is not automatically a violation"
25V483000,"General Motors, LLC",2025-07-24,2025-08-21,28,53,MFR,no,ELECTRICAL SYSTEM:PROPULSION SYSTEM:TRACTION BATTERY,"lag = ODATE - RCDATE; 49 CFR 577.7(a)(1) sets 60 days from the part 573 filing; ODATE may be an INTERIM notice and the Administrator may modify a schedule, so >60 is not automatically a violation"
25V514000,"Jaguar Land Rover North America, LLC",2025-08-08,2025-09-05,28,121509,ODI,no,STEERING:LINKAGES:KNUCKLE:SPINDLE:ARM,"lag = ODATE - RCDATE; 49 CFR 577.7(a)(1) sets 60 days from the part 573 filing; ODATE may be an INTERIM notice and the Administrator may modify a schedule, so >60 is not automatically a violation"
25V272000,Ford Motor Company,2025-04-23,2025-05-21,28,3,MFR,no,ELECTRICAL SYSTEM:PROPULSION SYSTEM:TRACTION BATTERY,"lag = ODATE - RCDATE; 49 CFR 577.7(a)(1) sets 60 days from the part 573 filing; ODATE may be an INTERIM notice and the Administrator may modify a schedule, so >60 is not automatically a violation"
25V232000,"General Motors, LLC",2025-04-10,2025-05-08,28,17,MFR,no,SUSPENSION:FRONT:STABILIZER BAR,"lag = ODATE - RCDATE; 49 CFR 577.7(a)(1) sets 60 days from the part 573 filing; ODATE may be an INTERIM notice and the Administrator may modify a schedule, so >60 is not automatically a violation"
25V419000,"Subaru of America, Inc.",2025-06-19,2025-07-17,28,2938,MFR,no,CHILD SEAT,"lag = ODATE - RCDATE; 49 CFR 577.7(a)(1) sets 60 days from the part 573 filing; ODATE may be an INTERIM notice and the Administrator may modify a schedule, so >60 is not automatically a violation"
25V164000,Ford Motor Company,2025-03-14,2025-04-11,28,269,MFR,no,POWER TRAIN:AUTOMATIC TRANSMISSION:FLUID/LUBRICANT:VALVES/VALVE BODY,"lag = ODATE - RCDATE; 49 CFR 577.7(a)(1) sets 60 days from the part 573 filing; ODATE may be an INTERIM notice and the Administrator may modify a schedule, so >60 is not automatically a violation"
25V012000,"General Motors, LLC",2025-01-16,2025-02-13,28,2890,MFR,no,FORWARD COLLISION AVOIDANCE: ADAPTIVE CRUISE CONTROL:SOFTWARE,"lag = ODATE - RCDATE; 49 CFR 577.7(a)(1) sets 60 days from the part 573 filing; ODATE may be an INTERIM notice and the Administrator may modify a schedule, so >60 is not automatically a violation"
25V351000,"Kia America, Inc.",2025-05-27,2025-06-24,28,82281,MFR,no,EXTERIOR LIGHTING:LIGHTING CONTROL MODULE:SOFTWARE,"lag = ODATE - RCDATE; 49 CFR 577.7(a)(1) sets 60 days from the part 573 filing; ODATE may be an INTERIM notice and the Administrator may modify a schedule, so >60 is not automatically a violation"
25V369000,"Mitsubishi Motors North America, Inc.",2025-06-02,2025-06-30,28,198940,MFR,no,BACK OVER PREVENTION:SOFTWARE,"lag = ODATE - RCDATE; 49 CFR 577.7(a)(1) sets 60 days from the part 573 filing; ODATE may be an INTERIM notice and the Administrator may modify a schedule, so >60 is not automatically a violation"
25V488000,Ford Motor Company,2025-07-25,2025-08-22,28,312120,MFR,no,"SERVICE BRAKES, HYDRAULIC:POWER ASSIST:ELECTRIC:CONTROL MODULE:SOFTWARE","lag = ODATE - RCDATE; 49 CFR 577.7(a)(1) sets 60 days from the part 573 filing; ODATE may be an INTERIM notice and the Administrator may modify a schedule, so >60 is not automatically a violation"
25V081000,"Volkswagen Group of America, Inc.",2025-02-12,2025-03-12,28,19,MFR,no,POWER TRAIN:AUTOMATIC TRANSMISSION,"lag = ODATE - RCDATE; 49 CFR 577.7(a)(1) sets 60 days from the part 573 filing; ODATE may be an INTERIM notice and the Administrator may modify a schedule, so >60 is not automatically a violation"
25V882000,"Chrysler (FCA US, LLC)",2025-12-18,2026-01-15,28,52565,MFR,no,AIR BAGS: AIR BAG/RESTRAINT CONTROL MODULE,"lag = ODATE - RCDATE; 49 CFR 577.7(a)(1) sets 60 days from the part 573 filing; ODATE may be an INTERIM notice and the Administrator may modify a schedule, so >60 is not automatically a violation"
25V010000,"Chrysler (FCA US, LLC)",2025-01-16,2025-02-13,28,6066,ODI,no,AIR BAGS:SIDE/WINDOW:CURTAIN:INFLATOR,"lag = ODATE - RCDATE; 49 CFR 577.7(a)(1) sets 60 days from the part 573 filing; ODATE may be an INTERIM notice and the Administrator may modify a schedule, so >60 is not automatically a violation"
26V069000,Hyundai Motor America,2026-02-05,2026-03-05,28,4555,MFR,no,STEERING:LINKAGES:KNUCKLE:SPINDLE:ARM,"lag = ODATE - RCDATE; 49 CFR 577.7(a)(1) sets 60 days from the part 573 filing; ODATE may be an INTERIM notice and the Administrator may modify a schedule, so >60 is not automatically a violation"
26V328000,"Chrysler (FCA US, LLC)",2026-05-21,2026-06-18,28,419035,MFR,no,AIR BAGS: AIR BAG/RESTRAINT CONTROL MODULE:SOFTWARE,"lag = ODATE - RCDATE; 49 CFR 577.7(a)(1) sets 60 days from the part 573 filing; ODATE may be an INTERIM notice and the Administrator may modify a schedule, so >60 is not automatically a violation"
26V166000,"General Motors, LLC",2026-03-19,2026-04-16,28,2819,MFR,no,AIR BAGS,"lag = ODATE - RCDATE; 49 CFR 577.7(a)(1) sets 60 days from the part 573 filing; ODATE may be an INTERIM notice and the Administrator may modify a schedule, so >60 is not automatically a violation"
24V877000,Hyundai Motor America,2024-11-20,2024-12-17,27,42465,MFR,no,ELECTRICAL SYSTEM:WIRING,"lag = ODATE - RCDATE; 49 CFR 577.7(a)(1) sets 60 days from the part 573 filing; ODATE may be an INTERIM notice and the Administrator may modify a schedule, so >60 is not automatically a violation"
24V561000,Hyundai Motor America,2024-07-26,2024-08-22,27,49719,MFR,no,AIR BAGS,"lag = ODATE - RCDATE; 49 CFR 577.7(a)(1) sets 60 days from the part 573 filing; ODATE may be an INTERIM notice and the Administrator may modify a schedule, so >60 is not automatically a violation"
24V366000,"General Motors, LLC",2024-05-23,2024-06-19,27,56,MFR,no,TIRES,"lag = ODATE - RCDATE; 49 CFR 577.7(a)(1) sets 60 days from the part 573 filing; ODATE may be an INTERIM notice and the Administrator may modify a schedule, so >60 is not automatically a violation"
24V188000,Ford Motor Company,2024-03-08,2024-04-04,27,1988,ODI,no,BACK OVER PREVENTION: SENSING SYSTEM: CAMERA,"lag = ODATE - RCDATE; 49 CFR 577.7(a)(1) sets 60 days from the part 573 filing; ODATE may be an INTERIM notice and the Administrator may modify a schedule, so >60 is not automatically a violation"
25V769000,"General Motors, LLC",2025-11-06,2025-12-03,27,354,MFR,no,AIR BAGS:FRONTAL,"lag = ODATE - RCDATE; 49 CFR 577.7(a)(1) sets 60 days from the part 573 filing; ODATE may be an INTERIM notice and the Administrator may modify a schedule, so >60 is not automatically a violation"
25V768000,"General Motors, LLC",2025-11-06,2025-12-03,27,891,MFR,no,"SERVICE BRAKES, HYDRAULIC:POWER ASSIST","lag = ODATE - RCDATE; 49 CFR 577.7(a)(1) sets 60 days from the part 573 filing; ODATE may be an INTERIM notice and the Administrator may modify a schedule, so >60 is not automatically a violation"
25V260000,Ford Motor Company,2025-04-18,2025-05-15,27,2,MFR,no,SUSPENSION:FRONT:CONTROL ARM:UPPER BALL JOINT,"lag = ODATE - RCDATE; 49 CFR 577.7(a)(1) sets 60 days from the part 573 filing; ODATE may be an INTERIM notice and the Administrator may modify a schedule, so >60 is not automatically a violation"
25V404000,Ford Motor Company,2025-06-13,2025-07-10,27,197432,ODI,no,ELECTRICAL SYSTEM:BODY CONTROL MODULE:SOFTWARE,"lag = ODATE - RCDATE; 49 CFR 577.7(a)(1) sets 60 days from the part 573 filing; ODATE may be an INTERIM notice and the Administrator may modify a schedule, so >60 is not automatically a violation"
26V432000,Hyundai Motor America,2026-07-02,2026-07-29,27,6,MFR,no,ELECTRICAL SYSTEM:PROPULSION SYSTEM:TRACTION BATTERY,"lag = ODATE - RCDATE; 49 CFR 577.7(a)(1) sets 60 days from the part 573 filing; ODATE may be an INTERIM notice and the Administrator may modify a schedule, so >60 is not automatically a violation"
26V399000,"General Motors, LLC",2026-06-23,2026-07-20,27,26541,MFR,no,STEERING,"lag = ODATE - RCDATE; 49 CFR 577.7(a)(1) sets 60 days from the part 573 filing; ODATE may be an INTERIM notice and the Administrator may modify a schedule, so >60 is not automatically a violation"
24V434000,"Chrysler (FCA US, LLC)",2024-06-13,2024-07-09,26,53,MFR,no,SEAT BELTS:CRITICAL FASTENERS,"lag = ODATE - RCDATE; 49 CFR 577.7(a)(1) sets 60 days from the part 573 filing; ODATE may be an INTERIM notice and the Administrator may modify a schedule, so >60 is not automatically a violation"
24V487000,"General Motors, LLC",2024-06-28,2024-07-24,26,83,MFR,no,SUSPENSION:FRONT:CONTROL ARM:LOWER ARM,"lag = ODATE - RCDATE; 49 CFR 577.7(a)(1) sets 60 days from the part 573 filing; ODATE may be an INTERIM notice and the Administrator may modify a schedule, so >60 is not automatically a violation"
24V436000,"Chrysler (FCA US, LLC)",2024-06-13,2024-07-09,26,1033433,MFR,no,BACK OVER PREVENTION: SENSING SYSTEM: CAMERA,"lag = ODATE - RCDATE; 49 CFR 577.7(a)(1) sets 60 days from the part 573 filing; ODATE may be an INTERIM notice and the Administrator may modify a schedule, so >60 is not automatically a violation"
24V589000,"General Motors, LLC",2024-08-08,2024-09-03,26,21469,MFR,no,"SERVICE BRAKES, HYDRAULIC:ANTILOCK/TRACTION CONTROL/ELECTRONIC LIMITED SLIP:CONTROL UNIT/MODULE","lag = ODATE - RCDATE; 49 CFR 577.7(a)(1) sets 60 days from the part 573 filing; ODATE may be an INTERIM notice and the Administrator may modify a schedule, so >60 is not automatically a violation"
24V414000,"Chrysler (FCA US, LLC)",2024-06-06,2024-07-02,26,4,MFR,no,EXTERIOR LIGHTING:TAIL LIGHTS,"lag = ODATE - RCDATE; 49 CFR 577.7(a)(1) sets 60 days from the part 573 filing; ODATE may be an INTERIM notice and the Administrator may modify a schedule, so >60 is not automatically a violation"
25V693000,Ford Motor Company,2025-10-10,2025-11-05,26,13451,MFR,no,"SERVICE BRAKES, HYDRAULIC:FOUNDATION COMPONENTS:DISC:PADS","lag = ODATE - RCDATE; 49 CFR 577.7(a)(1) sets 60 days from the part 573 filing; ODATE may be an INTERIM notice and the Administrator may modify a schedule, so >60 is not automatically a violation"
25V175000,"General Motors, LLC",2025-03-20,2025-04-15,26,934,MFR,no,STEERING:ELECTRIC POWER ASSIST SYSTEM,"lag = ODATE - RCDATE; 49 CFR 577.7(a)(1) sets 60 days from the part 573 filing; ODATE may be an INTERIM notice and the Administrator may modify a schedule, so >60 is not automatically a violation"
25V240000,"Mercedes-Benz USA, LLC",2025-04-11,2025-05-07,26,14,MFR,no,ELECTRICAL SYSTEM:WIRING,"lag = ODATE - RCDATE; 49 CFR 577.7(a)(1) sets 60 days from the part 573 filing; ODATE may be an INTERIM notice and the Administrator may modify a schedule, so >60 is not automatically a violation"
25V900000,"Volkswagen Group of America, Inc.",2025-12-19,2026-01-14,26,356894,ODI,no,BACK OVER PREVENTION: SENSING SYSTEM: CAMERA,"lag = ODATE - RCDATE; 49 CFR 577.7(a)(1) sets 60 days from the part 573 filing; ODATE may be an INTERIM notice and the Administrator may modify a schedule, so >60 is not automatically a violation"
25V691000,Ford Motor Company,2025-10-10,2025-11-05,26,43438,MFR,no,FORWARD COLLISION AVOIDANCE: WARNINGS:EXTERNAL/PEDESTRIAN ALERT,"lag = ODATE - RCDATE; 49 CFR 577.7(a)(1) sets 60 days from the part 573 filing; ODATE may be an INTERIM notice and the Administrator may modify a schedule, so >60 is not automatically a violation"
26V165000,Ford Motor Company,2026-03-18,2026-04-13,26,254640,ODI,no,ELECTRICAL SYSTEM:ADAS,"lag = ODATE - RCDATE; 49 CFR 577.7(a)(1) sets 60 days from the part 573 filing; ODATE may be an INTERIM notice and the Administrator may modify a schedule, so >60 is not automatically a violation"
26V225000,"Chrysler (FCA US, LLC)",2026-04-09,2026-05-05,26,65348,MFR,no,ELECTRICAL SYSTEM: INSTRUMENT CLUSTER/PANEL,"lag = ODATE - RCDATE; 49 CFR 577.7(a)(1) sets 60 days from the part 573 filing; ODATE may be an INTERIM notice and the Administrator may modify a schedule, so >60 is not automatically a violation"
24V867000,"Kia America, Inc.",2024-11-18,2024-12-13,25,62872,ODI,no,ELECTRICAL SYSTEM:PROPULSION SYSTEM:CHARGING:MODULE:SOFTWARE,"lag = ODATE - RCDATE; 49 CFR 577.7(a)(1) sets 60 days from the part 573 filing; ODATE may be an INTERIM notice and the Administrator may modify a schedule, so >60 is not automatically a violation"
24V575000,"General Motors, LLC",2024-08-01,2024-08-26,25,22,MFR,no,EQUIPMENT:OTHER:OWNERS/SERVICE/OTHER MANUAL,"lag = ODATE - RCDATE; 49 CFR 577.7(a)(1) sets 60 days from the part 573 filing; ODATE may be an INTERIM notice and the Administrator may modify a schedule, so >60 is not automatically a violation"
24V755000,"General Motors, LLC",2024-10-10,2024-11-04,25,1962,MFR,no,EXTERIOR LIGHTING:LIGHTING CONTROL MODULE,"lag = ODATE - RCDATE; 49 CFR 577.7(a)(1) sets 60 days from the part 573 filing; ODATE may be an INTERIM notice and the Administrator may modify a schedule, so >60 is not automatically a violation"
24V843000,Hyundai Motor America,2024-11-07,2024-12-02,25,34964,OVSC,no,ELECTRICAL SYSTEM:WIRING:SWITCHES/KNOBS/BUTTONS,"lag = ODATE - RCDATE; 49 CFR 577.7(a)(1) sets 60 days from the part 573 filing; ODATE may be an INTERIM notice and the Administrator may modify a schedule, so >60 is not automatically a violation"
25V255000,"Mercedes-Benz USA, LLC",2025-05-12,2025-06-06,25,443,MFR,no,ELECTRICAL SYSTEM:WIRING:FUSES AND CIRCUIT BREAKERS,"lag = ODATE - RCDATE; 49 CFR 577.7(a)(1) sets 60 days from the part 573 filing; ODATE may be an INTERIM notice and the Administrator may modify a schedule, so >60 is not automatically a violation"
25V434000,"Volkswagen Group of America, Inc.",2025-06-30,2025-07-25,25,546,MFR,no,SERVICE BRAKES,"lag = ODATE - RCDATE; 49 CFR 577.7(a)(1) sets 60 days from the part 573 filing; ODATE may be an INTERIM notice and the Administrator may modify a schedule, so >60 is not automatically a violation"
25V308000,Ford Motor Company,2025-05-09,2025-06-03,25,3,MFR,no,SUSPENSION:FRONT:CONTROL ARM:LOWER ARM,"lag = ODATE - RCDATE; 49 CFR 577.7(a)(1) sets 60 days from the part 573 filing; ODATE may be an INTERIM notice and the Administrator may modify a schedule, so >60 is not automatically a violation"
26V494000,"General Motors, LLC",2026-07-30,2026-08-24,25,11,MFR,no,ELECTRICAL SYSTEM:PROPULSION SYSTEM:TRACTION BATTERY,"lag = ODATE - RCDATE; 49 CFR 577.7(a)(1) sets 60 days from the part 573 filing; ODATE may be an INTERIM notice and the Administrator may modify a schedule, so >60 is not automatically a violation"
26V568000,Ford Motor Company,2026-08-20,2026-09-14,25,1,ODI,no,STRUCTURE:BODY:HATCHBACK/LIFTGATE:HINGE AND ATTACHMENTS,"lag = ODATE - RCDATE; 49 CFR 577.7(a)(1) sets 60 days from the part 573 filing; ODATE may be an INTERIM notice and the Administrator may modify a schedule, so >60 is not automatically a violation"
24V102000,Ford Motor Company,2024-02-09,2024-03-04,24,113320,MFR,no,POWER TRAIN:DRIVELINE:DRIVESHAFT,"lag = ODATE - RCDATE; 49 CFR 577.7(a)(1) sets 60 days from the part 573 filing; ODATE may be an INTERIM notice and the Administrator may modify a schedule, so >60 is not automatically a violation"
24V723000,"Volkswagen Group of America, Inc.",2024-09-27,2024-10-21,24,1591,MFR,no,"SERVICE BRAKES, HYDRAULIC:FOUNDATION COMPONENTS:MASTER CYLINDER","lag = ODATE - RCDATE; 49 CFR 577.7(a)(1) sets 60 days from the part 573 filing; ODATE may be an INTERIM notice and the Administrator may modify a schedule, so >60 is not automatically a violation"
25V665000,"Chrysler (FCA US, LLC)",2025-10-06,2025-10-30,24,790,MFR,no,ELECTRICAL SYSTEM:PROPULSION SYSTEM:TRACTION MOTOR:CONTROLLER:SOFTWARE,"lag = ODATE - RCDATE; 49 CFR 577.7(a)(1) sets 60 days from the part 573 filing; ODATE may be an INTERIM notice and the Administrator may modify a schedule, so >60 is not automatically a violation"
25V201000,"Volkswagen Group of America, Inc.",2025-03-31,2025-04-24,24,44387,MFR,no,ELECTRICAL SYSTEM:SOFTWARE,"lag = ODATE - RCDATE; 49 CFR 577.7(a)(1) sets 60 days from the part 573 filing; ODATE may be an INTERIM notice and the Administrator may modify a schedule, so >60 is not automatically a violation"
25V196000,Ford Motor Company,2025-03-28,2025-04-21,24,152,MFR,no,POWER TRAIN:AUTOMATIC TRANSMISSION:CONTROL MODULE (TCM/PCM/TECM),"lag = ODATE - RCDATE; 49 CFR 577.7(a)(1) sets 60 days from the part 573 filing; ODATE may be an INTERIM notice and the Administrator may modify a schedule, so >60 is not automatically a violation"
26V268000,Ford Motor Company,2026-04-28,2026-05-22,24,179698,MFR,no,SEATS:CRITICAL FASTENERS,"lag = ODATE - RCDATE; 49 CFR 577.7(a)(1) sets 60 days from the part 573 filing; ODATE may be an INTERIM notice and the Administrator may modify a schedule, so >60 is not automatically a violation"
26V101000,Ford Motor Company,2026-02-20,2026-03-16,24,412774,ODI,no,SUSPENSION:REAR,"lag = ODATE - RCDATE; 49 CFR 577.7(a)(1) sets 60 days from the part 573 filing; ODATE may be an INTERIM notice and the Administrator may modify a schedule, so >60 is not automatically a violation"
26V400000,Hyundai Motor America,2026-06-23,2026-07-17,24,96310,MFR,no,ELECTRICAL SYSTEM: INSTRUMENT CLUSTER/PANEL,"lag = ODATE - RCDATE; 49 CFR 577.7(a)(1) sets 60 days from the part 573 filing; ODATE may be an INTERIM notice and the Administrator may modify a schedule, so >60 is not automatically a violation"
24V175000,"Chrysler (FCA US, LLC)",2024-03-05,2024-03-28,23,36094,OVSC,no,EQUIPMENT:OTHER:LABELS,"lag = ODATE - RCDATE; 49 CFR 577.7(a)(1) sets 60 days from the part 573 filing; ODATE may be an INTERIM notice and the Administrator may modify a schedule, so >60 is not automatically a violation"
25V526000,"Volkswagen Group of America, Inc.",2025-08-13,2025-09-05,23,15,MFR,no,STEERING:LINKAGES:TIE ROD ASSEMBLY,"lag = ODATE - RCDATE; 49 CFR 577.7(a)(1) sets 60 days from the part 573 filing; ODATE may be an INTERIM notice and the Administrator may modify a schedule, so >60 is not automatically a violation"
25V225000,"Volkswagen Group of America, Inc.",2025-04-09,2025-05-02,23,313,MFR,no,BACK OVER PREVENTION: SENSING SYSTEM: CAMERA,"lag = ODATE - RCDATE; 49 CFR 577.7(a)(1) sets 60 days from the part 573 filing; ODATE may be an INTERIM notice and the Administrator may modify a schedule, so >60 is not automatically a violation"
26V136000,"Volvo Car USA, LLC",2026-03-11,2026-04-03,23,1584,MFR,no,SEAT BELTS:FRONT:WARNING LIGHT/DEVICES,"lag = ODATE - RCDATE; 49 CFR 577.7(a)(1) sets 60 days from the part 573 filing; ODATE may be an INTERIM notice and the Administrator may modify a schedule, so >60 is not automatically a violation"
24V051000,"Tesla, Inc.",2024-01-30,2024-02-21,22,2193869,OVSC,no,ELECTRICAL SYSTEM: INSTRUMENT CLUSTER/PANEL,"lag = ODATE - RCDATE; 49 CFR 577.7(a)(1) sets 60 days from the part 573 filing; ODATE may be an INTERIM notice and the Administrator may modify a schedule, so >60 is not automatically a violation"
24V729000,"Chrysler (FCA US, LLC)",2024-10-01,2024-10-23,22,129313,MFR,no,EXTERIOR LIGHTING:TURN SIGNAL,"lag = ODATE - RCDATE; 49 CFR 577.7(a)(1) sets 60 days from the part 573 filing; ODATE may be an INTERIM notice and the Administrator may modify a schedule, so >60 is not automatically a violation"
24V858000,"General Motors, LLC",2024-11-14,2024-12-06,22,582,MFR,no,BACK OVER PREVENTION: SENSING SYSTEM: CAMERA,"lag = ODATE - RCDATE; 49 CFR 577.7(a)(1) sets 60 days from the part 573 filing; ODATE may be an INTERIM notice and the Administrator may modify a schedule, so >60 is not automatically a violation"
24V888000,"Chrysler (FCA US, LLC)",2024-11-25,2024-12-17,22,44,MFR,no,SEATS:BARRIERS,"lag = ODATE - RCDATE; 49 CFR 577.7(a)(1) sets 60 days from the part 573 filing; ODATE may be an INTERIM notice and the Administrator may modify a schedule, so >60 is not automatically a violation"
24V338000,"Kia America, Inc.",2024-05-14,2024-06-05,22,4,MFR,no,SEAT BELTS:FRONT:RETRACTOR,"lag = ODATE - RCDATE; 49 CFR 577.7(a)(1) sets 60 days from the part 573 filing; ODATE may be an INTERIM notice and the Administrator may modify a schedule, so >60 is not automatically a violation"
25V330000,"Chrysler (FCA US, LLC)",2025-05-21,2025-06-12,22,235640,MFR,no,BACK OVER PREVENTION: SENSING SYSTEM: CAMERA,"lag = ODATE - RCDATE; 49 CFR 577.7(a)(1) sets 60 days from the part 573 filing; ODATE may be an INTERIM notice and the Administrator may modify a schedule, so >60 is not automatically a violation"
25V530000,"Chrysler (FCA US, LLC)",2025-08-18,2025-09-09,22,2885,MFR,no,SERVICE BRAKES,"lag = ODATE - RCDATE; 49 CFR 577.7(a)(1) sets 60 days from the part 573 filing; ODATE may be an INTERIM notice and the Administrator may modify a schedule, so >60 is not automatically a violation"
25V432000,"General Motors, LLC",2025-06-26,2025-07-18,22,1658,MFR,no,AIR BAGS,"lag = ODATE - RCDATE; 49 CFR 577.7(a)(1) sets 60 days from the part 573 filing; ODATE may be an INTERIM notice and the Administrator may modify a schedule, so >60 is not automatically a violation"
25V818000,"Volvo Car USA, LLC",2025-11-25,2025-12-17,22,3,MFR,no,SEATS:CRITICAL FASTENERS,"lag = ODATE - RCDATE; 49 CFR 577.7(a)(1) sets 60 days from the part 573 filing; ODATE may be an INTERIM notice and the Administrator may modify a schedule, so >60 is not automatically a violation"
26V083000,"General Motors, LLC",2026-02-12,2026-03-06,22,1055,MFR,no,POWER TRAIN:AUTOMATIC TRANSMISSION:CONTROL MODULE:SOFTWARE,"lag = ODATE - RCDATE; 49 CFR 577.7(a)(1) sets 60 days from the part 573 filing; ODATE may be an INTERIM notice and the Administrator may modify a schedule, so >60 is not automatically a violation"
26V127000,"General Motors, LLC",2026-03-05,2026-03-27,22,857,MFR,no,TIRES:SIDEWALL,"lag = ODATE - RCDATE; 49 CFR 577.7(a)(1) sets 60 days from the part 573 filing; ODATE may be an INTERIM notice and the Administrator may modify a schedule, so >60 is not automatically a violation"
24V070000,"Mercedes-Benz USA, LLC",2024-02-02,2024-02-23,21,15502,MFR,no,EXTERIOR LIGHTING:HEADLIGHTS,"lag = ODATE - RCDATE; 49 CFR 577.7(a)(1) sets 60 days from the part 573 filing; ODATE may be an INTERIM notice and the Administrator may modify a schedule, so >60 is not automatically a violation"
24V653000,"Chrysler (FCA US, LLC)",2024-09-05,2024-09-26,21,1025432,MFR,no,ELECTRONIC STABILITY CONTROL (ESC):CONTROL MODULE,"lag = ODATE - RCDATE; 49 CFR 577.7(a)(1) sets 60 days from the part 573 filing; ODATE may be an INTERIM notice and the Administrator may modify a schedule, so >60 is not automatically a violation"
24V894000,"General Motors, LLC",2024-11-26,2024-12-17,21,131231,MFR,no,LATCHES/LOCKS/LINKAGES:TAILGATE:LATCH,"lag = ODATE - RCDATE; 49 CFR 577.7(a)(1) sets 60 days from the part 573 filing; ODATE may be an INTERIM notice and the Administrator may modify a schedule, so >60 is not automatically a violation"
24V585000,"Chrysler (FCA US, LLC)",2024-08-08,2024-08-29,21,27,MFR,no,EXTERIOR LIGHTING:TAIL LIGHTS,"lag = ODATE - RCDATE; 49 CFR 577.7(a)(1) sets 60 days from the part 573 filing; ODATE may be an INTERIM notice and the Administrator may modify a schedule, so >60 is not automatically a violation"
24V319000,"Rivian Automotive, LLC",2024-05-09,2024-05-30,21,127,MFR,no,EQUIPMENT:OTHER:LABELS,"lag = ODATE - RCDATE; 49 CFR 577.7(a)(1) sets 60 days from the part 573 filing; ODATE may be an INTERIM notice and the Administrator may modify a schedule, so >60 is not automatically a violation"
24V196000,"Chrysler (FCA US, LLC)",2024-03-14,2024-04-04,21,1831,ODI,no,AIR BAGS:FRONTAL:DRIVER CLOCKSPRING/SPIRAL CASSETTE,"lag = ODATE - RCDATE; 49 CFR 577.7(a)(1) sets 60 days from the part 573 filing; ODATE may be an INTERIM notice and the Administrator may modify a schedule, so >60 is not automatically a violation"
24V691000,Hyundai Motor America,2024-09-13,2024-10-04,21,65,MFR,no,EQUIPMENT:OTHER:LABELS,"lag = ODATE - RCDATE; 49 CFR 577.7(a)(1) sets 60 days from the part 573 filing; ODATE may be an INTERIM notice and the Administrator may modify a schedule, so >60 is not automatically a violation"
25V574000,"Chrysler (FCA US, LLC)",2025-09-04,2025-09-25,21,75,MFR,no,POWER TRAIN:AUTOMATIC TRANSMISSION:INTERNAL:PARK PAWL,"lag = ODATE - RCDATE; 49 CFR 577.7(a)(1) sets 60 days from the part 573 filing; ODATE may be an INTERIM notice and the Administrator may modify a schedule, so >60 is not automatically a violation"
25V314000,Ford Motor Company,2025-05-09,2025-05-30,21,273789,ODI,no,"SERVICE BRAKES, HYDRAULIC:FOUNDATION COMPONENTS:HOSES, LINES/PIPING, AND FITTINGS","lag = ODATE - RCDATE; 49 CFR 577.7(a)(1) sets 60 days from the part 573 filing; ODATE may be an INTERIM notice and the Administrator may modify a schedule, so >60 is not automatically a violation"
25V777000,"Volkswagen Group of America, Inc.",2025-11-12,2025-12-03,21,61,MFR,no,SEAT BELTS:FRONT:ANCHORAGE,"lag = ODATE - RCDATE; 49 CFR 577.7(a)(1) sets 60 days from the part 573 filing; ODATE may be an INTERIM notice and the Administrator may modify a schedule, so >60 is not automatically a violation"
25V388000,"Chrysler (FCA US, LLC)",2025-06-12,2025-07-03,21,140,MFR,no,EQUIPMENT:APPLIANCE:TV/RADIO/SPEAKERS,"lag = ODATE - RCDATE; 49 CFR 577.7(a)(1) sets 60 days from the part 573 filing; ODATE may be an INTERIM notice and the Administrator may modify a schedule, so >60 is not automatically a violation"
25V471000,"Chrysler (FCA US, LLC)",2025-07-17,2025-08-07,21,21,MFR,no,EQUIPMENT:APPLIANCE:TV/RADIO/SPEAKERS,"lag = ODATE - RCDATE; 49 CFR 577.7(a)(1) sets 60 days from the part 573 filing; ODATE may be an INTERIM notice and the Administrator may modify a schedule, so >60 is not automatically a violation"
25V489000,Ford Motor Company,2025-07-25,2025-08-15,21,56473,MFR,no,SEAT BELTS:FRONT:WARNING LIGHT/DEVICES,"lag = ODATE - RCDATE; 49 CFR 577.7(a)(1) sets 60 days from the part 573 filing; ODATE may be an INTERIM notice and the Administrator may modify a schedule, so >60 is not automatically a violation"
26V209000,"Volkswagen Group of America, Inc.",2026-04-01,2026-04-22,21,6077,MFR,no,VISIBILITY:SUN/MOON ROOF ASSEMBLY,"lag = ODATE - RCDATE; 49 CFR 577.7(a)(1) sets 60 days from the part 573 filing; ODATE may be an INTERIM notice and the Administrator may modify a schedule, so >60 is not automatically a violation"
26V158000,Ford Motor Company,2026-03-17,2026-04-07,21,9839,MFR,no,"FUEL SYSTEM, DIESEL:DELIVERY:FUEL PUMP","lag = ODATE - RCDATE; 49 CFR 577.7(a)(1) sets 60 days from the part 573 filing; ODATE may be an INTERIM notice and the Administrator may modify a schedule, so >60 is not automatically a violation"
26V244000,"Chrysler (FCA US, LLC)",2026-04-16,2026-05-07,21,6605,MFR,no,ELECTRONIC STABILITY CONTROL (ESC):CONTROL MODULE,"lag = ODATE - RCDATE; 49 CFR 577.7(a)(1) sets 60 days from the part 573 filing; ODATE may be an INTERIM notice and the Administrator may modify a schedule, so >60 is not automatically a violation"
26V262000,"Chrysler (FCA US, LLC)",2026-04-23,2026-05-14,21,20271,MFR,no,ELECTRICAL SYSTEM: INSTRUMENT CLUSTER/PANEL,"lag = ODATE - RCDATE; 49 CFR 577.7(a)(1) sets 60 days from the part 573 filing; ODATE may be an INTERIM notice and the Administrator may modify a schedule, so >60 is not automatically a violation"
26V529000,"Chrysler (FCA US, LLC)",2026-08-13,2026-09-03,21,81,MFR,no,VISIBILITY:WINDSHIELD WIPER/WASHER,"lag = ODATE - RCDATE; 49 CFR 577.7(a)(1) sets 60 days from the part 573 filing; ODATE may be an INTERIM notice and the Administrator may modify a schedule, so >60 is not automatically a violation"
24V897000,"Chrysler (FCA US, LLC)",2024-11-27,2024-12-17,20,14,MFR,no,AIR BAGS:SIDE/WINDOW,"lag = ODATE - RCDATE; 49 CFR 577.7(a)(1) sets 60 days from the part 573 filing; ODATE may be an INTERIM notice and the Administrator may modify a schedule, so >60 is not automatically a violation"
25V659000,Hyundai Motor America,2025-10-02,2025-10-22,20,135386,MFR,no,ELECTRICAL SYSTEM:STARTER ASSEMBLY,"lag = ODATE - RCDATE; 49 CFR 577.7(a)(1) sets 60 days from the part 573 filing; ODATE may be an INTERIM notice and the Administrator may modify a schedule, so >60 is not automatically a violation"
25V683000,Ford Motor Company,2025-10-10,2025-10-30,20,9,MFR,no,VISIBILITY:WINDSHIELD,"lag = ODATE - RCDATE; 49 CFR 577.7(a)(1) sets 60 days from the part 573 filing; ODATE may be an INTERIM notice and the Administrator may modify a schedule, so >60 is not automatically a violation"
25V309000,Ford Motor Company,2025-05-09,2025-05-29,20,9181,MFR,no,STEERING,"lag = ODATE - RCDATE; 49 CFR 577.7(a)(1) sets 60 days from the part 573 filing; ODATE may be an INTERIM notice and the Administrator may modify a schedule, so >60 is not automatically a violation"
25V788000,Ford Motor Company,2025-11-14,2025-12-04,20,229609,MFR,no,ELECTRICAL SYSTEM: INSTRUMENT CLUSTER/PANEL,"lag = ODATE - RCDATE; 49 CFR 577.7(a)(1) sets 60 days from the part 573 filing; ODATE may be an INTERIM notice and the Administrator may modify a schedule, so >60 is not automatically a violation"
26V531000,"Chrysler (FCA US, LLC)",2026-08-13,2026-09-02,20,844027,MFR,no,BACK OVER PREVENTION: SENSING SYSTEM: CAMERA,"lag = ODATE - RCDATE; 49 CFR 577.7(a)(1) sets 60 days from the part 573 filing; ODATE may be an INTERIM notice and the Administrator may modify a schedule, so >60 is not automatically a violation"
26V121000,Ford Motor Company,2026-03-03,2026-03-23,20,35772,MFR,no,EXTERIOR LIGHTING:HEADLIGHTS,"lag = ODATE - RCDATE; 49 CFR 577.7(a)(1) sets 60 days from the part 573 filing; ODATE may be an INTERIM notice and the Administrator may modify a schedule, so >60 is not automatically a violation"
26V138000,"Volkswagen Group of America, Inc.",2026-03-11,2026-03-31,20,48165,MFR,no,ELECTRICAL SYSTEM:WIRING,"lag = ODATE - RCDATE; 49 CFR 577.7(a)(1) sets 60 days from the part 573 filing; ODATE may be an INTERIM notice and the Administrator may modify a schedule, so >60 is not automatically a violation"
26V235000,Ford Motor Company,2026-04-14,2026-05-04,20,4351,ODI,no,WHEELS:HUB,"lag = ODATE - RCDATE; 49 CFR 577.7(a)(1) sets 60 days from the part 573 filing; ODATE may be an INTERIM notice and the Administrator may modify a schedule, so >60 is not automatically a violation"
24V266000,Ford Motor Company,2024-04-12,2024-05-01,19,9,MFR,no,EQUIPMENT:OTHER:LABELS,"lag = ODATE - RCDATE; 49 CFR 577.7(a)(1) sets 60 days from the part 573 filing; ODATE may be an INTERIM notice and the Administrator may modify a schedule, so >60 is not automatically a violation"
24V440000,Ford Motor Company,2024-06-14,2024-07-03,19,209,MFR,no,FORWARD COLLISION AVOIDANCE: ADAPTIVE CRUISE CONTROL,"lag = ODATE - RCDATE; 49 CFR 577.7(a)(1) sets 60 days from the part 573 filing; ODATE may be an INTERIM notice and the Administrator may modify a schedule, so >60 is not automatically a violation"
25V527000,"Chrysler (FCA US, LLC)",2025-08-14,2025-09-02,19,22906,MFR,no,TIRES:PRESSURE MONITORING AND REGULATING SYSTEMS,"lag = ODATE - RCDATE; 49 CFR 577.7(a)(1) sets 60 days from the part 573 filing; ODATE may be an INTERIM notice and the Administrator may modify a schedule, so >60 is not automatically a violation"
25V356000,"General Motors, LLC",2025-05-29,2025-06-17,19,41376,ODI,no,ELECTRICAL SYSTEM: INSTRUMENT CLUSTER/PANEL,"lag = ODATE - RCDATE; 49 CFR 577.7(a)(1) sets 60 days from the part 573 filing; ODATE may be an INTERIM notice and the Administrator may modify a schedule, so >60 is not automatically a violation"
25V298000,"Chrysler (FCA US, LLC)",2025-05-08,2025-05-27,19,71,MFR,no,AIR BAGS,"lag = ODATE - RCDATE; 49 CFR 577.7(a)(1) sets 60 days from the part 573 filing; ODATE may be an INTERIM notice and the Administrator may modify a schedule, so >60 is not automatically a violation"
25V428000,"Volkswagen Group of America, Inc.",2025-06-27,2025-07-16,19,8,MFR,no,SUSPENSION:FRONT:MACPHERSON STRUT,"lag = ODATE - RCDATE; 49 CFR 577.7(a)(1) sets 60 days from the part 573 filing; ODATE may be an INTERIM notice and the Administrator may modify a schedule, so >60 is not automatically a violation"
25V687000,Ford Motor Company,2025-10-10,2025-10-29,19,1412,MFR,no,TRAILER HITCHES,"lag = ODATE - RCDATE; 49 CFR 577.7(a)(1) sets 60 days from the part 573 filing; ODATE may be an INTERIM notice and the Administrator may modify a schedule, so >60 is not automatically a violation"
26V223000,"Chrysler (FCA US, LLC)",2026-04-09,2026-04-28,19,241,MFR,no,"SERVICE BRAKES, HYDRAULIC:ANTILOCK/TRACTION CONTROL/ELECTRONIC LIMITED SLIP:CONTROL UNIT/MODULE","lag = ODATE - RCDATE; 49 CFR 577.7(a)(1) sets 60 days from the part 573 filing; ODATE may be an INTERIM notice and the Administrator may modify a schedule, so >60 is not automatically a violation"
26V495000,"Chrysler (FCA US, LLC)",2026-07-30,2026-08-18,19,1271294,MFR,no,SEAT BELTS:REAR/OTHER:ANCHORAGE,"lag = ODATE - RCDATE; 49 CFR 577.7(a)(1) sets 60 days from the part 573 filing; ODATE may be an INTERIM notice and the Administrator may modify a schedule, so >60 is not automatically a violation"
26V326000,"Chrysler (FCA US, LLC)",2026-05-21,2026-06-09,19,59,MFR,no,BACK OVER PREVENTION: SENSING SYSTEM: CAMERA,"lag = ODATE - RCDATE; 49 CFR 577.7(a)(1) sets 60 days from the part 573 filing; ODATE may be an INTERIM notice and the Administrator may modify a schedule, so >60 is not automatically a violation"
26V362000,"Chrysler (FCA US, LLC)",2026-06-04,2026-06-23,19,17277,ODI,no,ELECTRICAL SYSTEM:PROPULSION SYSTEM:TRACTION BATTERY,"lag = ODATE - RCDATE; 49 CFR 577.7(a)(1) sets 60 days from the part 573 filing; ODATE may be an INTERIM notice and the Administrator may modify a schedule, so >60 is not automatically a violation"
24V480000,"Volkswagen Group of America, Inc.",2024-06-27,2024-07-15,18,84432,ODI,no,BACK OVER PREVENTION:SOFTWARE,"lag = ODATE - RCDATE; 49 CFR 577.7(a)(1) sets 60 days from the part 573 filing; ODATE may be an INTERIM notice and the Administrator may modify a schedule, so >60 is not automatically a violation"
24V777000,Ford Motor Company,2024-10-18,2024-11-05,18,50,MFR,no,"SERVICE BRAKES, HYDRAULIC:ANTILOCK/TRACTION CONTROL/ELECTRONIC LIMITED SLIP:CONTROL UNIT/MODULE","lag = ODATE - RCDATE; 49 CFR 577.7(a)(1) sets 60 days from the part 573 filing; ODATE may be an INTERIM notice and the Administrator may modify a schedule, so >60 is not automatically a violation"
25V548000,"Kia America, Inc.",2025-08-25,2025-09-12,18,30,MFR,no,ENGINE AND ENGINE COOLING:CRITICAL FASTENERS,"lag = ODATE - RCDATE; 49 CFR 577.7(a)(1) sets 60 days from the part 573 filing; ODATE may be an INTERIM notice and the Administrator may modify a schedule, so >60 is not automatically a violation"
25V438000,Ford Motor Company,2025-06-27,2025-07-15,18,5,MFR,no,"SERVICE BRAKES, HYDRAULIC:FOUNDATION COMPONENTS:HOSES, LINES/PIPING, AND FITTINGS","lag = ODATE - RCDATE; 49 CFR 577.7(a)(1) sets 60 days from the part 573 filing; ODATE may be an INTERIM notice and the Administrator may modify a schedule, so >60 is not automatically a violation"
25V100000,"Volkswagen Group of America, Inc.",2025-02-17,2025-03-07,18,177493,MFR,no,ENGINE,"lag = ODATE - RCDATE; 49 CFR 577.7(a)(1) sets 60 days from the part 573 filing; ODATE may be an INTERIM notice and the Administrator may modify a schedule, so >60 is not automatically a violation"
25V087000,"General Motors, LLC",2025-02-13,2025-03-03,18,82,MFR,no,STRUCTURE:BODY:DOOR,"lag = ODATE - RCDATE; 49 CFR 577.7(a)(1) sets 60 days from the part 573 filing; ODATE may be an INTERIM notice and the Administrator may modify a schedule, so >60 is not automatically a violation"
24V593000,Ford Motor Company,2024-08-09,2024-08-26,17,4595,MFR,no,SUSPENSION:REAR,"lag = ODATE - RCDATE; 49 CFR 577.7(a)(1) sets 60 days from the part 573 filing; ODATE may be an INTERIM notice and the Administrator may modify a schedule, so >60 is not automatically a violation"
24V693000,"Kia America, Inc.",2024-09-17,2024-10-04,17,12400,MFR,no,PARKING BRAKE:ELECTRICAL:CONTROL MODULE:SOFTWARE,"lag = ODATE - RCDATE; 49 CFR 577.7(a)(1) sets 60 days from the part 573 filing; ODATE may be an INTERIM notice and the Administrator may modify a schedule, so >60 is not automatically a violation"
24V590000,Ford Motor Company,2024-08-09,2024-08-26,17,757,MFR,no,ELECTRICAL SYSTEM:BODY CONTROL MODULE/BCM,"lag = ODATE - RCDATE; 49 CFR 577.7(a)(1) sets 60 days from the part 573 filing; ODATE may be an INTERIM notice and the Administrator may modify a schedule, so >60 is not automatically a violation"
25V049000,Ford Motor Company,2025-01-31,2025-02-17,17,298,MFR,no,ELECTRICAL SYSTEM: INSTRUMENT CLUSTER/PANEL,"lag = ODATE - RCDATE; 49 CFR 577.7(a)(1) sets 60 days from the part 573 filing; ODATE may be an INTERIM notice and the Administrator may modify a schedule, so >60 is not automatically a violation"
25V826000,"Chrysler (FCA US, LLC)",2025-12-01,2025-12-18,17,72509,MFR,no,ELECTRICAL SYSTEM: INSTRUMENT CLUSTER/PANEL,"lag = ODATE - RCDATE; 49 CFR 577.7(a)(1) sets 60 days from the part 573 filing; ODATE may be an INTERIM notice and the Administrator may modify a schedule, so >60 is not automatically a violation"
25V371000,Ford Motor Company,2025-06-03,2025-06-20,17,3,MFR,no,"SERVICE BRAKES, HYDRAULIC:FOUNDATION COMPONENTS:DISC:CALIPER","lag = ODATE - RCDATE; 49 CFR 577.7(a)(1) sets 60 days from the part 573 filing; ODATE may be an INTERIM notice and the Administrator may modify a schedule, so >60 is not automatically a violation"
25V729000,Ford Motor Company,2025-10-24,2025-11-10,17,174853,MFR,no,VISIBILITY:SUN/MOON ROOF ASSEMBLY,"lag = ODATE - RCDATE; 49 CFR 577.7(a)(1) sets 60 days from the part 573 filing; ODATE may be an INTERIM notice and the Administrator may modify a schedule, so >60 is not automatically a violation"
25V824000,"Chrysler (FCA US, LLC)",2025-12-01,2025-12-18,17,1589,MFR,no,AIR BAGS:SIDE/WINDOW:CURTAIN:INFLATOR,"lag = ODATE - RCDATE; 49 CFR 577.7(a)(1) sets 60 days from the part 573 filing; ODATE may be an INTERIM notice and the Administrator may modify a schedule, so >60 is not automatically a violation"
24V209000,"Chrysler (FCA US, LLC)",2024-03-19,2024-04-04,16,1201,OVSC,no,EQUIPMENT:OTHER:LABELS,"lag = ODATE - RCDATE; 49 CFR 577.7(a)(1) sets 60 days from the part 573 filing; ODATE may be an INTERIM notice and the Administrator may modify a schedule, so >60 is not automatically a violation"
24V870000,"BMW of North America, LLC",2024-11-19,2024-12-05,16,3,MFR,no,AIR BAGS: AIR BAG/RESTRAINT CONTROL MODULE,"lag = ODATE - RCDATE; 49 CFR 577.7(a)(1) sets 60 days from the part 573 filing; ODATE may be an INTERIM notice and the Administrator may modify a schedule, so >60 is not automatically a violation"
24V474000,"Chrysler (FCA US, LLC)",2024-06-25,2024-07-11,16,12675,MFR,no,TIRES:PRESSURE MONITORING AND REGULATING SYSTEMS,"lag = ODATE - RCDATE; 49 CFR 577.7(a)(1) sets 60 days from the part 573 filing; ODATE may be an INTERIM notice and the Administrator may modify a schedule, so >60 is not automatically a violation"
24V244000,"Kia America, Inc.",2024-04-01,2024-04-17,16,215,MFR,no,SUSPENSION:FRONT:CONTROL ARM:LOWER ARM,"lag = ODATE - RCDATE; 49 CFR 577.7(a)(1) sets 60 days from the part 573 filing; ODATE may be an INTERIM notice and the Administrator may modify a schedule, so >60 is not automatically a violation"
25V395000,"BMW of North America, LLC",2025-07-23,2025-08-08,16,71286,MFR,no,ELECTRICAL SYSTEM:PROPULSION SYSTEM:TRACTION MOTOR:CONTROLLER:SOFTWARE,"lag = ODATE - RCDATE; 49 CFR 577.7(a)(1) sets 60 days from the part 573 filing; ODATE may be an INTERIM notice and the Administrator may modify a schedule, so >60 is not automatically a violation"
26V559000,"Chrysler (FCA US, LLC)",2026-09-01,2026-09-17,16,201975,MFR,no,TIRES:PRESSURE MONITORING AND REGULATING SYSTEMS,"lag = ODATE - RCDATE; 49 CFR 577.7(a)(1) sets 60 days from the part 573 filing; ODATE may be an INTERIM notice and the Administrator may modify a schedule, so >60 is not automatically a violation"
26V414000,"Chrysler (FCA US, LLC)",2026-06-30,2026-07-16,16,11980,MFR,no,"SERVICE BRAKES, HYDRAULIC:POWER ASSIST:ELECTRIC:CONTROL MODULE:SOFTWARE","lag = ODATE - RCDATE; 49 CFR 577.7(a)(1) sets 60 days from the part 573 filing; ODATE may be an INTERIM notice and the Administrator may modify a schedule, so >60 is not automatically a violation"
26V468000,Ford Motor Company,2026-07-20,2026-08-05,16,565691,ODI,no,ENGINE,"lag = ODATE - RCDATE; 49 CFR 577.7(a)(1) sets 60 days from the part 573 filing; ODATE may be an INTERIM notice and the Administrator may modify a schedule, so >60 is not automatically a violation"
26V561000,"Chrysler (FCA US, LLC)",2026-09-01,2026-09-17,16,2017,MFR,no,ELECTRONIC STABILITY CONTROL (ESC),"lag = ODATE - RCDATE; 49 CFR 577.7(a)(1) sets 60 days from the part 573 filing; ODATE may be an INTERIM notice and the Administrator may modify a schedule, so >60 is not automatically a violation"
24V361000,"Volkswagen Group of America, Inc.",2024-05-22,2024-06-06,15,17797,MFR,no,EXTERIOR LIGHTING:LIGHTING CONTROL MODULE:SOFTWARE,"lag = ODATE - RCDATE; 49 CFR 577.7(a)(1) sets 60 days from the part 573 filing; ODATE may be an INTERIM notice and the Administrator may modify a schedule, so >60 is not automatically a violation"
24V757000,"Kia America, Inc.",2024-10-10,2024-10-25,15,14163,MFR,no,ELECTRICAL SYSTEM: INSTRUMENT CLUSTER/PANEL,"lag = ODATE - RCDATE; 49 CFR 577.7(a)(1) sets 60 days from the part 573 filing; ODATE may be an INTERIM notice and the Administrator may modify a schedule, so >60 is not automatically a violation"
25V350000,Ford Motor Company,2025-06-09,2025-06-24,15,63898,MFR,no,AIR BAGS:SENSOR:OCCUPANT CLASSIFICATION:STATUS INDICATOR LAMP/LIGHT,"lag = ODATE - RCDATE; 49 CFR 577.7(a)(1) sets 60 days from the part 573 filing; ODATE may be an INTERIM notice and the Administrator may modify a schedule, so >60 is not automatically a violation"
25V120000,"Volkswagen Group of America, Inc.",2025-02-27,2025-03-14,15,60490,MFR,no,"SERVICE BRAKES, HYDRAULIC:ANTILOCK/TRACTION CONTROL/ELECTRONIC LIMITED SLIP:CONTROL UNIT/MODULE","lag = ODATE - RCDATE; 49 CFR 577.7(a)(1) sets 60 days from the part 573 filing; ODATE may be an INTERIM notice and the Administrator may modify a schedule, so >60 is not automatically a violation"
25V334000,"Volkswagen Group of America, Inc.",2025-05-21,2025-06-05,15,171381,MFR,no,BACK OVER PREVENTION: SENSING SYSTEM: CAMERA,"lag = ODATE - RCDATE; 49 CFR 577.7(a)(1) sets 60 days from the part 573 filing; ODATE may be an INTERIM notice and the Administrator may modify a schedule, so >60 is not automatically a violation"
25V156000,"General Motors, LLC",2025-03-13,2025-03-28,15,10,MFR,no,STEERING,"lag = ODATE - RCDATE; 49 CFR 577.7(a)(1) sets 60 days from the part 573 filing; ODATE may be an INTERIM notice and the Administrator may modify a schedule, so >60 is not automatically a violation"
25V235000,Hyundai Motor America,2025-04-10,2025-04-25,15,1589,ODI,no,"SERVICE BRAKES, HYDRAULIC:POWER ASSIST:ELECTRIC:CONTROL MODULE:SOFTWARE","lag = ODATE - RCDATE; 49 CFR 577.7(a)(1) sets 60 days from the part 573 filing; ODATE may be an INTERIM notice and the Administrator may modify a schedule, so >60 is not automatically a violation"
26V371000,Ford Motor Company,2026-06-09,2026-06-24,15,58,MFR,no,POWER TRAIN:AUTOMATIC TRANSMISSION,"lag = ODATE - RCDATE; 49 CFR 577.7(a)(1) sets 60 days from the part 573 filing; ODATE may be an INTERIM notice and the Administrator may modify a schedule, so >60 is not automatically a violation"
26V321000,"Volkswagen Group of America, Inc.",2026-05-20,2026-06-04,15,8,MFR,no,BACK OVER PREVENTION:SOFTWARE,"lag = ODATE - RCDATE; 49 CFR 577.7(a)(1) sets 60 days from the part 573 filing; ODATE may be an INTERIM notice and the Administrator may modify a schedule, so >60 is not automatically a violation"
24V872000,"Chrysler (FCA US, LLC)",2024-11-19,2024-12-03,14,7198,MFR,no,ELECTRICAL SYSTEM:INSTRUMENT PANEL:SPEEDOMETER/ODOMETER,"lag = ODATE - RCDATE; 49 CFR 577.7(a)(1) sets 60 days from the part 573 filing; ODATE may be an INTERIM notice and the Administrator may modify a schedule, so >60 is not automatically a violation"
24V287000,"Kia America, Inc.",2024-04-23,2024-05-07,14,95,MFR,no,ELECTRICAL SYSTEM:WIRING,"lag = ODATE - RCDATE; 49 CFR 577.7(a)(1) sets 60 days from the part 573 filing; ODATE may be an INTERIM notice and the Administrator may modify a schedule, so >60 is not automatically a violation"
24V572000,"Chrysler (FCA US, LLC)",2024-08-01,2024-08-15,14,94,MFR,no,POWER TRAIN:MANUAL TRANSMISSION:CONTROL MODULE:SOFTWARE,"lag = ODATE - RCDATE; 49 CFR 577.7(a)(1) sets 60 days from the part 573 filing; ODATE may be an INTERIM notice and the Administrator may modify a schedule, so >60 is not automatically a violation"
24V573000,"Chrysler (FCA US, LLC)",2024-08-01,2024-08-15,14,2852,MFR,no,SEATS:CRITICAL FASTENERS,"lag = ODATE - RCDATE; 49 CFR 577.7(a)(1) sets 60 days from the part 573 filing; ODATE may be an INTERIM notice and the Administrator may modify a schedule, so >60 is not automatically a violation"
24V413000,"Chrysler (FCA US, LLC)",2024-06-06,2024-06-20,14,214,ODI,no,POWER TRAIN:MANUAL TRANSMISSION,"lag = ODATE - RCDATE; 49 CFR 577.7(a)(1) sets 60 days from the part 573 filing; ODATE may be an INTERIM notice and the Administrator may modify a schedule, so >60 is not automatically a violation"
24V772000,"BMW of North America, LLC",2024-10-17,2024-10-31,14,7,MFR,no,AIR BAGS:PASSENGER SIDE FRONTAL:CUSHION,"lag = ODATE - RCDATE; 49 CFR 577.7(a)(1) sets 60 days from the part 573 filing; ODATE may be an INTERIM notice and the Administrator may modify a schedule, so >60 is not automatically a violation"
24V223000,Ford Motor Company,2024-03-22,2024-04-05,14,115,MFR,no,TIRES,"lag = ODATE - RCDATE; 49 CFR 577.7(a)(1) sets 60 days from the part 573 filing; ODATE may be an INTERIM notice and the Administrator may modify a schedule, so >60 is not automatically a violation"
24V444000,Ford Motor Company,2024-06-17,2024-07-01,14,552188,ODI,no,POWER TRAIN:AUTOMATIC TRANSMISSION:CONTROL MODULE (TCM/PCM/TECM),"lag = ODATE - RCDATE; 49 CFR 577.7(a)(1) sets 60 days from the part 573 filing; ODATE may be an INTERIM notice and the Administrator may modify a schedule, so >60 is not automatically a violation"
24V112000,"Chrysler (FCA US, LLC)",2024-02-15,2024-02-29,14,1808,MFR,no,PARKING BRAKE,"lag = ODATE - RCDATE; 49 CFR 577.7(a)(1) sets 60 days from the part 573 filing; ODATE may be an INTERIM notice and the Administrator may modify a schedule, so >60 is not automatically a violation"
24V130000,"Chrysler (FCA US, LLC)",2024-02-22,2024-03-07,14,9433,ODI,no,EXTERIOR LIGHTING:HEADLIGHTS,"lag = ODATE - RCDATE; 49 CFR 577.7(a)(1) sets 60 days from the part 573 filing; ODATE may be an INTERIM notice and the Administrator may modify a schedule, so >60 is not automatically a violation"
24V676000,"Chrysler (FCA US, LLC)",2024-09-12,2024-09-26,14,46,MFR,no,BACK OVER PREVENTION: SENSING SYSTEM: CAMERA,"lag = ODATE - RCDATE; 49 CFR 577.7(a)(1) sets 60 days from the part 573 filing; ODATE may be an INTERIM notice and the Administrator may modify a schedule, so >60 is not automatically a violation"
24V496000,Ford Motor Company,2024-06-28,2024-07-12,14,10,MFR,no,"SERVICE BRAKES, HYDRAULIC:BRAKE FLUID LOW WARNING:SWITCH/SENSOR/FLOAT","lag = ODATE - RCDATE; 49 CFR 577.7(a)(1) sets 60 days from the part 573 filing; ODATE may be an INTERIM notice and the Administrator may modify a schedule, so >60 is not automatically a violation"
24V111000,"Chrysler (FCA US, LLC)",2024-02-15,2024-02-29,14,199143,MFR,no,VISIBILITY:DEFROSTER/DEFOGGER/HVAC SYSTEM,"lag = ODATE - RCDATE; 49 CFR 577.7(a)(1) sets 60 days from the part 573 filing; ODATE may be an INTERIM notice and the Administrator may modify a schedule, so >60 is not automatically a violation"
24V240000,"Chrysler (FCA US, LLC)",2024-03-28,2024-04-11,14,26776,MFR,no,TRACTION CONTROL SYSTEM,"lag = ODATE - RCDATE; 49 CFR 577.7(a)(1) sets 60 days from the part 573 filing; ODATE may be an INTERIM notice and the Administrator may modify a schedule, so >60 is not automatically a violation"
24V346000,"Chrysler (FCA US, LLC)",2024-05-16,2024-05-30,14,7,MFR,no,AIR BAGS:FRONTAL,"lag = ODATE - RCDATE; 49 CFR 577.7(a)(1) sets 60 days from the part 573 filing; ODATE may be an INTERIM notice and the Administrator may modify a schedule, so >60 is not automatically a violation"
24V574000,"Chrysler (FCA US, LLC)",2024-08-01,2024-08-15,14,898,MFR,no,SEATS:CRITICAL FASTENERS,"lag = ODATE - RCDATE; 49 CFR 577.7(a)(1) sets 60 days from the part 573 filing; ODATE may be an INTERIM notice and the Administrator may modify a schedule, so >60 is not automatically a violation"
24V293000,Ford Motor Company,2024-04-26,2024-05-10,14,242669,MFR,no,ELECTRICAL SYSTEM:BODY CONTROL MODULE:SOFTWARE,"lag = ODATE - RCDATE; 49 CFR 577.7(a)(1) sets 60 days from the part 573 filing; ODATE may be an INTERIM notice and the Administrator may modify a schedule, so >60 is not automatically a violation"
25V253000,"Mercedes-Benz USA, LLC",2025-05-02,2025-05-16,14,46,MFR,no,SEAT BELTS:FRONT,"lag = ODATE - RCDATE; 49 CFR 577.7(a)(1) sets 60 days from the part 573 filing; ODATE may be an INTERIM notice and the Administrator may modify a schedule, so >60 is not automatically a violation"
25V231000,"Chrysler (FCA US, LLC)",2025-04-10,2025-04-24,14,10423,MFR,no,ELECTRICAL SYSTEM: INSTRUMENT CLUSTER/PANEL,"lag = ODATE - RCDATE; 49 CFR 577.7(a)(1) sets 60 days from the part 573 filing; ODATE may be an INTERIM notice and the Administrator may modify a schedule, so >60 is not automatically a violation"
25V787000,Ford Motor Company,2025-11-14,2025-11-28,14,2,MFR,no,ELECTRONIC STABILITY CONTROL (ESC),"lag = ODATE - RCDATE; 49 CFR 577.7(a)(1) sets 60 days from the part 573 filing; ODATE may be an INTERIM notice and the Administrator may modify a schedule, so >60 is not automatically a violation"
25V512000,Ford Motor Company,2025-08-08,2025-08-22,14,103174,ODI,no,POWER TRAIN:AXLE HUBS,"lag = ODATE - RCDATE; 49 CFR 577.7(a)(1) sets 60 days from the part 573 filing; ODATE may be an INTERIM notice and the Administrator may modify a schedule, so >60 is not automatically a violation"
25V618000,"Chrysler (FCA US, LLC)",2025-09-17,2025-10-01,14,10,MFR,no,TRAILER HITCHES,"lag = ODATE - RCDATE; 49 CFR 577.7(a)(1) sets 60 days from the part 573 filing; ODATE may be an INTERIM notice and the Administrator may modify a schedule, so >60 is not automatically a violation"
25V628000,Ford Motor Company,2025-09-19,2025-10-03,14,4632,MFR,no,ENGINE,"lag = ODATE - RCDATE; 49 CFR 577.7(a)(1) sets 60 days from the part 573 filing; ODATE may be an INTERIM notice and the Administrator may modify a schedule, so >60 is not automatically a violation"
25V297000,"Chrysler (FCA US, LLC)",2025-05-08,2025-05-22,14,778,MFR,no,ELECTRICAL SYSTEM: INSTRUMENT CLUSTER/PANEL,"lag = ODATE - RCDATE; 49 CFR 577.7(a)(1) sets 60 days from the part 573 filing; ODATE may be an INTERIM notice and the Administrator may modify a schedule, so >60 is not automatically a violation"
25V161000,Ford Motor Company,2025-03-14,2025-03-28,14,4721,MFR,no,BACK OVER PREVENTION: SENSING SYSTEM: CAMERA,"lag = ODATE - RCDATE; 49 CFR 577.7(a)(1) sets 60 days from the part 573 filing; ODATE may be an INTERIM notice and the Administrator may modify a schedule, so >60 is not automatically a violation"
25V174000,"Chrysler (FCA US, LLC)",2025-03-20,2025-04-03,14,3919,MFR,no,EXTERIOR LIGHTING:HEADLIGHTS,"lag = ODATE - RCDATE; 49 CFR 577.7(a)(1) sets 60 days from the part 573 filing; ODATE may be an INTERIM notice and the Administrator may modify a schedule, so >60 is not automatically a violation"
25V199000,Ford Motor Company,2025-03-28,2025-04-11,14,47,MFR,no,"ELECTRICAL SYSTEM:PROPULSION SYSTEM:FUSES, RELAYS, CONTACTS, AND SHUNTS","lag = ODATE - RCDATE; 49 CFR 577.7(a)(1) sets 60 days from the part 573 filing; ODATE may be an INTERIM notice and the Administrator may modify a schedule, so >60 is not automatically a violation"
25V397000,Ford Motor Company,2025-06-13,2025-06-27,14,27768,MFR,no,LATCHES/LOCKS/LINKAGES:DOORS:LOCK,"lag = ODATE - RCDATE; 49 CFR 577.7(a)(1) sets 60 days from the part 573 filing; ODATE may be an INTERIM notice and the Administrator may modify a schedule, so >60 is not automatically a violation"
25V271000,Ford Motor Company,2025-04-23,2025-05-07,14,326,MFR,no,EQUIPMENT:OTHER:LABELS,"lag = ODATE - RCDATE; 49 CFR 577.7(a)(1) sets 60 days from the part 573 filing; ODATE may be an INTERIM notice and the Administrator may modify a schedule, so >60 is not automatically a violation"
25V592000,"Chrysler (FCA US, LLC)",2025-09-11,2025-09-25,14,1761,ODI,no,AIR BAGS:SIDE/WINDOW:CURTAIN:INFLATOR,"lag = ODATE - RCDATE; 49 CFR 577.7(a)(1) sets 60 days from the part 573 filing; ODATE may be an INTERIM notice and the Administrator may modify a schedule, so >60 is not automatically a violation"
25V103000,"Volkswagen Group of America, Inc.",2025-02-19,2025-03-05,14,8237,ODI,no,BACK OVER PREVENTION:SOFTWARE,"lag = ODATE - RCDATE; 49 CFR 577.7(a)(1) sets 60 days from the part 573 filing; ODATE may be an INTERIM notice and the Administrator may modify a schedule, so >60 is not automatically a violation"
25V191000,"Chrysler (FCA US, LLC)",2025-03-27,2025-04-10,14,8,MFR,no,"SERVICE BRAKES, HYDRAULIC:CRITICAL FASTENERS","lag = ODATE - RCDATE; 49 CFR 577.7(a)(1) sets 60 days from the part 573 filing; ODATE may be an INTERIM notice and the Administrator may modify a schedule, so >60 is not automatically a violation"
25V311000,Ford Motor Company,2025-05-09,2025-05-23,14,46,MFR,no,SEATS:CRITICAL FASTENERS,"lag = ODATE - RCDATE; 49 CFR 577.7(a)(1) sets 60 days from the part 573 filing; ODATE may be an INTERIM notice and the Administrator may modify a schedule, so >60 is not automatically a violation"
25V341000,Ford Motor Company,2025-05-23,2025-06-06,14,29501,MFR,no,SUSPENSION:FRONT:CONTROL ARM:UPPER BALL JOINT,"lag = ODATE - RCDATE; 49 CFR 577.7(a)(1) sets 60 days from the part 573 filing; ODATE may be an INTERIM notice and the Administrator may modify a schedule, so >60 is not automatically a violation"
25V540000,Ford Motor Company,2025-08-22,2025-09-05,14,355656,MFR,no,ELECTRICAL SYSTEM: INSTRUMENT CLUSTER/PANEL,"lag = ODATE - RCDATE; 49 CFR 577.7(a)(1) sets 60 days from the part 573 filing; ODATE may be an INTERIM notice and the Administrator may modify a schedule, so >60 is not automatically a violation"
25V597000,Ford Motor Company,2025-09-11,2025-09-25,14,9,MFR,no,"FUEL SYSTEM, GASOLINE:DELIVERY:FUEL PUMP","lag = ODATE - RCDATE; 49 CFR 577.7(a)(1) sets 60 days from the part 573 filing; ODATE may be an INTERIM notice and the Administrator may modify a schedule, so >60 is not automatically a violation"
25V593000,"Chrysler (FCA US, LLC)",2025-09-11,2025-09-25,14,163735,MFR,no,STRUCTURE:EXTERIOR TRIM,"lag = ODATE - RCDATE; 49 CFR 577.7(a)(1) sets 60 days from the part 573 filing; ODATE may be an INTERIM notice and the Administrator may modify a schedule, so >60 is not automatically a violation"
25V389000,"Chrysler (FCA US, LLC)",2025-06-12,2025-06-26,14,8390,MFR,no,FORWARD COLLISION AVOIDANCE: WARNINGS:EXTERNAL/PEDESTRIAN ALERT,"lag = ODATE - RCDATE; 49 CFR 577.7(a)(1) sets 60 days from the part 573 filing; ODATE may be an INTERIM notice and the Administrator may modify a schedule, so >60 is not automatically a violation"
25V862000,Ford Motor Company,2025-12-12,2025-12-26,14,780,OVSC,no,SEAT BELTS:REAR/OTHER:RETRACTOR,"lag = ODATE - RCDATE; 49 CFR 577.7(a)(1) sets 60 days from the part 573 filing; ODATE may be an INTERIM notice and the Administrator may modify a schedule, so >60 is not automatically a violation"
25V083000,"Chrysler (FCA US, LLC)",2025-02-13,2025-02-27,14,133,MFR,no,EQUIPMENT:ELECTRICAL:INFOTAINMENT:VIDEO (TOUCH)SCREEN/MONITOR/UNIT,"lag = ODATE - RCDATE; 49 CFR 577.7(a)(1) sets 60 days from the part 573 filing; ODATE may be an INTERIM notice and the Administrator may modify a schedule, so >60 is not automatically a violation"
25V310000,Ford Motor Company,2025-05-09,2025-05-23,14,4497,MFR,no,SUSPENSION:FRONT:CONTROL ARM:UPPER BALL JOINT,"lag = ODATE - RCDATE; 49 CFR 577.7(a)(1) sets 60 days from the part 573 filing; ODATE may be an INTERIM notice and the Administrator may modify a schedule, so >60 is not automatically a violation"
26V118000,Ford Motor Company,2026-03-03,2026-03-17,14,316,ODI,no,BACK OVER PREVENTION:WARNINGS:EXTERNAL/PEDESTRIAN ALERT,"lag = ODATE - RCDATE; 49 CFR 577.7(a)(1) sets 60 days from the part 573 filing; ODATE may be an INTERIM notice and the Administrator may modify a schedule, so >60 is not automatically a violation"
26V456000,"Chrysler (FCA US, LLC)",2026-07-16,2026-07-30,14,641,MFR,no,WHEELS,"lag = ODATE - RCDATE; 49 CFR 577.7(a)(1) sets 60 days from the part 573 filing; ODATE may be an INTERIM notice and the Administrator may modify a schedule, so >60 is not automatically a violation"
26V288000,"Chrysler (FCA US, LLC)",2026-05-07,2026-05-21,14,12736,MFR,no,POWER TRAIN:AUTOMATIC TRANSMISSION:CONTROL MODULE (TCM/PCM/TECM),"lag = ODATE - RCDATE; 49 CFR 577.7(a)(1) sets 60 days from the part 573 filing; ODATE may be an INTERIM notice and the Administrator may modify a schedule, so >60 is not automatically a violation"
24V220000,Ford Motor Company,2024-03-22,2024-04-04,13,362,MFR,no,"FUEL SYSTEM, GASOLINE:DELIVERY:HOSES, LINES/PIPING, AND FITTINGS","lag = ODATE - RCDATE; 49 CFR 577.7(a)(1) sets 60 days from the part 573 filing; ODATE may be an INTERIM notice and the Administrator may modify a schedule, so >60 is not automatically a violation"
24V014000,"General Motors, LLC",2024-01-11,2024-01-24,13,66,MFR,no,POWER TRAIN,"lag = ODATE - RCDATE; 49 CFR 577.7(a)(1) sets 60 days from the part 573 filing; ODATE may be an INTERIM notice and the Administrator may modify a schedule, so >60 is not automatically a violation"
24V237000,"General Motors, LLC",2024-03-28,2024-04-10,13,17,MFR,no,WHEELS:LUGS/NUTS/BOLTS/STUDS,"lag = ODATE - RCDATE; 49 CFR 577.7(a)(1) sets 60 days from the part 573 filing; ODATE may be an INTERIM notice and the Administrator may modify a schedule, so >60 is not automatically a violation"
25V303000,Ford Motor Company,2025-05-09,2025-05-22,13,2002,MFR,no,LATCHES/LOCKS/LINKAGES:DOORS:LOCK,"lag = ODATE - RCDATE; 49 CFR 577.7(a)(1) sets 60 days from the part 573 filing; ODATE may be an INTERIM notice and the Administrator may modify a schedule, so >60 is not automatically a violation"
25V730000,Ford Motor Company,2025-10-24,2025-11-06,13,56841,MFR,no,VISIBILITY:WINDSHIELD,"lag = ODATE - RCDATE; 49 CFR 577.7(a)(1) sets 60 days from the part 573 filing; ODATE may be an INTERIM notice and the Administrator may modify a schedule, so >60 is not automatically a violation"
25V441000,Ford Motor Company,2025-06-27,2025-07-10,13,239,MFR,no,ELECTRICAL SYSTEM:PROPULSION SYSTEM:TRACTION BATTERY:MANAGEMENT SYSTEM/ENERGY CONTROL MODULE (BMS/BECM),"lag = ODATE - RCDATE; 49 CFR 577.7(a)(1) sets 60 days from the part 573 filing; ODATE may be an INTERIM notice and the Administrator may modify a schedule, so >60 is not automatically a violation"
26V473000,"Volkswagen Group of America, Inc.",2026-07-22,2026-08-04,13,57851,MFR,no,BACK OVER PREVENTION:SOFTWARE,"lag = ODATE - RCDATE; 49 CFR 577.7(a)(1) sets 60 days from the part 573 filing; ODATE may be an INTERIM notice and the Administrator may modify a schedule, so >60 is not automatically a violation"
26V240000,"Volkswagen Group of America, Inc.",2026-04-15,2026-04-28,13,18853,MFR,no,"SERVICE BRAKES, HYDRAULIC:PEDALS AND LINKAGES","lag = ODATE - RCDATE; 49 CFR 577.7(a)(1) sets 60 days from the part 573 filing; ODATE may be an INTERIM notice and the Administrator may modify a schedule, so >60 is not automatically a violation"
26V159000,Ford Motor Company,2026-03-17,2026-03-30,13,561,MFR,no,SEAT BELTS,"lag = ODATE - RCDATE; 49 CFR 577.7(a)(1) sets 60 days from the part 573 filing; ODATE may be an INTERIM notice and the Administrator may modify a schedule, so >60 is not automatically a violation"
24V443000,Ford Motor Company,2024-06-14,2024-06-26,12,159,MFR,no,ELECTRICAL SYSTEM:BODY CONTROL MODULE:SOFTWARE,"lag = ODATE - RCDATE; 49 CFR 577.7(a)(1) sets 60 days from the part 573 filing; ODATE may be an INTERIM notice and the Administrator may modify a schedule, so >60 is not automatically a violation"
24V330000,Ford Motor Company,2024-05-10,2024-05-22,12,9312,ODI,no,POWER TRAIN:AUTOMATIC TRANSMISSION:CONTROL MODULE (TCM/PCM/TECM),"lag = ODATE - RCDATE; 49 CFR 577.7(a)(1) sets 60 days from the part 573 filing; ODATE may be an INTERIM notice and the Administrator may modify a schedule, so >60 is not automatically a violation"
24V329000,Ford Motor Company,2024-05-10,2024-05-22,12,385,MFR,no,STEERING:COLUMN,"lag = ODATE - RCDATE; 49 CFR 577.7(a)(1) sets 60 days from the part 573 filing; ODATE may be an INTERIM notice and the Administrator may modify a schedule, so >60 is not automatically a violation"
24V486000,Ford Motor Company,2024-06-28,2024-07-10,12,4361,MFR,no,VISIBILITY:WINDSHIELD,"lag = ODATE - RCDATE; 49 CFR 577.7(a)(1) sets 60 days from the part 573 filing; ODATE may be an INTERIM notice and the Administrator may modify a schedule, so >60 is not automatically a violation"
24V848000,Ford Motor Company,2024-11-08,2024-11-20,12,65,MFR,no,"FUEL SYSTEM, GASOLINE:DELIVERY:HOSES, LINES/PIPING, AND FITTINGS","lag = ODATE - RCDATE; 49 CFR 577.7(a)(1) sets 60 days from the part 573 filing; ODATE may be an INTERIM notice and the Administrator may modify a schedule, so >60 is not automatically a violation"
25V515000,Ford Motor Company,2025-08-08,2025-08-20,12,2361,MFR,no,EXTERIOR LIGHTING:LIGHTING CONTROL MODULE,"lag = ODATE - RCDATE; 49 CFR 577.7(a)(1) sets 60 days from the part 573 filing; ODATE may be an INTERIM notice and the Administrator may modify a schedule, so >60 is not automatically a violation"
25V316000,Ford Motor Company,2025-05-09,2025-05-21,12,206,MFR,no,STRUCTURE:FRAME AND MEMBERS,"lag = ODATE - RCDATE; 49 CFR 577.7(a)(1) sets 60 days from the part 573 filing; ODATE may be an INTERIM notice and the Administrator may modify a schedule, so >60 is not automatically a violation"
25V430000,"Chrysler (FCA US, LLC)",2025-06-26,2025-07-08,12,1689,MFR,no,VISIBILITY:DEFROSTER/DEFOGGER/HVAC SYSTEM:FAN/MOTOR,"lag = ODATE - RCDATE; 49 CFR 577.7(a)(1) sets 60 days from the part 573 filing; ODATE may be an INTERIM notice and the Administrator may modify a schedule, so >60 is not automatically a violation"
25V020000,Ford Motor Company,2025-01-17,2025-01-29,12,259,MFR,no,STRUCTURE:FRAME AND MEMBERS,"lag = ODATE - RCDATE; 49 CFR 577.7(a)(1) sets 60 days from the part 573 filing; ODATE may be an INTERIM notice and the Administrator may modify a schedule, so >60 is not automatically a violation"
26V578000,Ford Motor Company,2026-09-09,2026-09-21,12,223472,MFR,no,"FUEL SYSTEM, GASOLINE:STORAGE:TANK ASSEMBLY:MOUNTING","lag = ODATE - RCDATE; 49 CFR 577.7(a)(1) sets 60 days from the part 573 filing; ODATE may be an INTERIM notice and the Administrator may modify a schedule, so >60 is not automatically a violation"
26V345000,"General Motors, LLC",2026-05-28,2026-06-09,12,232,MFR,no,STEERING:COLUMN,"lag = ODATE - RCDATE; 49 CFR 577.7(a)(1) sets 60 days from the part 573 filing; ODATE may be an INTERIM notice and the Administrator may modify a schedule, so >60 is not automatically a violation"
26V532000,Ford Motor Company,2026-08-13,2026-08-25,12,6,MFR,no,ENGINE AND ENGINE COOLING:ENGINE:HARD PARTS INTERNAL/MECHANICAL,"lag = ODATE - RCDATE; 49 CFR 577.7(a)(1) sets 60 days from the part 573 filing; ODATE may be an INTERIM notice and the Administrator may modify a schedule, so >60 is not automatically a violation"
26V576000,Ford Motor Company,2026-09-09,2026-09-21,12,37,MFR,no,POWER TRAIN:DRIVELINE:DIFFERENTIAL UNIT,"lag = ODATE - RCDATE; 49 CFR 577.7(a)(1) sets 60 days from the part 573 filing; ODATE may be an INTERIM notice and the Administrator may modify a schedule, so >60 is not automatically a violation"
24V394000,Ford Motor Company,2024-06-03,2024-06-14,11,8161,MFR,no,POWER TRAIN:CLUTCH ASSEMBLY:LINKAGE:HYDRAULIC HOSE/FITTINGS,"lag = ODATE - RCDATE; 49 CFR 577.7(a)(1) sets 60 days from the part 573 filing; ODATE may be an INTERIM notice and the Administrator may modify a schedule, so >60 is not automatically a violation"
25V115000,"Kia America, Inc.",2025-02-24,2025-03-07,11,342,MFR,no,ELECTRICAL SYSTEM:PROPULSION SYSTEM,"lag = ODATE - RCDATE; 49 CFR 577.7(a)(1) sets 60 days from the part 573 filing; ODATE may be an INTERIM notice and the Administrator may modify a schedule, so >60 is not automatically a violation"
26V289000,"General Motors, LLC",2026-05-07,2026-05-18,11,66,MFR,no,POWER TRAIN:TRANSFER CASE (4-WHEEL DRIVE),"lag = ODATE - RCDATE; 49 CFR 577.7(a)(1) sets 60 days from the part 573 filing; ODATE may be an INTERIM notice and the Administrator may modify a schedule, so >60 is not automatically a violation"
24V450000,"Jaguar Land Rover North America, LLC",2024-06-17,2024-06-27,10,2013,MFR,no,ENGINE AND ENGINE COOLING:ENGINE:OIL/LUBRICATION:FILTER/SCREEN,"lag = ODATE - RCDATE; 49 CFR 577.7(a)(1) sets 60 days from the part 573 filing; ODATE may be an INTERIM notice and the Administrator may modify a schedule, so >60 is not automatically a violation"
26V120000,Ford Motor Company,2026-03-03,2026-03-13,10,1189,MFR,no,SEATS:FRONT ASSEMBLY:POWER ADJUST,"lag = ODATE - RCDATE; 49 CFR 577.7(a)(1) sets 60 days from the part 573 filing; ODATE may be an INTERIM notice and the Administrator may modify a schedule, so >60 is not automatically a violation"
26V202000,Ford Motor Company,2026-03-31,2026-04-10,10,55,MFR,no,VISIBILITY:DEFROSTER/DEFOGGER/HVAC SYSTEM:FAN/MOTOR,"lag = ODATE - RCDATE; 49 CFR 577.7(a)(1) sets 60 days from the part 573 filing; ODATE may be an INTERIM notice and the Administrator may modify a schedule, so >60 is not automatically a violation"
26V205000,Ford Motor Company,2026-03-31,2026-04-10,10,278,MFR,no,ENGINE AND ENGINE COOLING:ENGINE:HARD PARTS INTERNAL/MECHANICAL,"lag = ODATE - RCDATE; 49 CFR 577.7(a)(1) sets 60 days from the part 573 filing; ODATE may be an INTERIM notice and the Administrator may modify a schedule, so >60 is not automatically a violation"
26V155000,Ford Motor Company,2026-03-17,2026-03-27,10,2422,MFR,no,EXTERIOR LIGHTING:BRAKE LIGHTS,"lag = ODATE - RCDATE; 49 CFR 577.7(a)(1) sets 60 days from the part 573 filing; ODATE may be an INTERIM notice and the Administrator may modify a schedule, so >60 is not automatically a violation"
26V062000,Ford Motor Company,2026-02-03,2026-02-13,10,98,MFR,no,ELECTRICAL SYSTEM:PROPULSION SYSTEM:TRACTION BATTERY,"lag = ODATE - RCDATE; 49 CFR 577.7(a)(1) sets 60 days from the part 573 filing; ODATE may be an INTERIM notice and the Administrator may modify a schedule, so >60 is not automatically a violation"
25V835000,"Volkswagen Group of America, Inc.",2025-12-03,2025-12-12,9,27,MFR,no,WHEELS:LUGS/NUTS/BOLTS/STUDS,"lag = ODATE - RCDATE; 49 CFR 577.7(a)(1) sets 60 days from the part 573 filing; ODATE may be an INTERIM notice and the Administrator may modify a schedule, so >60 is not automatically a violation"
26V024000,Ford Motor Company,2026-01-21,2026-01-30,9,8,MFR,no,VISIBILITY:WINDSHIELD,"lag = ODATE - RCDATE; 49 CFR 577.7(a)(1) sets 60 days from the part 573 filing; ODATE may be an INTERIM notice and the Administrator may modify a schedule, so >60 is not automatically a violation"
26V577000,Ford Motor Company,2026-09-09,2026-09-18,9,17,MFR,no,SUSPENSION:REAR,"lag = ODATE - RCDATE; 49 CFR 577.7(a)(1) sets 60 days from the part 573 filing; ODATE may be an INTERIM notice and the Administrator may modify a schedule, so >60 is not automatically a violation"
26V125000,"Volkswagen Group of America, Inc.",2026-03-04,2026-03-13,9,1620,MFR,no,LANE DEPARTURE:SOFTWARE,"lag = ODATE - RCDATE; 49 CFR 577.7(a)(1) sets 60 days from the part 573 filing; ODATE may be an INTERIM notice and the Administrator may modify a schedule, so >60 is not automatically a violation"
26V025000,Ford Motor Company,2026-01-21,2026-01-30,9,231,MFR,no,EXTERIOR LIGHTING:BACK UP LIGHTS:SWITCH,"lag = ODATE - RCDATE; 49 CFR 577.7(a)(1) sets 60 days from the part 573 filing; ODATE may be an INTERIM notice and the Administrator may modify a schedule, so >60 is not automatically a violation"
24V752000,"Chrysler (FCA US, LLC)",2024-10-09,2024-10-17,8,21069,MFR,no,"SERVICE BRAKES, HYDRAULIC:PEDALS AND LINKAGES","lag = ODATE - RCDATE; 49 CFR 577.7(a)(1) sets 60 days from the part 573 filing; ODATE may be an INTERIM notice and the Administrator may modify a schedule, so >60 is not automatically a violation"
26V335000,Ford Motor Company,2026-05-26,2026-06-03,8,268,MFR,no,EQUIPMENT:OTHER:LABELS,"lag = ODATE - RCDATE; 49 CFR 577.7(a)(1) sets 60 days from the part 573 filing; ODATE may be an INTERIM notice and the Administrator may modify a schedule, so >60 is not automatically a violation"
24V909000,"BMW of North America, LLC",2024-12-05,2024-12-12,7,2,MFR,no,SUSPENSION:FRONT:WHEEL BEARING,"lag = ODATE - RCDATE; 49 CFR 577.7(a)(1) sets 60 days from the part 573 filing; ODATE may be an INTERIM notice and the Administrator may modify a schedule, so >60 is not automatically a violation"
24V320000,"General Motors, LLC",2024-05-09,2024-05-16,7,10,MFR,no,ELECTRICAL SYSTEM:PROPULSION SYSTEM,"lag = ODATE - RCDATE; 49 CFR 577.7(a)(1) sets 60 days from the part 573 filing; ODATE may be an INTERIM notice and the Administrator may modify a schedule, so >60 is not automatically a violation"
26V090000,Ford Motor Company,2026-02-17,2026-02-24,7,15965,MFR,no,"SERVICE BRAKES, HYDRAULIC:PEDALS AND LINKAGES","lag = ODATE - RCDATE; 49 CFR 577.7(a)(1) sets 60 days from the part 573 filing; ODATE may be an INTERIM notice and the Administrator may modify a schedule, so >60 is not automatically a violation"
26V581000,Ford Motor Company,2026-09-09,2026-09-16,7,7,MFR,no,AIR BAGS:FRONTAL,"lag = ODATE - RCDATE; 49 CFR 577.7(a)(1) sets 60 days from the part 573 filing; ODATE may be an INTERIM notice and the Administrator may modify a schedule, so >60 is not automatically a violation"
25V401000,Ford Motor Company,2025-06-13,2025-06-19,6,2345,MFR,no,"SERVICE BRAKES, HYDRAULIC:PEDALS AND LINKAGES","lag = ODATE - RCDATE; 49 CFR 577.7(a)(1) sets 60 days from the part 573 filing; ODATE may be an INTERIM notice and the Administrator may modify a schedule, so >60 is not automatically a violation"
25V480000,"BMW of North America, LLC",2025-07-25,2025-07-30,5,33,MFR,no,COMMUNICATION: AUTO CRASH NOTIFICATION,"lag = ODATE - RCDATE; 49 CFR 577.7(a)(1) sets 60 days from the part 573 filing; ODATE may be an INTERIM notice and the Administrator may modify a schedule, so >60 is not automatically a violation"
24V451000,"Jaguar Land Rover North America, LLC",2024-06-24,2024-06-27,3,150,MFR,no,ENGINE AND ENGINE COOLING:COOLING SYSTEM:HOSES/LINES/PIPING/FITTINGS,"lag = ODATE - RCDATE; 49 CFR 577.7(a)(1) sets 60 days from the part 573 filing; ODATE may be an INTERIM notice and the Administrator may modify a schedule, so >60 is not automatically a violation"
24V856000,"BMW of North America, LLC",2024-11-12,2024-11-13,1,2,MFR,no,AIR BAGS:SIDE/WINDOW:CURTAIN,"lag = ODATE - RCDATE; 49 CFR 577.7(a)(1) sets 60 days from the part 573 filing; ODATE may be an INTERIM notice and the Administrator may modify a schedule, so >60 is not automatically a violation"
24V340000,"BMW of North America, LLC",2024-05-15,2024-05-14,-1,9,MFR,no,STRUCTURE:INTERIOR PANELS:DOOR,"lag = ODATE - RCDATE; 49 CFR 577.7(a)(1) sets 60 days from the part 573 filing; ODATE may be an INTERIM notice and the Administrator may modify a schedule, so >60 is not automatically a violation"
24V539000,Hyundai Motor America,2024-07-18,2024-07-12,-6,35,MFR,no,STEERING:GEAR BOX:SHAFT PITMAN,"lag = ODATE - RCDATE; 49 CFR 577.7(a)(1) sets 60 days from the part 573 filing; ODATE may be an INTERIM notice and the Administrator may modify a schedule, so >60 is not automatically a violation"
24V284000,"Tesla, Inc.",2024-04-19,2024-04-12,-7,1,MFR,no,AIR BAGS:SIDE/WINDOW:THORAX,"lag = ODATE - RCDATE; 49 CFR 577.7(a)(1) sets 60 days from the part 573 filing; ODATE may be an INTERIM notice and the Administrator may modify a schedule, so >60 is not automatically a violation"
24V135000,"BMW of North America, LLC",2024-02-23,2024-02-16,-7,4,MFR,no,ELECTRICAL SYSTEM:PROPULSION SYSTEM:TRACTION BATTERY,"lag = ODATE - RCDATE; 49 CFR 577.7(a)(1) sets 60 days from the part 573 filing; ODATE may be an INTERIM notice and the Administrator may modify a schedule, so >60 is not automatically a violation"
24V289000,"Chrysler (FCA US, LLC)",2024-04-25,2024-02-06,-79,8,MFR,no,BACK OVER PREVENTION: SENSING SYSTEM: CAMERA,"lag = ODATE - RCDATE; 49 CFR 577.7(a)(1) sets 60 days from the part 573 filing; ODATE may be an INTERIM notice and the Administrator may modify a schedule, so >60 is not automatically a violation"
24V291000,"Chrysler (FCA US, LLC)",2024-04-25,2023-01-16,-465,2,MFR,no,BACK OVER PREVENTION: SENSING SYSTEM: CAMERA,"lag = ODATE - RCDATE; 49 CFR 577.7(a)(1) sets 60 days from the part 573 filing; ODATE may be an INTERIM notice and the Administrator may modify a schedule, so >60 is not automatically a violation"
24V437000,"Chrysler (FCA US, LLC)",2024-06-13,2022-10-03,-619,1,MFR,no,BACK OVER PREVENTION: SENSING SYSTEM: CAMERA,"lag = ODATE - RCDATE; 49 CFR 577.7(a)(1) sets 60 days from the part 573 filing; ODATE may be an INTERIM notice and the Administrator may modify a schedule, so >60 is not automatically a violation"
24V290000,"Chrysler (FCA US, LLC)",2024-04-25,2021-01-27,-1184,2,MFR,no,ELECTRONIC STABILITY CONTROL (ESC),"lag = ODATE - RCDATE; 49 CFR 577.7(a)(1) sets 60 days from the part 573 filing; ODATE may be an INTERIM notice and the Administrator may modify a schedule, so >60 is not automatically a violation"
24V516000,"Chrysler (FCA US, LLC)",2024-07-08,2020-10-30,-1347,13,MFR,no,AIR BAGS:SIDE/WINDOW:CURTAIN,"lag = ODATE - RCDATE; 49 CFR 577.7(a)(1) sets 60 days from the part 573 filing; ODATE may be an INTERIM notice and the Administrator may modify a schedule, so >60 is not automatically a violation"
24V793000,"Chrysler (FCA US, LLC)",2024-10-24,2020-10-22,-1463,26,MFR,no,AIR BAGS:SIDE/WINDOW:CURTAIN,"lag = ODATE - RCDATE; 49 CFR 577.7(a)(1) sets 60 days from the part 573 filing; ODATE may be an INTERIM notice and the Administrator may modify a schedule, so >60 is not automatically a violation"
