nhtsa_campaign,report_received_date,makes,models,model_years,component,potentially_affected,park_outside,text_match_dnd,is_takata_airbag,consequence_summary,corrective_action
16V352000,2016-05-24,CHRYSLER; DODGE; JEEP; MITSUBISHI; RAM,300; ASPEN; CHALLENGER; CHARGER; DAKOTA; DURANGO; MAGNUM; RAIDER; RAM 1500; RAM 2500; RAM 3500; RAM 4500; RAM 5500; WRANGLER; redundant 4500; redundant 5500; redundant RAM 3500,2004-2012,AIR BAGS:FRONTAL:PASSENGER SIDE:INFLATOR MODULE,4648270,No,No,Yes,"These vehicles are equipped with certain air bag inflators assembled as part of the passenger frontal air bag modules, and used as original equipment or replacement equipment.  These inflators may rupture due to propellant degradation occurring after long-term exposure to absolute humidity and temperature cycling.    An inflator rupture may result in metal fragments striking the vehicle occupants resulting in serious injury or death.","Owners are advised not to drive their vehicle until the recall repair is complete.  Chrysler will notify the Chrysler, Dodge, Jeep and RAM owners.  Mitsubishi owners will be notified by their company.  Dealers will replace the passenger frontal air bag inflator, free of charge.  The recall began on March 27, 2017.  Owners may contact Chrysler customer service at 1-800-853-1403.  Chrysler's number for this recall is S43. Note: This recall supersedes recall 14V-7700."
15V313000,2015-05-26,CHRYSLER; DODGE; MITSUBISHI; RAM,300; 300C; 300S; ASPEN; CHARGER; DAKOTA; DURANGO; MAGNUM; RAIDER; RAM 1500; RAM 2500; RAM 3500; RAM 4500; RAM 5500; SRT8; redundant 4500; redundant 5500,2004-2011,AIR BAGS:FRONTAL:DRIVER SIDE:INFLATOR MODULE,4077169,No,No,Yes,"In the event of a crash necessitating deployment of the driver's frontal air bag, the inflator could rupture with metal fragments striking the driver or other occupants resulting in serious injury or death.","Owners are advised not to drive their vehicle until the recall repair is complete.  Chrysler will notify the affected Chrysler and Dodge owners and Mitsubishi will notify the affected Raider owners.  Dealers will replace the driver's frontal air bag inflator, free of charge.  The recall began for Chrylser on June 8, 2015. The recall for Mitsubishi started on June 24, 2015. Chrysler and Dodge owners may contact Chrysler customer service at 1-800-853-1403.  Mitsubishi owners may call 1-888-648-782"
16V384000,2016-05-31,FORD; LINCOLN; MERCURY,EDGE; FORD GT; FUSION; MILAN; MKX; MKZ; MUSTANG; RANGER; ZEPHYR,2005-2011,AIR BAGS:FRONTAL:PASSENGER SIDE:INFLATOR MODULE,1892343,No,No,Yes,An inflator rupture may result in metal fragments striking the vehicle occupants resulting in serious injury or death.,"Owners are advised not to drive their vehicles until the repair has been performed.  Ford will notify owners, and dealers will replace the passenger frontal air bag inflator, free of charge.  Ford mailed interim letters informing owners that parts are not yet available on July 15, 2016.  Owners will receive a second notice when remedy parts become available.  Owners may contact Ford customer service at 1-866-436-7332.  Ford's number for this recall is 19S01."
19V018000,2019-01-15,CHRYSLER; DODGE; JEEP,300; CHALLENGER; CHARGER; DAKOTA; RAM 3500; RAM 4500; RAM 5500; WRANGLER,2010-2016,AIR BAGS:FRONTAL:PASSENGER SIDE:INFLATOR MODULE,1413222,No,No,Yes,"In the event of a crash necessitating deployment of the passenger's frontal air bag, the inflator could explode with metal fragments striking the vehicle occupants potentially resulting in serious injury or death.","Owners are advised not to drive their vehicle until the recall repair is complete.  Chrysler will notify owners, and dealers will replace the passenger frontal air bag inflator, free of charge.  The recall began February 4, 2019.  Owners may contact Chrysler customer service at 1-800-853-1403.  Chrysler's number for this recall is V01."
15V319000,2015-05-28,FORD,GT; MUSTANG,2005-2014,AIR BAGS:FRONTAL:DRIVER SIDE:INFLATOR MODULE,1018622,No,No,Yes,"In the event of a crash necessitating deployment of the driver's frontal air bag, the inflator could rupture with metal fragments striking the driver or other occupants resulting in serious injury or death.","Owners are advised not to drive their vehicles until the repair has been performed.  Ford will notify owners, and dealers will replace the front driver side air bag inflator, free of charge.  The recall began on June 10, 2016.  Even if interim repairs were performed under safety recall 14V-802, owners must bring their vehicles in for the final remedy.  Owners may contact Ford customer service at 1-866-436-7332.  Ford's number for this recall is 15S21.      Note: This recall supersedes safety rec"
19V001000,2019-01-07,FORD; LINCOLN; MERCURY,EDGE; FUSION; MILAN; MKX; MKZ; MUSTANG; RANGER; ZEPHYR,2010-2014,AIR BAGS:FRONTAL:PASSENGER SIDE:INFLATOR MODULE,782384,No,No,Yes,An inflator explosion may result in sharp metal fragments striking the driver or other occupants resulting in serious injury or death.,"Owners are advised not to drive their vehicles until the repair has been performed.  Ford will notify owners, and dealers will replace the passenger frontal air bag inflator, free of charge.  The recall began February 13, 2019.  Owners may contact Ford customer service at 1-866-436-7332.  Ford's number for this recall 19S01."
17V024000,2017-01-10,FORD; LINCOLN; MERCURY,EDGE; FUSION; GT; MILAN; MKX; MKZ; MUSTANG; RANGER; ZEPHYR,2005-2012,AIR BAGS:FRONTAL:PASSENGER SIDE:INFLATOR MODULE,654695,No,No,Yes,An inflator rupture may result in metal fragments striking the vehicle occupants resulting in serious injury or death.,"Owners are advised not to drive their vehicles until the repair has been performed.  Ford will notify owners, and dealers will replace the passenger frontal air bag inflator, free of charge.  Interim letters informing owners of the recall and that parts are not yet available began mailing March 1, 2017.  Owners will receive a second notice when remedy parts become available.  Owners may contact Ford customer service at 1-866-436-7332.  Ford's number for this recall is 19S01."
14V428000,2018-06-11,BMW,323I; 325I; 325XI; 328I; 330I; 330XI; M3,2000-2006,AIR BAGS,574007,No,No,Yes,"In the event of a crash necessitating deployment of the passenger's frontal air bag, excessive internal pressure could cause rupturing of the inflator resulting in metal fragments striking and potentially seriously injuring the passenger seat occupant or other occupants.","Owners are advised not to drive their vehicles until they have been repaired. BMW will notify owners, and dealers will replace the passenger side frontal air bag, free of charge.  An interim notice was mailed to owners in September 2014.  A second notice was mailed when an adequate supply of parts became available, on December 1, 2014.  Owners may contact BMW customer service at 1-800-525-7417 or email BMW at CustomerRelations@bmwusa.com."
15V318000,2015-05-28,BMW,325CI; 325I; 325XI; 330CI; 330I; 330XI; 525I; 530I; 540I; M3; M5; X5,2002-2006,AIR BAGS:FRONTAL:DRIVER SIDE:INFLATOR MODULE,419235,No,No,Yes,"In the event of a crash necessitating deployment of the driver's frontal air bag, the inflator could rupture with metal fragments striking the driver or other occupants resulting in serious injury or death.","Owners are advised not to drive their vehicles until the vehicle has been remedied.  BMW will notify owners, and dealers will replace the front driver air bag module, free of charge.  The recall began Aug 2016.  Owners may contact BMW customer service at 1-800-525-7417.  Note: This recall supersedes recall 14V-348 in its entirety.  Additionally, vehicles that have had their driver side frontal air bag replaced previously as part of a recall remedy need to have their air bag replaced under this r"
15V312000,2015-05-26,DODGE,RAM 1500; RAM 2500; RAM 3500,2003-2003,AIR BAGS:FRONTAL:PASSENGER SIDE:INFLATOR MODULE,385686,No,No,Yes,"In the event of a crash necessitating deployment of the passengerÂs frontal air bag, the inflator could rupture with metal fragments striking the vehicle occupants potentially resulting in serious injury or death.","Owners are advised not to drive their vehicle until the recall repair is complete.  Owners are advised not to drive their vehicles until the remedy is completed.  Chrysler will notify owners, and dealers will replace the passenger frontal air bag, free of charge.  The recall began on March 16, 2016.  Owners may contact Chrysler customer service at 1-800-853-1403.  Chrysler's number for this recall is R26.  Note: This recall partially supersedes recall 14V770."
21V473000,2021-06-24,CADILLAC; SAAB,9-4X; SRX,2010-2016,SUSPENSION:REAR,380498,No,No,No,"A loose toe link can separate and cause a loss of vehicle control, increasing the risk of a crash.","Owners are advised to not drive their vehicle if they experience certain Malfunction Indicator Lamp (MIL) warnings or other issues, such as unusual steering behavior, while driving.  Please see the Part 573 report for the full list of warnings.  Dealers will replace the adjustable toe link with a non-adjustable one, free of charge.  Interim owner notification letters were mailed August 6, 2021.  Owner notification letters were mailed on October 25, 2021.  Cadillac and Saab customers may direct q"
22V315000,2022-05-09,MERCEDES BENZ; MERCEDES-BENZ,AMG ML63; AMG R63; GL320; GL350; GL450; GL550; ML320; ML350; ML450; ML500; ML550; R320; R350; R500; R550,2006-2012,"SERVICE BRAKES, HYDRAULIC:POWER ASSIST:VACUUM",350294,No,No,No,Reduced brake performance or brake failure can increase the risk of a crash.,"Owners are advised not to drive their vehicles until the remedy has been performed.  Dealers will remove the rubber sleeve, inspect the brake booster, and as necessary, replace the brake booster.  All repairs will be performed free of charge.  Owner notification letters were mailed June 30, 2022.  Owners may contact MBUSA customer service at 1-800-367-6372.  MBUSA's numbers for this recall are 2022050014, 2022050015 2022090006, & 2022090007."
17V787000,2017-12-11,FORD,RANGER,2004-2006,AIR BAGS:FRONTAL:DRIVER SIDE:INFLATOR MODULE,328213,No,No,Yes,"In the event of a crash necessitating deployment of the driver's frontal air bag, the inflator could rupture with metal fragments striking the vehicle occupants potentially resulting in serious injury or death.","Owners are advised not to drive their vehicles until the repair has been performed.  Ford will notify owners, and dealers will replace the driver's frontal air bag inflator with an alternate inflator, free of charge.  The recall began January 16, 2018.  Owners may contact Ford customer service at 1-866-436-7332.  Ford's number for this recall is 17S42.  Note: This recall supersedes recall 16V-036 which was an interim repair.  Vehicles that received a replacement air bag inflator under the previo"
17V788000,2017-12-11,FORD,RANGER,2004-2006,AIR BAGS:FRONTAL:PASSENGER SIDE:INFLATOR MODULE,328213,No,No,Yes,"In the event of a crash necessitating deployment of the passenger's frontal air bag, the inflator could rupture with metal fragments striking the vehicle occupants, potentially resulting in serious injury or death.","Owners are advised not to drive their vehicles until the repair has been performed.  Ford will notify owners, and dealers will replace the passenger's frontal air bag inflator with an alternate inflator, free of charge.  The recall began January 16, 2018.  Owners may contact Ford customer service at 1-866-436-7332.  Ford's number for this recall is 17S42.  Note: This recall supersedes recall 15V322 which was an interim repair. Vehicles that received a replacement air bag inflator under the previ"
18V021000,2018-01-09,CHRYSLER; DODGE; JEEP; RAM,2500; 300; 3500; 4500; 5500; ASPEN; CHALLENGER; CHARGER; DAKOTA; DURANGO; RAM 3500; WRANGLER; redundant 4500; redundant 5500,2009-2013,AIR BAGS:FRONTAL:PASSENGER SIDE:INFLATOR MODULE,328177,No,No,Yes,An inflator explosion may result in sharp metal fragments striking the driver or other occupants resulting in serious injury or death.,"Owners are advised not to drive their vehicle until the recall repair is complete.  Chrysler will notify owners, and dealers will replace the passenger frontal air bag inflator, free of charge.  The recall began February 28, 2018.  Owners may contact Chrysler customer service at 1-800-853-1403.  Chrysler's number for this recall is U03."
18V046000,2018-01-11,FORD; LINCOLN; MERCURY,EDGE; FUSION; MILAN; MKX; MKZ; MUSTANG; RANGER,2009-2013,AIR BAGS:FRONTAL:PASSENGER SIDE:INFLATOR MODULE,327796,No,No,Yes,An inflator explosion may result in sharp metal fragments striking the driver or other occupants resulting in serious injury or death.,"Owners are advised not to drive their vehicles until the repair has been performed.  Ford will notify owners, and dealers will replace the passenger frontal air bag inflator, free of charge. Owners may contact Ford customer service at 1-866-436-7332.  Ford's number for this recall is 19S01."
17V474000,2017-07-26,MAZDA,MAZDA6; MAZDASPEED6; RX-8,2003-2008,AIR BAGS:FRONTAL:DRIVER SIDE:INFLATOR MODULE,308992,No,No,Yes,"In the event of a crash necessitating deployment of the driver's frontal air bag, the inflator could rupture with metal fragments striking the driver or other occupants resulting in serious injury or death.","Owners are advised not to drive their vehicles until the remedy is performed.  Mazda will notify owners, and dealers will replace the driver's frontal air bag inflator with an alternate inflator, free of charge.  The recall began on September 12, 2017.  Owners may contact Mazda customer service at 1-800-222-5500.  Mazda's number for this recall is 1417G.  Note: This recall supersedes recall 15V-382."
18V402000,2018-06-15,MAZDA,MAZDA6; MAZDASPEED6; MPV; RX-8,2003-2011,AIR BAGS:FRONTAL:PASSENGER SIDE:INFLATOR MODULE,308591,No,No,Yes,An inflator explosion may result in sharp metal fragments striking the driver or other occupants resulting in serious injury or death.,"Owners are advised not to drive their vehicles until the remedy is performed.  Mazda will notify owners, and dealers will replace the front passenger air bag inflator with an alternate inflator, free of charge.  The recall began July 6, 2018.  Mailing to the affected RX-8 owners began July 6, 2019.  Owners may contact Mazda customer service at 1-800-222-5500, option 4.  Mazda's number for this recall is 2618F.  Note: With the addition of the RX-8 vehicles, this recall fully supersedes recall 16V"
20V018000,2020-01-15,BMW,320I; 323CI; 323I; 323IT; 325CI; 325I; 325IT; 325XI; 325XIT; 328CI; 328I; 330CI; 330I; 330XI; M3,2000-2006,AIR BAGS:FRONTAL:PASSENGER SIDE:INFLATOR MODULE,292948,No,No,Yes,An inflator explosion may result in sharp metal fragments striking the driver or other occupants resulting in serious injury or death.,"BMW will notify owners, and dealers will replace the passenger's front air bag, free of charge.  The recall began February 13, 2020.  Owners may contact BMW customer service at 1-800-525-7417."
17V047000,2017-01-20,BMW,320; 323; 325; 330; 525; 530; 540; M3; M5; X5,2000-2003,AIR BAGS:FRONTAL:DRIVER SIDE:INFLATOR MODULE,230117,No,No,Yes,"In the event of a crash necessitating deployment of the driver's frontal air bag, the inflator could rupture with metal fragments striking the driver or other occupants resulting in serious injury or death.","Owners are advised not to drive their vehicles until the vehicle has been remedied.  BMW will notify owners, and dealers will inspect the driver side air bag module, replacing it as necessary, free of charge.  The recall began March 15, 2017.  Owners may contact BMW customer service at 1-800-525-7417."
17V429000,2017-06-29,MAZDA,CX-7; CX-9; MAZDA6,2007-2011,AIR BAGS:FRONTAL:PASSENGER SIDE:INFLATOR MODULE,205377,No,No,Yes,An inflator rupture may result in metal fragments striking the vehicle occupants resulting in serious injury or death.,"Owners are advised not to drive their vehicles until the remedy is performed.  Mazda will notify owners, and dealers will replace the passenger frontal air bag inflator with an alternate inflator, free of charge.  The recall began on August 30, 2017.  Owners may contact Mazda customer service at 1-800-222-5500.  Mazda's number for this recall is 1317F.  Note: This recall supersedes recall 16V356 and all vehicles that were not remedied under that campaign are now covered by this one."
15V284000,2015-05-13,TOYOTA,RAV4,2004-2005,AIR BAGS:FRONTAL:DRIVER SIDE:INFLATOR MODULE,159700,No,No,Yes,"In the event of a crash necessitating deployment of the driver's frontal air bag, the inflator could rupture with metal fragments striking the driver or other occupants resulting in serious injury or death.","Owners of these vehicles are advised not to drive their vehicles until the recall remedy has been completed.  Toyota will notify owners, and dealers will replace the driver's frontal air bag, free of charge.  Owners were mailed an interim notice June 17, 2015.  The recall began on August 21, 2015.  Owners may contact Toyota customer service at 1-800-331-4331."
19V015000,2019-01-14,BMW,525I; 530I; 540I; X5 SAV,2000-2004,AIR BAGS:FRONTAL:DRIVER SIDE:INFLATOR MODULE,157549,No,No,Yes,An inflator explosion may result in sharp metal fragments striking the driver or other occupants resulting in serious injury or death.,"Owners are advised not to drive their vehicles until the vehicle has been remedied.  BMW will notify owners, and dealers will inspect the vehicle for an optional sports steering wheel with an affected inflator.  Dealers will replace the air bag module as necessary, free of charge.  The recall began March 14, 2019.  Owners may contact BMW customer service at 1-800-525-7417."
18V717000,2018-10-12,MAZDA,CX-7; CX-9; MAZDA6,2010-2015,AIR BAGS:FRONTAL:PASSENGER SIDE:INFLATOR MODULE,155436,No,No,Yes,An inflator explosion may result in sharp metal fragments striking the driver or other occupants resulting in serious injury or death.,"Mazda will notify owners, and dealers will replace the front passenger air bag inflator with an alternate inflator, free of charge. The recall began November 9, 2018.  Owners may contact Mazda customer service at 1-800-222-5500, Option 4. Mazda's number for this recall is 1317F."
16V364000,2016-05-25,BMW,X5; X6; X6 ACTIVEHYBRID SAC,2007-2011,AIR BAGS:FRONTAL:PASSENGER SIDE:INFLATOR MODULE,97738,No,No,Yes,An inflator rupture may result in metal fragments striking the vehicle occupants resulting in serious injury or death.,"Owners are advised not to drive their vehicles until they have been repaired. BMW will notify owners, and dealers will replace the passenger frontal air bag inflator or air bag module, free of charge.  The recall began July 28, 2017.  Owners may contact BMW customer service at 1-800-525-7417."
15V444000,2015-07-10,DODGE,CHALLENGER,2008-2010,AIR BAGS:FRONTAL:DRIVER SIDE:INFLATOR MODULE,88460,No,No,Yes,"In the event of a crash necessitating deployment of the driver's frontal air bag, the inflator could rupture with metal fragments striking the driver or other occupants resulting in serious injury or death.","Owners are advised not to drive their vehicle until the recall repair is complete.  Chrysler will notify owners, and dealers will replace the driver's frontal air bag inflator, free of charge. The recall began on November 17, 2015.  Owners may contact Chrysler customer service at 1-800-853-1403.  Chrysler's number for this recall is R37."
19V017000,2019-01-14,BMW,X5; X6,2007-2014,AIR BAGS:FRONTAL:PASSENGER SIDE:INFLATOR MODULE,83016,No,No,Yes,An inflator explosion may result in sharp metal fragments striking the driver or other occupants resulting in serious injury or death.,"Owners are advised not to drive their vehicles until the remedy is performed.  BMW will notify owners, and dealers will replace the passenger frontal air bag module, free of charge.  The recall began March 14, 2019.  Owners may contact BMW customer service at 1-800-525-7417."
17V457000,2017-07-18,MAZDA,CX-7; CX-9; MAZDA6,2007-2012,AIR BAGS:FRONTAL:PASSENGER SIDE:INFLATOR MODULE,79402,No,No,Yes,An inflator rupture may result in metal fragments striking the vehicle occupants resulting in serious injury or death.,"Owners are advised not to drive their vehicles until the remedy is performed.  Mazda will notify owners, and dealers will replace the front passenger side air bag inflator with an alternate inflator, free of charge.  The recall began October 4, 2017.  Owners may contact Mazda customer service at 1-800-222-5500.  Mazda's number for this recall is 1317F.  Note: This recall supersedes recall 17V-012."
18V018000,2018-01-09,MAZDA,CX-7; CX-9; MAZDA6,2009-2013,AIR BAGS:FRONTAL:PASSENGER SIDE:INFLATOR MODULE,70227,No,No,Yes,An inflator explosion may result in sharp metal fragments striking the driver or other occupants resulting in serious injury or death.,"Mazda will notify owners, and dealers will replace the front passenger air bag inflator with an alternate inflator, free of charge.  The recall began March 2, 2018.  Owners may contact Mazda customer service at 1-800-222-5500.  Mazda's number for this recall is 1317F."
19V782000,2019-10-31,MAZDA,CX-7; CX-9; MAZDA6,2007-2012,AIR BAGS:FRONTAL:PASSENGER SIDE:INFLATOR MODULE,69879,No,No,Yes,An inflator explosion may result in sharp metal fragments striking the driver or other occupants resulting in serious injury or death.,"Owners are advised not to drive their vehicles until the repair has been performed.  Mazda will notify owners, and dealers will replace the front passenger air bag inflator with an alternate one, free of charge.   The recall began December 3, 2019.  Owners may contact Mazda customer service at 1-800-222-5500, option 4.  Mazda's number for this recall is 1317F.  Note: This recall supersedes recalls 16V356 and 17V012."
17V020000,2017-01-10,BMW,X5; X6,2007-2012,AIR BAGS:FRONTAL:PASSENGER SIDE:INFLATOR MODULE,48951,No,No,Yes,An inflator rupture may result in metal fragments striking the vehicle occupants resulting in serious injury or death.,"Owners are advised not to drive their vehicles until the remedy is performed. BMW will notify owners, and dealers will replace the front passenger air bag inflator or air bag module, free of charge.  Interim letters were mailed March 2017.  Owners will receive a second notice when remedy parts become available.  Owners may contact BMW customer service at 1-800-525-7417."
16V292000,2016-05-11,SUBARU,LEGACY; OUTBACK,2015-2017,STEERING:COLUMN,48819,No,No,No,The loss of steering ability would increase the risk of a crash.,"Subaru will notify owners, and dealers will inspect the lot number on the steering column, replacing the steering column, as necessary, free of charge.  The recall began May 13, 2016.  Owners may contact Subaru customer service at 1-800-782-2783 or by visiting http://www.wtd65.service-campaign.com.  Subaru's number for this recall is WTD-65.  Note: Until the vehicles have been inspected, owners are advised not to drive their vehicles."
19V781000,2019-10-31,MAZDA,MAZDA6; MAZDASPEED6; MPV; RX-8,2003-2008,AIR BAGS:FRONTAL:PASSENGER SIDE:INFLATOR MODULE,47006,No,No,Yes,An inflator explosion may result in sharp metal fragments striking the driver or other occupants resulting in serious injury or death.,"Owners are advised not to drive their vehicles until the remedy is performed.  Mazda will notify owners, and dealers will replace the front passenger air bag inflator with an alternate one, free of charge.  The recall began December 3, 2019.  Owners may contact Mazda customer service at 1-800-222-5500, option 4.  Mazda's number for this recall is 2618F.  Note: This recall supersedes recalls 13V130, 14V362, 14V773 and 15V869."
13V172000,2013-05-02,BMW,325CI; 325I; 325IT; 325XI; 325XIT; 330CI; 330I; 330XI; M3,2002-2003,AIR BAGS,43204,No,No,Yes,"In the event of a crash necessitating deployment of the passenger's frontal air bag, the inflator could rupture with metal fragments striking and potentially seriously injuring the passenger seat occupant or other occupants.","Owners are advised not to drive their vehicles until they have been repaired. BMW intends to issue initial notifications to owners informing them of the safety defect in June 2013.  Once replacement parts are available, estimated for July, BMW will notify owners again to contact their dealers and schedule a replacement of the passenger air bag, free of charge.  Owners may contact BMW customer service at 1-800-525-7417 or email BMW at CustomerRelations@bmwusa.com."
18V030000,2018-01-09,BMW,X5; X6,2007-2013,AIR BAGS:FRONTAL:PASSENGER SIDE:INFLATOR MODULE,41808,No,No,Yes,An inflator explosion may result in sharp metal fragments striking the driver or other occupants resulting in serious injury or death.,"Owners are advised not to drive their vehicles until the remedy is performed.  BMW will notify owners, and dealers will replace the passenger front air bag module, free of charge.  The recall is expected to begin March 2018.  Owners may contact BMW customer service at 1-800-525-7417."
18V022000,2018-01-11,FORD,RANGER,2006-2006,AIR BAGS:FRONTAL:PASSENGER SIDE:INFLATOR MODULE,33310,No,No,Yes,"In the event of a crash necessitating deployment of the passenger's frontal air bag, the inflator could explode with sharp metal fragments striking the vehicle occupants, potentially resulting in serious injury or death.","Ford will notify owners instructing them to not drive their vehicles, and dealers will replace the passenger side air bag inflator with an alternate inflator, free of charge.  The recall for the original population began on January 16, 2018. Owners may contact Ford customer service at 1-866-436-7332.  Ford's number for this recall is 18S02."
18V023000,2018-01-11,FORD,RANGER,2006-2006,AIR BAGS:FRONTAL:DRIVER SIDE:INFLATOR MODULE,33310,No,No,Yes,"In the event of a crash necessitating deployment of the driver's frontal air bag, the inflator could explode with sharp metal fragments striking the vehicle occupants, potentially resulting in serious injury or death.","Ford will notify owners instructing them to not drive their vehicles, and dealers will replace the front driver side air bag inflator with an alternate inflator, free of charge.  The recall for the original population began on January 16, 2018. Owners may contact Ford customer service at 1-866-436-7332.  Ford's number for this recall is 18S02."
25V798000,2025-11-18,KAWASAKI,NINJA ZX-6R,2024-2026,ENGINE AND ENGINE COOLING:ENGINE:HARD PARTS INTERNAL/MECHANICAL,19823,No,No,No,An engine stall increases the risk of a crash.,"Owners are advised not to ride their motorcycles until the repair has been completed. Dealers will re-tighten the metal crankshaft bushing, free of charge.  Owner notification letters were mailed December 15, 2025. Motorcycles in this recall that were previously repaired under recall 25V376 will need to have the new remedy performed, once available. Owners may contact Kawasaki customer service at (855) 878-4217."
20V814000,2020-12-28,YAMAHA,FJR1300; MT-10; MTT9GT; MXTGTKL; TRACER 9 GT; XTZ12; XV1900; XV1900B,2013-2021,EXTERIOR LIGHTING:BRAKE LIGHTS:SWITCH,18203,No,No,No,Failure of the front brake switch can cause the brake light to stay on constantly and/or the cruise control system to shutoff unexpectedly.  Both situations increases the risk of a crash.,"Yamaha will notify owners, and dealers will replace the front brake switch, free of charge.  The recall began January 20, 2021.  Owners may contact Yamaha customer service at 1-800-962-7926.  Yamaha's number for this recall is 990140.  Note: Owners are advised not to operate their motorcycle until the repairs have been performed."
16V097000,2016-02-17,VOLVO,VNL; VNM; VNX,2016-2017,STEERING,18116,No,Yes,No,Separation of the steering shaft will result in complete loss of steering which may lead to a vehicle crash.,"Volvo is strongly recommending that the affected vehicles not be driven until the interim remedy is applied.  An interim notice was sent to Volvo owners on March 16, 2016, and an interim repair is available now.  A second notice was mailed on May 13, 2016.  The final remedy is now available.  Both remedies are free of charge.  Owners may contact Volvo customer service at 1-877-800-4945 opt #1.  Volvo's recall numbers for this campaign are RVXX1602 and RVXX1603.  This recall supersedes safety rec"
25V376000,2025-07-07,KAWASAKI,NINJA ZX-6R,2024-2025,ENGINE AND ENGINE COOLING:ENGINE:HARD PARTS INTERNAL/MECHANICAL,17792,No,No,No,An engine stall increases the risk of a crash.,"Owners are advised not to ride their motorcycles until the repair has been completed. The #5 metal crankshaft bushing must be inspected on all eligible units already in operation. If there is no abnormality with or damage to the bushing, the bolts holding the crankshaft together in the crank case must be re-tightened with proper torque. If there is any abnormality with or damage to the bushing, the parts must be replaced and the crankshaft properly tightened, or the engine must be otherwise repa"
21V390000,2021-05-25,FORD,F-350 SD; F-450 SD; F-550 SD; F-600 SD,2021-2021,POWER TRAIN:AXLE HUBS,17616,No,No,No,A detached wheel and wheel extender can increase the risk of a crash.,"Owners are instructed not to drive their vehicles until the torque of the wheel extender nuts can be verified.  Dealers will inspect and tighten the front wheel hub extender nuts, free of charge.  Owner notification letters were mailed on June 18, 2021.  Owners may contact Ford customer service at 1-866-436-7332. Ford's number for this recall is 21S26."
17V806000,2017-12-14,MAZDA,B-SERIES TRUCK,2004-2006,AIR BAGS:FRONTAL:PASSENGER SIDE:INFLATOR MODULE,17576,No,No,Yes,"In the event of a crash necessitating deployment of the passenger's frontal air bag, the inflator could rupture with metal fragments striking the vehicle occupants, potentially resulting in serious injury or death.","Owners are advised not to drive their vehicles until the repair has been performed.  Mazda will notify owners, and dealers will replace the passenger side frontal air bag inflator with an alternate inflator, free of charge.  The recall began on January 17, 2018.  Owners may contact Mazda customer service at 1-800-222-5500.  Mazda's number for this recall is 1817L.  Note: This recall supersedes recall 15V-346.  Vehicles that received a replacement air bag inflator under the previous campaign need"
17V807000,2017-12-14,MAZDA,B-SERIES TRUCK,2004-2006,AIR BAGS:FRONTAL:DRIVER SIDE:INFLATOR MODULE,17576,No,No,Yes,"In the event of a crash necessitating deployment of the driver's frontal air bag, the inflator could rupture with metal fragments striking the vehicle occupants potentially resulting in serious injury or death.","Owners are advise not to drive their vehicles until the repair has been performed.  Mazda will notify owners, and dealers will replace the driver's frontal air bag inflator with an alternate inflator, free of charge.  The recall began on January 17, 2018.  Owners may contact Mazda customer service at 1-800-222-5500.  Mazda's number for this recall is 1917L.  Note: This recall supersedes recall 16V-048.  Vehicles that received a replacement air bag inflator under the previous campaign need to ret"
14V368000,2014-06-24,HYUNDAI,SONATA,2015-2015,"SERVICE BRAKES, HYDRAULIC:FOUNDATION COMPONENTS:DISC:CALIPER",16900,No,No,No,"If a brake caliper fractures, brake effectiveness would be reduced, lengthening to distance required to stop the vehicle, increasing the risk of a crash.","Hyundai contacted the affected owners on June 19, 2014 and instructed them not to drive their vehicles.  Hyundai dealers will replace the affected brake calipers, free of charge. The recall began on September 12, 2014.  Owners may contact Hyundai customer service at 1-800-633-5151.  Hyundai's number for this recall is 120."
26V090000,2026-02-17,FORD,TRANSIT,2025-2025,"SERVICE BRAKES, HYDRAULIC:PEDALS AND LINKAGES",15965,No,No,No,A loss of brake function increases the risk of a crash.,"Owners are advised not to drive their vehicles until the remedy has been completed. Dealers will inspect and repair the brake booster assembly as necessary, free of charge. Owner notification letters were mailed February 24, 2026. Owners may contact Ford customer service at 1-866-436-7332. Ford's number for this recall is 26C07. Vehicle Identification Numbers (VINs) involved in this recall became searchable on NHTSA.gov on February 18, 2026."
24V298000,2024-04-26,MERCEDES BENZ; MERCEDES-BENZ,AMG ML63; AMG R63; GL320; GL350; GL450; GL550; ML320; ML350; ML450; ML500; ML550; R320; R350; R500,2006-2012,"SERVICE BRAKES, HYDRAULIC:POWER ASSIST:VACUUM",15604,No,No,No,Reduced brake performance or brake failure can increase the risk of a crash.,"Owners are advised not to drive their vehicles until the remedy has been performed.  Dealers will remove the rubber sleeve, inspect the brake booster, and as necessary, replace the brake booster.  All repairs will be performed free of charge.  Owner notification letters were mailed on May 24, 2024.  Owners may contact MBUSA customer service at 1-800-367-6372.  MMUSA's number for this recall is 2024050001/2.  This recall is an expansion of previous recall number 22V-315."
15V621000,2015-10-02,MAZDA,MAZDA3,2015-2016,"FUEL SYSTEM, GASOLINE:STORAGE:TANK ASSEMBLY",14411,No,No,No,A fuel leak in the presence of an ignition source increases the risk of a fire.  An engine that stalls increases the risk of a crash.,"Mazda will notify owners, and dealers will inspect the vehicle's fuel shut-off valve.  As needed, the fuel shut-off valve and the affected fuel tank emissions system components will be replaced, free of charge.  The recall began on October 20, 2015.  Owners are advised not to drive their vehicle until the repairs have been completed.  Mazda will provide rental cars until that time.  Owners may contact the Mazda Customer Experience Center at 1-800- 222-5500, option #6.  Mazda's number for this re"
16V947000,2016-12-22,CHRYSLER; DODGE,ASPEN; DURANGO; RAM 3500; redundant RAM 3500,2009-2010,AIR BAGS:FRONTAL:DRIVER SIDE:INFLATOR MODULE,12691,No,No,Yes,"In the event of a crash necessitating deployment of the driver's frontal air bag, the inflator could rupture with metal fragments striking the driver or other occupants resulting in serious injury or death.","Owners are advised not to drive their vehicle until the recall repair is complete.  Chrysler has notified owners, and dealers will replace the driver's frontal air bag inflator, free of charge.  The recall began January 11, 2017.  Owners may contact Chrysler customer service at 1-800-853-1403.  Chrysler's number for this recall is S92.  Note: This recall covers vehicles that were accidentally excluded from recall 15V-313."
18V369000,2018-06-01,AUDI; VOLKSWAGEN,ATLAS; BEETLE; BEETLE CONVERTIBLE; GOLF; GOLF SPORTWAGEN; GTI; PASSAT; Q5; SQ5,2018-2018,"SERVICE BRAKES, HYDRAULIC:FOUNDATION COMPONENTS:DISC:CALIPER",10225,No,No,No,A reduction of braking performance can increase the risk of a crash.,"Volkswagen and Audi will notify their owners.  Audi dealers will bleed the rear brakes.  Volkswagen dealers will bleed the front and rear brake calipers.  Note: Owners are advised not to drive their vehicles until the brake system has been checked.  The recall began June 29, 2018.  Owners may contact Volkswagen customer service at 1-800-893-5298 and Audi customer service at 1-800-253-2834.  Volkswagen's numbers for this recall are 47N8, 47N9, and 47N6."
22V503000,2022-07-13,CAN-AM,RYKER,2022-2022,STEERING: STEERING WHEEL/HANDLE BAR,9353,No,No,No,"A broken handlebar stem bolt can cause a sudden loss of steering control, increasing the risk of a crash.","Owners are advised to not ride their motorcycle until the remedy is complete.  Dealers will clean the threads of the steering column and install a new steering stem bolt, free of charge.  Owner notification letters were mailed July 14, 2022.  Owners may contact BRP customer service at 1-888-272-9222.  BRP's number for this recall is 2022-16."
12V336000,2012-07-18,FORD,ESCAPE,2013-2013,"FUEL SYSTEM, GASOLINE:DELIVERY:HOSES, LINES/PIPING, AND FITTINGS",9320,No,Yes,No,"If this leak occurs in the presence of an ignition source, there is an increased risk of a fire and/or personal injury.","Ford will notify and instruct owners to stop driving their vehicles and contact a Ford or Lincoln dealer to arrange pick-up of their vehicle.  Customers will be provided with a rental vehicle if needed.  The dealer will replace the engine compartment fuel line, free charge.  The recall began on August 10, 2012.  Owners may contact Ford at 1-866-436-7332."
19V851000,2019-11-26,BMW,323I; 328I,1999-1999,AIR BAGS:FRONTAL:DRIVER SIDE:INFLATOR MODULE,7910,No,Yes,Yes,"In the event of a crash necessitating air bag deployment, an inflator rupture may result in metal fragments striking the driver or other occupants.  An underinflated air bag may not properly protect the occupant.  These scenarios increase the risk of serious injury or death.","Dealers will inspect the driver air bag inflators and replace them, as necessary, free of charge.  Owners may contact BMW customer service at 1-800-525-7417.  Note: BMW recommends that owners do not continue to drive their vehicles."
24V433000,2024-06-12,KENWORTH; PETERBILT,220; 520; 536; 537; 548; 567; 579; 589; K270; K370; L770; T280; T380; T480; T680; T880; W900; W990,2025-2025,STEERING:LINKAGES:TIE ROD ASSEMBLY,7410,No,No,No,"A broken ball stud can cause a complete loss of steering control, increasing the risk of a crash.","Owners are advised not to drive their vehicles until the remedy has been completed.  Dealers will inspect and replace the tie rod and drag link assemblies as necessary, free of charge.  Owner notification letters were mailed August 6, 2024.  Owners may contact Kenworth customer service at 1-425-828-5888 and Peterbilt customer service at 1-940-591-4220.  PACCAR's numbers for this recall are 24KWG and 24PBG."
25V748000,2025-10-31,BMW,X5,2000-2001,AIR BAGS:FRONTAL:DRIVER SIDE:INFLATOR MODULE,5361,No,No,Yes,"An inflator explosion may result in sharp metal fragments striking the driver or other occupants, resulting in serious injury or death.","Owners are advised not to drive their vehicles until the remedy is complete.  Dealers will inspect and replace the driver's front air bag, as necessary, free of charge. Owner notification letters were mailed December 29, 2025. Owners may contact BMW customer service at 1-800-525-7417. Vehicle Identification Numbers (VINs) involved in this recall will be searchable on NHTSA.gov beginning December 23, 2025. This recall expands previous NHTSA recall number 19V015."
16V499000,2016-07-01,MAZDA,B-SERIES TRUCK,2007-2009,AIR BAGS:FRONTAL:PASSENGER SIDE:INFLATOR MODULE,5038,No,No,Yes,An inflator rupture may result in metal fragments striking the vehicle occupants resulting in serious injury or death.,"Owners are advised not to drive their vehicles until the remedy is performed.  Mazda notified owners, and dealers will replace the passenger frontal air bag inflator, free of charge.  The recall began June 15, 2018.  Owners may contact Mazda customer service at 1-800-222-5500.  Mazda's number for this recall is 9616F."
22V367000,2022-05-23,IC BUS,CE; CESB; EV; RE; RESB,2022-2023,STEERING: STEERING WHEEL/HANDLE BAR,4970,No,No,No,A loose or detached steering wheel increases the risk of a crash.,"Owners are advised not to drive their vehicles until the repair has been performed.  Dealers will remove the steering wheel nut, apply thread locker, and reinstall the nut, free of charge.  Owner notification letters were mailed on May 25, 2022.  Owners may contact Navistar, Inc. customer service at (331) 332-1590.  Navistar's number for this recall is 22511."
26V340000,2026-05-27,FORD,BRONCO SPORT; MAVERICK,2021-2026,SUSPENSION:FRONT:CONTROL ARM:LOWER BALL JOINT,4653,No,No,No,"A detached control arm can cause a loss of vehicle control, increasing the risk of a crash.","Owners are advised not to drive their vehicles until the remedy is completed. Dealers will inspect and repair the front lower control arm ball joints as necessary, free of charge.Owner notification letters were mailed September 2, 2026. Owners may contact Ford customer service at 1-866-436-7332. Ford's number for this recall is 26S36. Vehicle Identification Numbers (VINs) involved in this recall became searchable on NHTSA.gov on May 29, 2026."
14V316000,2014-06-12,FORD,F-150,2014-2014,STEERING:ELECTRIC POWER ASSIST SYSTEM,4647,No,No,No,A loss of steering control while driving increases the risk of a vehicle crash.,"Ford will notify owners, and dealers will replace the EPAS steering gear, free of charge.  The recall began in July 2014.  Note: Owners are advised not to drive their vehicles until they have been remedied.  Owners may contact Ford customer service at 1-800-392-3673.  Ford's number for this recall is 14S09."
19V070000,2019-01-31,MERCEDES-BENZ,SPRINTER (VS30),2019-2019,STEERING:GEAR BOX:SHAFT SECTOR,4358,No,Yes,No,"The steering shaft disconnecting from the steering gear can cause a sudden loss of steering control, increasing risk of a crash.","Daimler Vans will notify owners, advising them to stop driving the vehicle immediately.  Dealers will inspect the bolts connecting the steering shaft to the steering gear, fully tightening and/or adjusting them, as necessary, free of charge.  The recall began February 15, 2019. Owners may contact Daimler Van's customer service at 1-800-367-6372.  Daimler Van's number for this recall is 2019010006."
21V251000,2021-04-09,YAMAHA,XC155,2015-2020,ENGINE,4262,No,No,No,"A missing primary sheave nut may cause a stall, without the ability to restart the engine, increasing the risk of a crash.","Owners are advised not to ride their scooter until the remedy has been preformed.  Yamaha will notify owners, and dealers will replace the primary retaining nut and washer with one of a new design, free of charge.  Owner notification letters were mailed on April 28, 2021.  Owners may contact Yamaha's customer service at 1-800-962-7926.  Yamaha's number for this recall is 990145."
18V404000,2018-06-15,MAZDA,MPV; RX-8,2005-2009,AIR BAGS:FRONTAL:PASSENGER SIDE:INFLATOR MODULE,4184,No,No,Yes,An inflator explosion may result in metal fragments striking the vehicle occupants resulting in serious injury or death.,"Mazda will notify owners, and dealers will replace the front passenger air bag inflator with an alternate inflator, free of charge.  The recall began July 6, 2018 for MPV vehicles.  The recall began July 9, 2019 for RX-8 vehicles.  Owners may contact Mazda customer service at 1-800-222-5500, option 4.  Mazda's number for this recall is 2618F.  Note: With the addition of the RX-8 vehicles, this recall fully supersedes recall 17V-011."
26V367000,2026-06-05,YAMAHA,XTZ690,2025-2025,EXTERIOR LIGHTING:TURN SIGNAL,4173,No,No,No,"Turn signals that do not function properly may fail to indicate the rider's intention to change direction, increasing the risk of a crash.","Owners are advised not to ride their motorycle until the remedy is complete. Yamaha will replace the meter assembly, free of charge. Owner notification letters are expected to be mailed June 26, 2026. Owners may contact Yamaha's customer service at 1-800-962-7926. Yamaha's number for this recall is 990190. Vehicle Identification Numbers (VINs) involved in this recall will become searchable on NHTSA.gov beginning June 26, 2026."
13V103000,2013-03-21,DODGE,CHALLENGER,2013-2013,ELECTRICAL SYSTEM:WIRING:FRONT UNDERHOOD,4051,No,No,No,A short circuit could lead to a vehicle fire.,"Chrysler has begun notifying owners and they are being advised to immediately refrain from driving their vehicles and to contact their dealers. Chrysler Group further advises affected owners not to park their vehicles in, or near, any structures.  Dealers will replace the under hood starter cable assembly, free of charge.  The recall notification began on March 22, 2013.  Owners may contact Chrysler at 1-800-247-9753."
20V016000,2020-01-15,BMW,X5; X6; X6 ACTIVEHYBRID SAC,2007-2012,AIR BAGS:FRONTAL:PASSENGER SIDE:INFLATOR MODULE,4007,No,No,Yes,An inflator explosion may result in sharp metal fragments striking the driver or other occupants resulting in serious injury or death.,"Owners are advised not to drive their vehicles until this remedy is performed. BMW will notify owners, and dealers will replace the passenger front air bag, free of charge.  The recall began March 11, 2020.  Owners may contact BMW customer service at 1-800-525-7417."
18V089000,2018-02-01,KAWASAKI,NINJA 1000,2016-2018,POWER TRAIN:MANUAL TRANSMISSION,3964,No,No,No,"If the transmission gears break it can cause a loss of control, increasing the risk of a crash.","KMC will notify owners, and dealers will replace the 2nd, 3rd, 4th output gears and the 2nd input gear, free of charge.  Owners are advised to not ride their motorcycles until the repair has been performed.  The recall began on February 26, 2018.  Owners may contact KMC customer service at 1-866-802-9381.  KMC's number for this recall is MC18-01."
20V747000,2020-12-01,NISSAN,SENTRA,2002-2006,AIR BAGS:FRONTAL:PASSENGER SIDE:INFLATOR MODULE,3930,No,No,Yes,An inflator explosion may result in sharp metal fragments striking the driver or other occupants resulting in serious injury or death.,"Owners are advised not to drive their vehicles until the repair has been completed.  Nissan will notify owners, and dealers will re-inspect the vehicle and, if necessary, replace the air bag inflator, free of charge.  The recall began January 22, 2021.  Owners may contact Nissan customer service at 1-800-867-7669.  Nissan's number for this recall is PM964."
19V698000,2019-10-02,BMW,323; 325; 330,2000-2002,AIR BAGS:FRONTAL:DRIVER SIDE:INFLATOR MODULE,3924,No,No,Yes,An inflator explosion may result in sharp metal fragments striking the driver or other occupants resulting in serious injury or death.,"Owners are advised not to drive their vehicles until the vehicle has been remedied.  BMW will notify owners, and dealers will inspect and, as necessary, replace the driver's air bag module, free of charge.  The recall began November 7, 2019.  Owners may contact BMW customer service at 1-800-525-7417.  Note: This recall is an expansion of previous recalls, numbers 17V-047 and 19V-015."
23V649000,2023-09-22,KIA,FORTE,2023-2023,SUSPENSION:FRONT:CONTROL ARM:LOWER ARM,3866,No,No,No,"Front lower control arm failure can cause a sudden loss of steering control, increasing the risk of a crash.","Owners are advised not to drive their vehicles until the repair has been performed.  Dealers will replace the right front lower control arm, free of charge.  Owner notification letters were mailed September 27, 2023.  Owners may contact Kia customer service at 1-800-333-4542.  Kia's number for this recall is SC283."
16V256000,2016-04-28,CADILLAC; CHEVROLET; GMC,ESCALADE; ESCALADE ESV; SIERRA 1500; SILVERADO 1500; SUBURBAN; TAHOE; YUKON; YUKON XL,2016-2017,SUSPENSION:FRONT:CONTROL ARM,3738,No,No,No,"Inadequate welds may allow the control arm to separate from the bushing, compromising steering and increasing the risk of a crash.","GM will notify owners, and dealers will replace the left and right front upper control arms and realign the vehicle, free of charge.  The recall began on May 18, 2016.  Until the repairs have been made, owners are advised not to drive their vehicles.  Owners may contact Chevrolet customer service at 1-800-222-1020, Cadillac customer service at 1-800-458-8006, or GMC customer service at 1-800-462-8782.  GM's number for this recall is 42190."
22V130000,2022-03-07,YAMAHA,MT-09; TRACER 9 GT,2021-2022,ENGINE AND ENGINE COOLING:ENGINE:ENGINE CONTROL MODULE (ECU/ECM):SOFTWARE,3594,No,No,No,"Limited throttle response, engine stall, or a missing warning light can increase the risk of a crash.","Owners should not operate their motorcycle, other than to take it to a dealer, until the remedy is performed.  Dealers will reprogram the ECU, free of charge.  Owner notification letters were mailed March 17, 2022.  Owners may contact Yamaha customer service at 1-866-894-1626.  Yamaha's number for this recall is 990158."
24V396000,2024-06-04,VOLVO,VHD; VN; VNRE (ELECTRIC),2025-2025,STEERING:LINKAGES:DRAG:LINK:CONNECTION,3502,No,No,No,A sudden loss of steering control increases the risk of a crash.,"Owners are advised not to drive their vehicle until the repair has been performed.  Dealers will inspect and replace the drag links, as necessary, free of charge.  Owner notification letters were mailed June 20, 2024.  Owners may contact Volvo Trucks customer service at 1-800-528-6586.  Volvo Truck's number for this recall is RVXX2402."
15V802000,2015-11-30,YAMAHA,YZFR1; YZFR1C; YZFR1MF; YZFR1MFC,2015-2015,POWER TRAIN:MANUAL TRANSMISSION,2921,No,No,No,"If the gears fail, the transmission may lock up, resulting in a loss of vehicle control, thereby increasing the risk of a crash.","Yamaha has notified owners, and dealers will replace the transmission assembly with an improved one, free of charge.  The recall began on December 4, 2015.  Owners may contact Yamaha customer service at 1-800-962-7926.  Yamaha's number for this recall is 99100."
21V684000,2021-09-01,MACK,MD,2020-2022,"SERVICE BRAKES, HYDRAULIC:PEDALS AND LINKAGES",2823,No,No,No,An unsecured brake pedal can cause a loss of braking ability and increase the risk of a crash.,"Owners are advised to not drive their vehicles until the remedy has been performed.  Dealers will inspect the cotter pin installation and repair it as necessary, free of charge.  Owner notification letters were mailed on September 13, 2021.  Owners may contact Mack's customer service at 1-800-866-1177.  Mack's number for this recall is SC0429."
25V778000,2025-11-12,YAMAHA,XMAX,2018-2022,ENGINE AND ENGINE COOLING:CRITICAL FASTENERS,2715,No,No,No,"An engine stall can cause a loss of control, increasing the risk of a crash or injury.","Owners are advised not to ride their scooter until the remedy has been completed.  Dealers will install a new camshaft plate kit, free of charge. Owner notification letters are expected to be mailed November 20, 2025.  Owners may contact Yamaha's customer service at 1-800-962-7926.  Yamaha's number for this recall is 990184. Vehicle Identification Numbers (VINs) involved in this recall will be searchable on NHTSA.gov beginning November 24, 2025."
24V533000,2024-07-16,PORSCHE,CAYENNE,2024-2024,SUSPENSION:FRONT:CONTROL ARM:UPPER ARM,2475,No,No,No,A sudden loss of steering control increases the risk of a crash.,"Dealers will replace the driver side left upper control arm, free of charge.  Owner letters were mailed September 13, 2024.  Owners may contact Porsche customer service at 1-800-767-7243.  Porsche's number for this recall is ARB2."
18V324000,2018-05-16,VOLKSWAGEN,TIGUAN,2018-2018,SUSPENSION:FRONT:CONTROL ARM:LOWER BALL JOINT,2473,No,No,No,"A loose or improperly tightened ball joint nut can result in the separation of the lower ball joint causing steering, traction or other stability issues, increasing the risk of a crash.","Volkswagen has notified owners, and dealers will replace the nut on the lower ball joint and, as necessary, clean the thread in the ball joint, free of charge.  The recall began May 30, 2018.  Owners may contact Volkswagen customer service at 1-800-893-5298.  Volkswagen's number for this recall is 40N4.  Note: owners are advised not to drive their vehicle until the recall repair has been performed."
21V865000,2021-11-05,YAMAHA,FJR1300,2016-2021,ENGINE AND ENGINE COOLING:ENGINE:ENGINE CONTROL MODULE (ECU/ECM):SOFTWARE,2462,No,No,No,A lack of acceleration can increase the risk of a crash.,"Owners are advised not to ride their motorcycles until they are repaired.  Dealers will reprogram the ECU, free of charge.  Motorcycles that were previously repaired under recall 20V-813 will need to return for the new remedy.  Owner notification letters were mailed November 30, 2021.  Owners may contact Yamaha customer service at 1-800-962-7926.  Yamaha's number for this recall is 990152."
17V703000,2017-11-08,KAWASAKI,Z900; ZR900,2017-2018,SUSPENSION:REAR:SHOCK ABSORBER,2383,No,No,No,"If the rear shock absorber does not function properly, it can increase the risk of a crash.","KMC will notify owners, and dealers will inspect the tie-rod mounting hole and replace the bracket or frame depending on the extent of the elongation of the tie-rod mounting hole, free of charge.  The recall began on December 4, 2017.  Owners may contact KMC customer service at 1-866-802-9381.  KMC's number for this recall is MC17-04."
25V401000,2025-06-13,FORD,F-250 SD; F-350 SD; F-450 SD; F-550 SD,2025-2025,"SERVICE BRAKES, HYDRAULIC:PEDALS AND LINKAGES",2345,No,No,No,A sudden loss of brake function increases the risk of a crash.,"Owners are advised not to drive their vehicles until they have been repaired. Dealers will inspect and repair the brake pedal assembly as necessary, free of charge. Owner notification letters were mailed June 20, 2025.  Owners may contact Ford Customer Service at 1-866-436-7332.  Ford's number for this recall is 25C26."
20V813000,2020-12-28,YAMAHA,FJR1300,2016-2020,POWER TRAIN:MANUAL TRANSMISSION:INTERNAL:GEARS,2285,No,No,No,A broken gear can cause the transmission and rear wheel to lock causing a loss of control and increasing the risk of a crash.,"Yamaha will notify owners, and dealers will inspect and, as necessary, reprogram the Engine Control Unit (ECU) and replace the main axle and drive axle assemblies, free of charge.  The recall began January 20, 2021.  Owners may contact Yamaha customer service at 1-800-962-7926.  Yamaha's number for this recall is 990141.  Note: Owners are advised not to operate their motorcycle until the repairs have been performed."
24V809000,2024-10-28,PORSCHE,718 CAYMAN GT4 RS; 718 SPYDER RS; 911,2021-2024,WHEELS:LUGS/NUTS/BOLTS/STUDS,2251,No,Yes,No,"Wheel detachment can result in a loss of vehicle control, increasing the risk of a crash.","Owners should not drive their vehicles until they have been repaired.  Dealers will check the center lock wheel fastening system and replace any incorrectly manufactured parts, as necessary, free of charge.  Owner notification letters were mailed on January 24, 2024.  Owners may contact Porsche customer service at 1-800-767-7243.  Porsche's number for this recall is ARC4."
18V039000,2018-01-16,MAZDA,B-SERIES TRUCK,2006-2006,AIR BAGS:FRONTAL:PASSENGER SIDE:INFLATOR MODULE,2205,No,No,Yes,"In the event of a crash necessitating deployment of the passenger's frontal air bag, the inflator could explode with sharp metal fragments striking the vehicle occupants, potentially resulting in serious injury or death.","Mazda will notify owners instructing them to not drive their vehicles, and dealers will replace the front passenger side air bag inflator with an alternate inflator, free of charge.  The recall began January 18, 2018.  Owners may contact Mazda customer service at 1-800-222-5500.  Mazda's number for this recall is 2318A."
18V038000,2018-01-16,MAZDA,B-SERIES TRUCK,2006-2006,AIR BAGS:FRONTAL:DRIVER SIDE:INFLATOR MODULE,2205,No,No,Yes,"In the event of a crash necessitating deployment of the driver's frontal air bag, the inflator could explode with sharp metal fragments striking the vehicle occupants, potentially resulting in serious injury or death.","Mazda will notify owners instructing them to not drive their vehicles, and dealers will replace the front driver side air bag inflator with an alternate inflator, free of charge.  The recall began January 18, 2018.  Owners may contact Mazda customer service at 1-800-222-5500.  Mazda's number for this recall is 2218A."
14V325000,2014-06-12,HYUNDAI,SONATA,2015-2015,ELECTRICAL SYSTEM:WIRING,2138,No,No,No,"The reduction of power steering assist can increase the steering effort needed, increasing the risk of a crash.","Hyundai notified dealers to suspend sales of affected Sonata vehicles and has published recall bulletin 14-01-024 providing a service procedure to repair the affected vehicles.  On June 7, 2014 Hyundai began to contact the affected retail customers.  Owners may contact Hyundai customer service at 1-800-633-5151. Hyundai's number for this recall is 119."
14V440000,2014-07-21,CHEVROLET,SPARK,2014-2014,SUSPENSION:FRONT:CONTROL ARM:LOWER ARM,1919,No,No,No,"If the lower control arm bolts are not tightened properly, the lower control arm may separate from the steering knuckle while driving, causing a loss of steering, increasing the risk of a crash.","Owners are instructed NOT to drive their vehicles until the recall remedy has been completed.  Owners should call a Chevrolet dealer immediately to arrange for their vehicle to be transported free of charge for servicing.  GM will notify owners, and dealers will inspect the left and right lower control arm attaching bolts to make sure that they are tightened to the proper specification, free of charge.  The recall began on August 1, 2014.  Owners may contact Chevrolet customer service at 1-800-2"
15V022000,2015-01-21,POLARIS,SLINGSHOT,2015-2015,STEERING,1896,No,No,No,"If the steering pinion gear disengages from the steering rack, a loss of steering control could result, increasing the risk of a crash.","Polaris will notify owners, and dealers will replace the steering rack assembly, free of charge. The recall began on January 30, 2015.  Owners may contact Polaris customer service at 1-855-863-2284.  Polaris' number for this recall is SLI-15-02."
23V859000,2023-12-19,DOOSAN PORTABLE POWER,MOBILE GENERATOR,2019-2023,SERVICE BRAKES,1799,No,No,No,"Deenergized brakes will not engage, increasing the risk of a crash.","Owners will be instructed to immediately stop towing the affected trailers until repairs have been made.  Dealers will correct the wiring, free of charge.  Owner notification letters were mailed January 23, 2024.  Owners may contact Doosan customer service at 1-800-633-5200.  Doosan's number for this recall is 12-23-8."
20V774000,2020-12-11,KAWASAKI,EX400G; NINJA 400; Z400,2021-2021,ENGINE AND ENGINE COOLING:ENGINE:HARD PARTS INTERNAL/MECHANICAL,1770,No,No,No,"A damaged camshaft chain tensioner can cause the engine to stall, increasing the risk of a crash.","KMC will notify owners, and dealers will replace the camshaft chain tensioner, free of charge.  Note: Owners are advised to not ride their motorcycles until the repair has been completed.  The recall began December 21, 2020.  Owners may contact KMC customer service at 1-866-802-9381.  KMC's number for this recall is MC20-13."
24V535000,2024-07-17,SUZUKI,DL800,2023-2024,TIRES,1688,No,No,No,"Tread separation may cause a loss of vehicle control, increasing the risk of a crash.","Owners are advised not to ride their motorcycles until the remedy has been completed.  Dealers will replace the rear tire, free of charge.  Owner notification letters were mailed September 20, 2024.  Owners may contact Suzuki customer service at 1-714- 572-1490.  Suzuki's number for this recall is 3A03."
15V020000,2015-01-20,POLARIS,SLINGSHOT,2015-2015,STRUCTURE,1577,No,No,No,"If the roll hoops do not meet strength specifications, in the event of a rollover crash they may not provide proper protection, increasing the risk of a personal injury.","Polaris will notify owners, and dealers will replace the roll hoops, free of charge.  The recall began on January 30, 2015.  Owners may contact Polaris customer service at 1-651-408-7579. Polaris' number for this recall is SLI-15-01."
23V283000,2023-04-20,FORD,BRONCO; RANGER,2023-2023,WHEELS:LUGS/NUTS/BOLTS/STUDS,1434,No,No,No,"Loose lug nuts may result in wheel detachment while driving, increasing the risk of a crash.","Owners are advised not to drive their vehicles until the remedy is completed.  Dealers will inspect, and if necessary, retighten the lug nuts, free of charge.  Owner notification letters were mailed May 2, 2023.  Owners may contact Ford customer service at 1-866-436-7332.  Ford's number for this recall is 23S17."
16V366000,2016-05-26,FCCC,XBP; XBR; XCL; XCM; XCP; XCR,2015-2016,STEERING,1385,No,No,No,"The steering wheel's connection to the front axle could fail resulting in a sudden loss of steering ability, increasing the risk of a crash.","DTNA will notify owners, and dealers will inspect and replace the steering box if necessary, free of charge. Owners are urged not to drive their vehicles until they have been inspected. The recall began on May 31, 2016.  Owners may contact DTNA customer service at 1-800-547-0712.  DTNA's number for this recall is FL-712."
26V242000,2026-04-15,ROUSH,NISSAN FRONTIER PRO4X R,2026-2026,SUSPENSION:FRONT:CONTROL ARM:UPPER ARM,1217,No,No,No,"Loose or missing fasteners can cause a loss of vehicle steering and control, increasing the risk of a crash.","Owners are advised not to drive their vehicle until the remedy is completed. Dealers will replace the cotter pins, and replace or tighten fasteners as necessary, free of charge. Owner notification letters were mailed May 22, 2026. Owners may contact Roush customer service at 1-800-597-6874. Roush's number for this recall is C-26001."
23V064000,2023-02-09,SUBARU,SOLTERRA,2023-2023,WHEELS:HUB,1182,No,No,No,"Wheel detachment while driving can result in a loss of vehicle control, increasing the risk of a crash.","Owners are advised not to drive their vehicle until the repair has been completed.  Dealers will inspect and tighten the hub bolts, if necessary, free of charge.  Owner notification letters are expected to mailed March 1, 2023.  Owners may contact Subaru's customer service at 1-844-373-6614.  Subaru's number for this recall is WRE-23."
24V398000,2024-06-04,MACK,ANTHEM (AN); GRANITE (GR); TE,2025-2025,STEERING:LINKAGES:DRAG:LINK:CONNECTION,972,No,No,No,A sudden loss of steering control increases the risk of a crash.,"Owners are advised not to drive their vehicles until the remedy has been completed.  Dealers will inspect and replace the drag links, as necessary, free of charge.  Owner notification letters were mailed June 20, 2024.  Owners may contact Mack customer service at 1-800-866-1177.  Mack's number for this recall is SC0465."
26V197000,2026-03-27,YAMAHA,TW200,2026-2026,ELECTRICAL SYSTEM:INSTRUMENT PANEL:SPEEDOMETER/ODOMETER,962,No,No,No,Speedometer failure increases the risk of a crash.,"Owners are advised not to ride their motorcycle until the repair is performed. Dealers will replace the gear unit assembly, free of charge. Owner notification letters were mailed April 6, 2026. Owners may contact Yamaha's customer service at 1-800-962-7926. Yamaha's number for this recall is 990187. Vehicle Identification Numbers (VINs) involved in this recall will be searchable on NHTSA.gov beginning April 17, 2026."
24V230000,2024-03-25,DOOSAN PORTABLE POWER,MOBILE GENERATOR,2015-2023,SERVICE BRAKES,960,No,No,No,"Deenergized brakes will not engage, increasing the risk of a crash.","Owners will be instructed to immediately stop towing the affected trailers until repairs have been made.  Dealers will correct the wiring, free of charge.  Owner notification letters were mailed April 3, 2024.  Owners may contact Doosan customer service at 1-800-633-5206.  Doosan's number for this recall is 12-23-8.  This recall is an expansion of Doosan recall 23V-859."
14V320000,2014-06-12,BMW,R 1200 RT,2014-2014,SUSPENSION,950,No,No,No,"If the piston rod breaks it will cause loss of stability, increasing the risk of a vehicle crash.","BMW will notify owners, and dealers will replace the Dynamic ESA shock absorber, free of charge.  The recall is expected to begin in July 2014.  Owners may contact BMW Customer Relations at 1-800-525-7417.  Note: Owners are advised not to ride their motorcycles until they have been remedied."
22V845000,2022-11-15,NOVA BUS,LFS; LFS ARTIC,2018-2022,STEERING:CRITICAL FASTENERS,827,No,No,No,"Missing fasteners may cause a of a loss of steering, increasing the risk of a crash.","Owners are advised not to drive their vehicles until the remedy has been completed.  Nova Bus will inspect and tighten the fasteners as an interim remedy.  The permanent remedy, consisting of replacing and tightening new fasteners to increase the clamp load, is expected to be available November 30, 2022, free of charge.  Owner notification letters were mailed November 16, 2022.  Owners may contact Nova Bus customer service at 1-800-350-6682.  Nova Bus's number for this recall is CR5342."
21V675000,2021-08-30,SUBARU,IMPREZA,2021-2021,SUSPENSION:FRONT:CONTROL ARM:LOWER ARM,802,No,No,No,"A separated control arm may cause the tire to contact the wheel well, resulting in a loss of control and increasing the risk of a crash.","Owners are advised not to drive their vehicle until the repair is complete.  Dealers will inspect and replace the control arm as necessary, free of charge.  Owner notification letters were mailed September 3, 2021.  Owners may contact Subaru customer service at 1-844-373-6614.  Subaru's number for this recall is WRI-21."
20V676000,2020-11-02,KAWASAKI,NINJA; NINJA H2 SX; ZX1002A; ZX1002B; ZX1002D,2018-2020,ELECTRICAL SYSTEM:SOFTWARE,799,No,No,No,"Damaged gears and the inability to shift can cause the engine to lock up, increasing the risk of a crash.","KMC will notify owners, and dealers will reprogram the FI-ECU software, free of charge.  Owners are advised to not ride their motorcycle until the repair has been completed.  The recall began November 16, 2020.  Owners may contact KMC customer service at 1-866-802-9381.  KMC's number for this recall is MC20-10."
20V712000,2020-11-17,VOLKSWAGEN,ATLAS; ATLAS CROSS SPORT,2020-2021,STEERING,776,No,Yes,No,"A damaged steering knuckle can fail, causing a loss of steering, thereby increasing the risk of a crash.","Volkswagen has notified owners, and dealers will inspect and, as necessary, replace the steering knuckle, free of charge.  The recall began November 19, 2020.  Owners may contact Volkswagen customer service at 1-800-893-5298.  Volkswagen's number for this recall is 40Q6.  Note: Owners are advised to DO NOT DRIVE the vehicle until the vehicle has been inspected and repaired if necessary."
17V013000,2017-01-10,MAZDA,B-SERIES TRUCK,2007-2009,AIR BAGS:FRONTAL:PASSENGER SIDE:INFLATOR MODULE,725,No,No,Yes,An inflator rupture may result in metal fragments striking the vehicle occupants resulting in serious injury or death.,"Owners are advised not to drive their vehicles until the remedy is performed.  Mazda will notify owners, and dealers will replace the front passenger air bag inflator, free of charge.  The recall began June 15, 2018. Owners may contact Mazda customer service at 1-800-222-5500.  Mazda's number for this recall is 0817A."
12V475000,2012-09-28,BMW,M5; M6,2013-2013,ENGINE AND ENGINE COOLING:ENGINE,696,No,No,No,"Separation of the pump's driveshaft from the rotor could lead to a sudden loss of oil pressure causing the possibility of complete engine failure, resulting in an engine stall-like condition, increasing the risk of a vehicle crash.","BMW will notify owners, and dealers will replace the oil pump, free of charge.  The safety recall began on November 30, 2012.  Owners may contact BMW at 1-800-525-7417."
21V037000,2021-02-01,RAM,1500,2021-2021,"SERVICE BRAKES, HYDRAULIC:FOUNDATION COMPONENTS:MASTER CYLINDER",683,No,No,No,"A separated brake pedal can result in the driver being unable to apply the service brakes, increasing the risk of a crash.","Owners are advised to not drive their vehicles until they receive instructions on the inspection and repair, as necessary.  FCA US will notify owners, and dealers will inspect and install the push rod clip, free of charge.  The recall began February 9, 2021.  Owners may contact FCA US customer service at 1-800-853-1403.  FCA US number for this recall is Y04."
22V444000,2022-06-23,SUBARU; TOYOTA,BZ4X; SOLTERRA,2023-2023,WHEELS:HUB,661,No,No,No,"A wheel detaching from a moving vehicle can result in a loss of vehicle control, increasing the risk of a crash.","Owners are advised not to drive their vehicles until they are repaired.  Dealers will replace the hub bolts and wheels, free of charge.  Letters notifying owners of the safety risk were mailed June 27, 2022.  A second letter will be sent once the remedy is available.  Owners may contact Toyota's customer service at 1-800-331-4331."
26V351000,2026-05-28,MACK,ANTHEM (AN); ANTHEM AN (4); GRANITE (GR); PINNACLE (PI/PN); PIONEER PR (4),2026-2027,WHEELS:LUGS/NUTS/BOLTS/STUDS,644,No,No,No,"Wheel detachment can cause a loss of vehicle control or create a road hazard, increasing the risk of a crash or injury.","Owners are advised not to drive their vehicles until the repair has been performed. Dealers will inspect the wheel and hub mating surfaces, remove any masking material, and replace any worn components if necessary, free of charge. Owner notification letters were mailed June 22, 2026. Owners may contact Mack's customer service at 1-800-866-1177. Mack's number for this recall is SC0495. Vehicle Identification Numbers (VINs) involved in this recall became searchable on NHTSA.gov on May 31, 2026."
20V182000,2020-03-25,INDIAN,CHALLENGER,2020-2020,ENGINE,616,No,No,No,"Engine output shaft bearing failure could cause a sudden loss of power, increasing the risk of a crash.","Indian will notify owners, and dealers will lubricate the output shaft bearings on motorcycles with less than 50 miles on the odometer, free of charge.  Motorcycles with greater than 50 miles will not require a repair, and can either be inspected by a dealer, or the owner can self-report the odometer reading directly to Indian.  The recall began April 9, 2020.  Owners may contact Indian customer service at 1-877-204-3697.  Indian's number for this recall is I-20-02.  Note: Owners with an odomete"
23V698000,2023-10-17,FERRARI,SF90 SPIDER; SF90 STRADALE,2022-2024,"ENGINE AND ENGINE COOLING:ENGINE:OIL/LUBRICATION:PIPES, HOSES, AND FITTINGS",614,No,No,No,An oil leak in the presence of an ignition source increases the risk of fire.,"Owners are advised not to drive their vehicles until the remedy has been completed.  Dealers will replace the turbocharger oil delivery pipes, free of charge.  Owner notification letters were mailed December 11, 2023.  Owners may contact Ferrari customer service at 1-201-816-2668.  Ferrari's number for this recall is RC 86."
23V851000,2023-12-15,MERCEDES-BENZ,AMG G63,2022-2023,POWER TRAIN:DRIVELINE:DIFFERENTIAL UNIT,590,No,No,No,Oil leaking onto the roadway may cause a road hazard for following traffic.  Rear axle failure can result in a sudden loss of handling or drive power.  Either of these conditions can increase the risk of a crash.,"Owners are advised not to drive their vehicles until the repair has been performed.  Towing to an authorized Mercedes-Benz dealer may be necessary.  Owner notification letters were mailed on June 28, 2024.  Owner notification letters will be mailed in phases, on June 28, 2024, August 9, 2024, August 23, 2024, and September 25, 2024.  Owners may contact MBUSA customer service at 1-800-367-6372.  MBUSA's number for this recall is 2024040012/050005.  This recall expands and replaces previous recall"
21V826000,2021-10-20,DOOSAN PORTABLE POWER,AIR COMPRESSOR; MOBILE GENERATOR,2019-2021,WHEELS:LUGS/NUTS/BOLTS/STUDS,580,No,No,No,"Improperly tightened lug nuts can cause a loss of trailer stability, or the tire could fall off, increasing the risk of a crash.","Owners are advised to not tow their trailer until the remedy has been performed.  Dealers will tighten the lug nuts, free of charge.  Owner notification letters were mailed November 4, 2021.  Owners may contact Doosan customer service at 1-800-633-5206, Option #3."
23V685000,2023-10-12,HYUNDAI TRANSLEAD,20'/40' 12PIN EXTEN CHASS,2022-2024,STRUCTURE,562,No,No,No,"An improperly welded cross brace can detach from the vehicle, creating a road hazard.  A falling cross brace may also damage the air tank airline, causing an unintended brake lock.  Both scenarios can increase the risk of a crash.","Owners are advised not to drive their vehicles until the repair has been performed.  Hyundai Translead will work with owners and repair shops to apply welds and install brackets on cross braces, free of charge.  Owner notification letters were mailed October 19, 2023.  Owners may contact Hyundai Translead customer service at 1-800-251-0871."
23V714000,2023-10-25,NOVA BUS,LFS; LFS ARTIC,2015-2019,SEATS:CRITICAL FASTENERS,514,No,No,No,"A detached passenger seat may inadequately restrain a passenger during a crash, increasing the risk of injury.","Owners are advised not to drive their vehicles until the remedy is completed.  Nova Bus will inspect and replace the attachment hardware as necessary, free of charge.  Owner notification letters were mailed December 1, 2023.  Owners may contact Nova Bus customer service at 1-800-350-6682.  Nova Bus number for this recall is CR5500."
16V414000,2016-06-08,NEWMAR,DUTCH STAR,2014-2016,STEERING,510,No,No,No,"The steering wheel's connection to the front axle could fail resulting in a sudden loss of steering control, increasing the risk of a crash.","Newmar will notify owners, and Freightliner dealers will inspect and replace the steering box if necessary, free of charge.  Note: Owners are urged not to drive their vehicles until they have been inspected.  The recall began on July 14, 2016.  Owners may contact Freightliner customer service at 1-800-547-0712 or Newmar customer service at 1-800-731-8300.  Newmar's number for this recall is 16V 366."
14V514000,2014-08-22,FORD,C-MAX; FOCUS,2014-2014,STEERING,508,No,No,No,"The incorrectly manufactured steering gears may cause impaired steering, including the loss of steering control, increasing the risk of a crash.","Ford will notify owners, and dealers will replace the steering gears, free of charge.  The recall began on November 11, 2014.  Owners may contact Ford customer service at 1-800-392-3673.  Ford's number for this recall is 14S18."
23V241000,2023-04-05,PORSCHE,CARRERA GT,2004-2005,SUSPENSION,489,No,No,No,"Suspension failure can result in a loss of vehicle control, increasing the risk of a crash.","Owners are advised not to drive their vehicles until the repair has been performed.  Dealers will inspect the suspension joints.  If damage is found, owners are advised not to drive their vehicle until it is repaired.  Once parts are available, dealers will replace the spherical joints, free of charge.  Owner notification letters were mailed on October 17, 2024.  Owners may contact Porsche's customer service at 1-800-767-7243.  Porsche's number for this recall is APA3."
21V864000,2021-11-05,WESTERN STAR,49X,2021-2022,STEERING,479,No,No,No,"Steering shaft separation can result in a loss of steering control, increasing the risk of a crash.","Owners are advised to not drive their vehicles until the inspection has been performed.  Dealers will inspect the steering shaft and repair it, as necessary, free of charge.   Owner notification letters were mailed January 12, 2022.  Owners may contact DTNA customer service at 1-800-547-0712.  DTNA's number for this recall is 905."
14V246000,2014-05-14,CHEVROLET; GMC,SIERRA; SILVERADO; TAHOE,2014-2015,STEERING:LINKAGES:TIE ROD ASSEMBLY,477,No,No,No,"An improperly tightened tie rod attachment may allow the tie rod to separate from the steering rack, resulting in a loss of steering, increasing the risk of a vehicle crash.","GM notified all owners, and dealers will inspect the inner tie rods to make sure that they are correctly tightened, replacing the steering gear, as necessary, free of charge.  The recall began on May 14, 2014.  Owners may contact General Motors customer service at 1-800-222-1020 (Chevrolet), or 1-800-462-8782 (GMC). GM's number for this recall is 14204.  NOTE: Owners are advised not to drive their vehicles until they have been inspected and repaired.  Owners should contact GM to have their vehic"
22V110000,2022-02-24,YAMAHA,TRACER 9 GT,2021-2021,VEHICLE SPEED CONTROL:THROTTLE,453,No,No,No,"A broken throttle grip may restrict throttle movement or cause a loss of throttle control, increasing the risk of a crash.","Owners should not operate their motorcycle, other than to take it to a dealer, until the remedy is performed.  Dealers will replace the grip end and if necessary, the throttle grip assembly, free of charge.  Owner notification letters were mailed on March 17, 2022.  Owners may contact Yamaha customer service at 1-866-894-1626.  Yamaha's number for this recall is 990156."
23V329000,2023-05-08,FERRARI,296,2022-2023,"FUEL SYSTEM, GASOLINE:DELIVERY:HOSES, LINES/PIPING, AND FITTINGS",425,No,No,No,A fuel leak in the presence of an ignition source increases the risk of a fire.,"Owners are advised not to drive their vehicles until the remedy has been completed.  Dealers will install a new fuel tank connecting pipe reinforced with a protective sleeve, free of charge.  Owner notification letters were mailed July 14, 2023.  Owners may contact Ferrari customer service at 1-201-816.2668.  Ferrari's number for this recall is RC 85."
15V210000,2015-04-08,KTM,690 ENDURO R,2015-2015,"SERVICE BRAKES, HYDRAULIC",409,No,No,No,"A damaged brake line may cause a loss of rear braking ability, increasing the risk of a crash.","KTM will notify owners, and dealers will inspect the positioning of the crank case ventilation hose clamp, correcting it as necessary.  Any damaged brake line will be replaced.  These repairs will be performed free of charge.  The recall began on May 1, 2015.  Owners may contact KTM customer service at 1-888-985-6090.  Note: Owners are advised to not ride their motorcycle until the recall has been remedied."
22V014000,2022-01-14,HUSQVARNA,FE 350S; FE 501S,2022-2022,"SERVICE BRAKES, HYDRAULIC:CRITICAL FASTENERS",394,No,No,No,"Loose or detached front brake pads can reduce braking performance, increasing the risk of a crash or injury.","Owners are advised to not ride their motorcycles until the repair has been performed.  Dealers will replace the front and rear brake pad retaining clips, free of charge.  Owners notification letters were mailed February 2, 2022.  Owners may contact KTM customer service at 1-888-985-6090.  KTM's number for this recall is HTB2111.  This recall supersedes NHTSA recall 21V-678.  Motorcycles that were previously repaired under recall 21V-678 will need to have the new remedy performed under this recal"
19V678000,2019-09-25,BMW,X3; X4,2020-2020,STEERING,368,No,No,No,"Broken swivel bearings can cause a loss of vehicle control, increasing the risk of a crash.","BMW has notified owners and instructed them to not drive their vehicles.  Dealers will replace the front axle swivel bearings, free of charge.  Owners may contact BMW customer service at 1-800-525-7417."
22V541000,2022-07-27,BMW,I4; IX,2022-2023,ELECTRICAL SYSTEM:PROPULSION SYSTEM:TRACTION BATTERY,367,Yes,No,No,A short-circuit in a high voltage battery increases the risk of a fire.,"Owners are advised not to drive or charge their vehicles, and to park outside and away from structures until the remedy is complete.  Dealers will replace the high voltage battery, free of charge.  Interim owner notification letters, informing owners of the safety risk, were mailed September 23, 2022.  A second letter will be mailed when remedy parts become available.  Owner notification letters were mailed December 23, 2022.    Owners may contact BMW customer service at 1-800-525-7417.  Owners "
21V678000,2021-08-31,HUSQVARNA,FE 350S; FE 501S,2022-2022,"SERVICE BRAKES, HYDRAULIC:CRITICAL FASTENERS",342,No,No,No,"Loose front brake pads can reduce braking performance, increasing the risk of a crash or injury.","Dealers will inspect and repair the brake pad retaining clips, as necessary, free of charge.  Owner letters were mailed October 1, 2021.  Owners may contact KTM customer service at 1-888-985-6090.  KTM's number for this recall is HTB2108."
26V132000,2026-03-05,ESCAPE,ESCAPE 17; ESCAPE 19; ESCAPE 21; ESCAPE 5.0,2025-2025,EQUIPMENT:MECHANICAL:SPARE TIRE MOUNT/RACK,324,No,No,No,"A detached carrier can become a road hazard for other vehicles, increasing the risk of a crash or injury.","Dealers will replace the spare tire carriers, free of charge. Owner notification letters are expected to be mailed March 2026. Owners may contact Escape Trailer customer service at 1-604-703-1650. Vehicle Identification Numbers (VINs) involved in this recall became searchable on NHTSA.gov on March 9, 2026."
24V833000,2024-11-05,KAWASAKI,NINJA 7 HYBRID; Z7 HYBRID,2024-2024,STRUCTURE:FRAME AND MEMBERS,299,No,No,No,Loss of vehicle handling and control increases the risk of a crash or injury.,"Owners are advised not to ride their motorcycles.  Kawasaki will replace the motorcycles, free of charge.  Owner notification letters were mailed November 27, 2024.  Owners may contact Kawasaki customer service at 1-866-802-9381."
23V432000,2023-06-15,TOYOTA,CAMRY; CAMRY HYBRID,2023-2023,WHEELS:LUGS/NUTS/BOLTS/STUDS,298,No,No,No,"A wheel that detaches from a moving vehicle can cause a loss of vehicle control, increasing the risk of a crash.","Owners are advised not to drive their vehicles until the repair has been performed.  Dealers will inspect and tighten the lug nuts, and replace any damaged components, free of charge.  Owner notification letters are expected to be mailed on or before August 14, 2023.  Owners may contact Toyota's customer service at 1-800-331-4331.  Toyota's number for this recall is 23TA05."
22V937000,2022-12-16,MERCEDES-BENZ,AMG G63,2022-2022,POWER TRAIN:DRIVELINE:DIFFERENTIAL UNIT,278,No,No,No,"A loss of rear wheel control and drive power can increase the risk of a crash.  In addition, differential oil that leaks onto the road can increase the risk of a crash.","Owners are advised not to drive their vehicles until the vehicle has been remedied.  Dealers will inspect and replace the rear axle, as necessary, free of charge.  The MBUSA Customer Assistance Center will assist owners to make arrangements with their authorized Mercedes-Benz dealer to have the vehicle towed for inspection.  Towing and loaner vehicles or alternate transportation, where available, will be offered at no cost to the customer.  Owner notification letters were mailed May 12, 2023.  O"
26V291000,2026-05-07,FONTAINE,FUSION FLAT BED TRAILER,2025-2026,STRUCTURE:FRAME AND MEMBERS,247,No,No,No,"A cracked beam may break, resulting in a loss of load support and increasing the risk of a crash or injury.","Owners are advised not to use their trailer until the remedy is completed. Fontaine Trailer will inspect and replace the trailers as necessary, free of charge. Owner notification letters are expected to be mailed May 11, 2026. Owners may contact Fontaine Trailer customer service at 1-800-821-6535, option 5."
18V403000,2018-06-15,MAZDA,RX-8,2009-2010,AIR BAGS:FRONTAL:PASSENGER SIDE:INFLATOR MODULE,237,No,No,Yes,An inflator explosion may result in sharp metal fragments striking the driver or other occupants resulting in serious injury or death.,"Mazda will notify owners, and dealers will replace the front passenger air bag inflator with an alternate one, free of charge.  The recall began July 9, 2019.  Owners may contact Mazda customer service at 1-800-222-5500, option 4.  Mazda's number for this recall is 2618F.  Note: This recall supersedes recall 18V017."
21V806000,2021-10-15,YAMAHA,XVS950,2020-2021,ENGINE,233,No,No,No,"Oil on the rear tire may cause a loss of control, increasing the risk of a crash.","Owners are advised to not ride their motorcycles until they are repaired.  Dealers will inspect and replace the engine, as necessary, free of charge.  Owner notification letters were mailed October 29, 2021.  Owners may contact Yamaha customer service at 1-800-962-7926.  Yamaha's number for this recall is 990150."
21V407000,2021-05-29,FORD,F-150,2021-2021,STEERING:RACK AND PINION,223,No,No,No,Loss of steering control can increase the risk of a crash.,"Owners are advised to not drive their vehicles until the repair is complete.  Vehicles will be towed in for service, and dealers will remove and replace the steering gear, free of charge.  Owner notification letters were mailed on June 4, 2021. Owners may contact Ford customer service at 1-866-436-7332.  Ford's number for this recall is 21S28."
21V437000,2021-06-09,KARAVAN,MOVE I 1500 LONG,2021-2021,SUSPENSION:REAR:AXLE:SPINDLE,220,No,No,No,"The welds can break, causing the wheel to detach and increasing the risk of a crash.","Owners are advised not to drive their trailer until the remedy is completed.  Dealers will reimburse trailer transportation costs and replace the axle, free of charge.  The effected trailer manufacturers have been notified.  Owners may contact Karavan customer service at 1-920-928-6200 ext. 333."
21V420000,2021-06-03,SEA-DOO,MOVE I EXTENDED 1500,2021-2021,WHEELS,220,No,No,No,"The welds can break, causing the wheel to detach and increasing the risk of a crash.","Owners are advised not to drive their trailer until the remedy is completed.  Dealers will reimburse trailer transportation costs and replace the axle, free of charge.  Owner notification letters were mailed on June 4, 2021.  Owners may contact Bombardier customer service at 1-888-272-9222.  BRP's number for this recall is 2021-4."
18V215000,2018-04-04,ZERO,DSP; ZERO DS; ZERO S,2012-2012,HYBRID PROPULSION SYSTEM,218,No,No,No,An electrical short can increase the risk of a fire.,"Zero Motorcycles will notify owners and offer them a choice of either the repurchase of their motorcycle or a financial trade-assist towards a newer model year Zero Motorcycles motorcycle.  The recall  began on April 30, 2018.  Owners may contact Zero customer service at 1-888-841-8085.  Zero's number for this recall is SV-ZMC-018-383.  Note: Since owners are advised to no longer ride or charge the affected motorcycles, Zero Motorcycles dealers will arrange for the collection of the affected mot"
25V118000,2025-02-24,KAWASAKI,NINJA E-1; Z E-1,2024-2024,ELECTRICAL SYSTEM:PROPULSION SYSTEM:TRACTION BATTERY,216,No,No,No,"A failed battery connection can result in a loss of drive power, increasing the risk of a crash.","Owners are advised not to ride their motorcycle until the repair has been performed.  Dealers will inspect the battery terminals and replace the battery if the anchor is missing, free of charge.  Owner notification letters were mailed March 6, 2025.  Owners may contact KMC customer service at 1-866-802-9381.  KMC's number for this recall is MC25-03."
24V244000,2024-04-01,KIA,FORTE,2023-2023,SUSPENSION:FRONT:CONTROL ARM:LOWER ARM,215,No,No,No,"Front lower control arm failure can cause a sudden loss of steering control, increasing the risk of a crash.","Owners are advised not to drive their vehicles until the repair has been performed.  Dealers will replace the right front lower control arm, free of charge.  Owner notification letters were mailed April 17, 2024.  Owners may contact Kia customer service at 1-800-333-4542.  Kia's number for this recall is SC306.  This recall expands previous NHTSA recall number 23V-649."
19V488000,2019-06-24,MAZDA,RX-8,2010-2011,AIR BAGS:FRONTAL:PASSENGER SIDE:INFLATOR MODULE,211,No,No,Yes,An inflator explosion may result in sharp metal fragments striking the driver or other occupants resulting in serious injury or death.,"Owners are advised not to drive their vehicles until the repair has been performed.  Mazda will notify owners, and dealers will replace the front passenger air bag inflator with an alternate one, free of charge.  The recall began July 9, 2019.  Owners may contact Mazda customer service at 1-800-222-5500, option 4.  Mazda's number for this recall is 2618F."
23V472000,2023-07-10,YAMAHA,TENERE 700,2022-2022,"SERVICE BRAKES, HYDRAULIC:FOUNDATION COMPONENTS:DISC:CALIPER",211,No,No,No,"Damaged brake calipers can detach and cause a loss of braking ability, increasing the risk of a crash.","Owners should not operate their motorcycle, other than take it to a dealer, until the remedy is performed.  Dealers will inspect the length of the front brake caliper bolts and replace them, if necessary.  If the caliper mounting-hole threads are damaged, the caliper will be replaced.  Repairs will be performed free of charge.  Owner notification letters are expected to be mailed July 20, 2023.  Owners may contact Yamaha's customer service at 1-800-962-7926.  Yamaha's number for this recall is 9"
16V406000,2016-06-07,THOR MOTOR COACH,TUSCANY,2015-2016,SUSPENSION:FRONT,207,No,No,No,"The steering wheel's connection to the front axle could fail resulting in a sudden loss of steering ability, increasing the risk of a crash.","TMC will notify owners, and Freightliner Custom Chassis dealers will inspect and replace the steering box if necessary, free of charge.  The recall began on June 10, 2016.  Note: Owners are urged not to drive their vehicles until they have been inspected.  Owners may contact Freightliner Custom Chassis customer service at 1-800-547-0712 or TMC customer service at 1-877-855-2867.  TMC's number for this recall is RC000115."
26V350000,2026-05-28,VOLVO,VAH; VHD; VN; VNL (4); VNR (4),2026-2027,WHEELS:LUGS/NUTS/BOLTS/STUDS,205,No,No,No,"Wheel detachment can cause a loss of vehicle control or create a road hazard, increasing the risk of a crash or injury.","Owners are advised not to drive their vehicles until the repair has been performed. Dealers will inspect the wheel and hub mating surfaces, remove any masking material, and replace any worn components if necessary, free of charge. Owner notification letters were mailed June 15, 2026. Owners may contact Volvo Trucks' customer service at 800-528-6586. Volvo Trucks' number for this recall is RVXX2606.Vehicle Identification Numbers (VINs) involved in this recall became searchable on NHTSA.gov on May"
21V205000,2021-03-24,RANGER TRAIL; TRAILSTAR,NZ18; NZ19; NZ20; NZ21; ZV20; ZV21,2021-2021,STRUCTURE:BODY,184,No,No,No,"Premature wear may cause a tire blow out, increasing the risk of a crash.","Owners are advised not to drive the trailer until the remedy is complete.  Tracker will notify owners, and dealers will raise the fenders by installing shims on all NZ models and replacing the axle on all ZV models, free of charge.  Tracker will provide a tow or on-site repair.  Owners may contact Tracker customer service at 1-417-873-4555.  Tracker's number for this recall is TS-0037."
21V681000,2021-09-02,INDIAN,SCOUT BOBBER SIXTY,2020-2020,ENGINE AND ENGINE COOLING:ENGINE:ENGINE CONTROL MODULE (ECU/ECM):SOFTWARE,177,No,No,No,Inoperable brake lights can increase the risk of a crash.,"Owners will be asked to inspect their brake lights, and advised to not ride their motorcycle if the brake lights are inoperable.  If the brake lights are not functioning, dealers will re-flash the ECU, free of charge.  Owner notification letters were mailed September 27, 2021.  Owners may contact Indian customer service at 1-877-204-3697.  Indian's number for this recall is I-21-03."
26V010000,2026-01-15,GULF STREAM,AMERI-LITE; TRAIL BOSS,2026-2026,EXTERIOR LIGHTING:TURN SIGNAL,172,No,No,No,Turn signals that fail to indicate the driver's intention to change direction increase the risk of a crash.,"Owners are advised not to tow their trailers until the repair has been completed. Dealers will rewire the turn signals, free of charge. Owner notification letters were mailed January 21, 2026. Owners may contact Gulf Stream customer service at 1-800-289-8787. Vehicle Identification Numbers (VINs) involved in this recall will be searchable on NHTSA.gov beginning January 31, 2026."
20V010000,2020-01-10,GENUINE SCOOTER,ROYAL ALLOY,2020-2020,"SERVICE BRAKES, HYDRAULIC:FOUNDATION COMPONENTS:DISC:PADS",148,No,No,No,"If the brake pad becomes dislodged, the scooter can experience a reduced or complete loss of braking, increasing the risk of a crash.","Genuine Scooters will notify owners, and dealers will reposition the brake rotors with spacers to prevent the brake pads from dislodging, free of charge.  The recall began January 2019.  Note: Genuine Scooters requests owners to not drive their scooters.  Please have the scooter towed to a dealer for repairs.  Roadside assistance coverage has been provided along with owner's warranty so the tow will be free of charge.  Owners may contact Genuine Scooters customer service at 1-773-433-1311."
16V701000,2016-09-29,GILLIG,LOW FLOOR,2016-2016,POWER TRAIN:AXLE ASSEMBLY,143,No,No,No,Bearing failure may increase the risk of a crash.,"Gillig service centers or the fleet services for the bus owners will inspect the wheel bearings and add grease as necessary, free of charge. The recall began on October 5, 2016. Owners may contact Gillig customer service at 1-800-735-1500. Note: Gillig is advising that vehicles with the affected axles are removed from operation until the recall has been remedied."
17V629000,2017-10-06,FREIGHTLINER,CASCADIA,2017-2018,STEERING,138,No,No,No,A loss of steering control increases the risk of a crash.,"DTNA will notify owners, and dealers will verify that the upper steering shaft pinch bolt is properly tightened, free of charge.  The recall began on October 26, 2017.  Owners may contact DTNA customer service at 1-800-547-0712.  DTNA's number for this recall is FL-748.  Note: Owners are advised not to drive their vehicles until they have been checked."
22V369000,2022-05-23,IC BUS,1300 FBC; CE; RE,2022-2023,STEERING: STEERING WHEEL/HANDLE BAR,128,No,No,No,A loose or detached steering wheel increases the risk of a crash.,"Owners are advised not to drive their vehicles until the repair has been performed.  Dealers will remove the steering wheel nut, apply thread locker, and reinstall the nut, free of charge.  Owner notification letters are expected to be mailed May 2022.  Owners may contact Navistar, Inc. customer service at 1-331- 332-1590.  Navistar number for this recall is 22512."
24V578000,2024-08-02,DOOSAN,PORTABLE AIR COMPRESSOR,2023-2023,WHEELS:LUGS/NUTS/BOLTS/STUDS,127,No,No,No,"Improperly tightened lug nuts may allow the wheels to detach, increasing the risk of a crash.","Owners are advised not to tow their trailers until the remedy has been completed.  Dealers will tighten the wheel lug nuts, free of charge.  Owner notification letters were mailed August 7, 2024.  Owners may contact Doosan customer service at 1-800-633-5206.  Doosan's number for this recall is 5-24-10."
26V057000,2026-01-30,GRAND DESIGN,LINEAGE,2026-2026,EQUIPMENT:RECREATIONAL VEHICLE/TRAILER:PLUMBING:FREEZE PREVENTION HEATER,109,Yes,No,No,A heating pad failure can increase the risk of a fire.,"Dealers will inspect the heating pads and replace as necessary, free of charge. Owner notification letters were mailed on March 4, 2026. Owners may contact Grand Design customer service at 1-574-825-9679. Grand Design's number for this recall is 910055/M910056."
18V016000,2018-01-09,MAZDA,B-SERIES TRUCK,2009-2009,AIR BAGS:FRONTAL:PASSENGER SIDE:INFLATOR MODULE,84,No,No,Yes,An inflator explosion may result in sharp metal fragments striking the driver or other occupants resulting in serious injury or death.,"Mazda will notify owners, and dealers will replace the front passenger air bag inflator with an alternate inflator, free of charge.  The recall began June 15, 2018.  Owners may contact Mazda customer service at 1-800-222-5500.  Mazda's number for this recall is 2118A."
20V723000,2020-11-20,KAWASAKI,ZX1400J,2021-2021,"SERVICE BRAKES, HYDRAULIC:FOUNDATION COMPONENTS:MASTER CYLINDER",84,No,No,No,Reduced braking effectiveness can increase the risk of a crash.,"KMC will notify owners, and dealers will replace the front brake master cylinder, free of charge.  Note: Owners are advised to not ride their motorcycle until the repair is complete.  The recall began December 4, 2020.  Owners may contact Kawasaki customer service at 1-866-802-9381.  Kawasaki's number for this recall is MC20-11."
16V156000,2016-03-16,MACK,TITAN (TD),2016-2017,STEERING,75,No,Yes,No,Separation of the steering shaft will result in complete loss of steering which may lead to a vehicle crash.,"Mack strongly recommends that the affected vehicles not be driven until the interim remedy is applied.  An interim notice was sent to Mack owners on March 21, 2016, and an interim repair is available now.  A second notice was mailed on May 12, 2016.  The final remedy is now available.  Both remedies will be free of charge.  Owners may contact Mack customer service at 1-877-800-4945 opt #1.  Mack's number for this recall is SC0401."
23V746000,2023-11-07,MACK,MD,2024-2024,STEERING:CRITICAL FASTENERS,74,No,No,No,A detached steering wheel can cause a loss of steering control and increase the risk of a crash.,"Owners are advised not to drive their vehicles until the repair has been performed.  Dealers will replace the steering wheel retention bolt, free of charge.  Owner notification letters were mailed November 20, 2023.  Owners may contact Mack's customer service at 1-800-866-1177.  Mack's number for this recall is SC0453."
18V554000,2018-08-22,VOLVO,XC40,2019-2019,"SERVICE BRAKES, HYDRAULIC:PEDALS AND LINKAGES",71,No,Yes,No,Reduced braking performance can increase the risk of a crash.,"Volvo has notified owners advising them to stop driving their vehicle.  Cars will be inspected on-site or towed to dealers and the brake pedals will be replaced as necessary, free of charge.  Volvo began contacting their owners on August 23, 2018.  Owners may contact Volvo customer service at 1-800-458-1552.  Volvo's number for this recall is R59899."
23V800000,2023-11-28,FORD,MUSTANG,2024-2024,"SERVICE BRAKES, HYDRAULIC:PEDALS AND LINKAGES",66,No,No,No,"A loose brake pedal can result in a loss of braking function, increasing the risk of a crash.","Owners are advised not to drive their vehicle until the repair has been performed.  Dealers will replace the brake pedal and bracket assembly, free of charge.  Owner notification letters were mailed December 21, 2023.  Owners may contact Ford customer service at 1-866-436-7332.  Ford's number for this recall is 23S61."
26V289000,2026-05-07,CADILLAC; CHEVROLET; GMC,ESCALADE; ESCALADE ESV; SIERRA 1500; SILVERADO 1500; SUBURBAN; SUBURBAN 1500; TAHOE; YUKON; YUKON XL,2015-2026,POWER TRAIN:TRANSFER CASE (4-WHEEL DRIVE),66,No,No,No,Front or rear wheel lockup increases the risk of a crash.,"Owners are advised not to drive their vehicle until the remedy is completed. Dealers will inspect and, if necessary, replace the transfer case assembly, free of charge. Owner notification letters were mailed May 18, 2026. Owners may contact GMC customer service at 1-800-462-8782, Chevrolet customer service at 1-800-222-1020 or Cadillac customer service at 1-800-333-4223.  GM's number for this recall is N262557620. Vehicle Identification Numbers (VINs) involved in this recall became searchable on"
23V550000,2023-08-03,LAKOTA,BIGHORN; CHARGER,2020-2024,SUSPENSION:MULTIPLE AXLE,65,No,No,No,"A broken axle carrier can cause the axles and tires to fail, increasing the risk of a crash.","Owners are advised not to use their trailer until the remedy has been completed.  Dealers will install gussets and additional tubes, free of charge.  Owner notification letters were mailed September 1, 2023.  Owners may contact Lakota customer service at 1-574-848-1636."
24V328000,2024-05-10,NOVA BUS,LFS,2022-2023,"FUEL SYSTEM, DIESEL:DELIVERY:HOSES, LINES/PIPING, AND FITTINGS",52,No,No,No,"A fuel leak in the presence of an ignition source increases the risk of a fire.  Additionally, a lack of fuel can cause an engine stall, increasing the risk of a crash.","Owners are advised not to drive their vehicles until the repair has been performed.  Dealers will replace the secondary fuel filter hoses, free of charge.  Owner notification letters were mailed July 05, 2024.  Owners may contact Nova customer service at 1-800-350-6682.  Nova's number for this recall is CR5595."
23V713000,2023-10-24,MACK,LR,2024-2024,STEERING,47,No,No,No,"The power steering assist cylinder may separate from the steering arm, causing a loss of vehicle control and increasing the risk of a crash.","Owners are advised not to drive their vehicles until the repair has been performed.  Dealers will inspect and tighten the steering gear fasteners and install a new cotter pin, free of charge.  Owner notification letters are expected to be mailed December 15, 2023.  Owners may contact Mack customer service at 1-800-866-1177.  Mack's number for this recall is SC0451."
17V772000,2017-12-01,MV AGUSTA,BRUTALE 800 DRAGSTER RR,2017-2017,WHEELS:RIM,45,No,No,No,"If the handling is compromised from the loose spokes on the rear wheel, there would be an increased risk of a crash.","MV Agusta will notify owners, and dealers will replace the rear wheels, free of charge.  The recall began on December 13, 2017.  Owners may contact MV Agusta customer service at 1-215-781-1770.  MV Agusta's number for this recall is 2813."
14V816000,2014-12-23,PORSCHE,918,2015-2015,SUSPENSION:FRONT:CONTROL ARM:LOWER ARM,39,No,No,No,The fracture of a lower control arm while the vehicle is being drivem increases the risk of a crash.,"Porsche will notify owners, and dealers will replace the front lower control arms, free of charge.  The recall began on May 29, 2015.  Owners may contact Porsche customer service at 1-800-767-7243. Porsche's number for this recall is AF01.  Note: Owners are advised not to drive their vehicle until it has been remedied."
16V697000,2016-09-27,ELDORADO,AXESS,2016-2016,POWER TRAIN:AXLE ASSEMBLY,39,No,No,No,Bearing failure may increase the risk of a crash.,"Eldorado has notified owners, and dealers will inspect the wheel bearings and add grease as necessary, free of charge.  The recall began on September 28, 2016.  Owners may contact Eldorado customer service at 1-909-591-9557.  Note: Eldorado is advising that vehicles with the affected axles are removed from operation until the recall has been remedied."
16V678000,2016-09-20,NEW FLYER,XN40; XN60,2016-2016,"FUEL SYSTEM, OTHER",38,No,No,No,An unexpected release of CNG gas in the presence of an ignition source increases the risk of a fire.,"New Flyer has notified owners, and dealers will install new a vent tubing system and replace the PRD, free of charge.  The recall began September 28, 2016.  Owners may contact New Flyer customer service at 1-204-224-6706.  New Flyer's number for this recall is R16-026.  Note: Owners are advised to remove the vehicles from operation until the recall remedy can be applied."
22V629000,2022-08-17,GENUINE SCOOTER,NIU MQIGT EVO,2022-2022,STEERING: STEERING WHEEL/HANDLE BAR,38,No,No,No,Excessive handlebar vibration increases the risk of a crash.,"Owners are advised not to ride their scooters until the repair has been completed.  The remedy is currently under development.  Owners have the option to return their scooters for a full refund.  Owner notification letters were mailed August 18, 2022.  Owners may contact Genuine Scooters customer service at 1-773-433-1316.  Genuine Scooter's number for this recall is MQiGT EVO.  The scooters in this recall are also affected by recall number 22V-597."
22V597000,2022-08-08,GENUINE SCOOTER,NIU MQIGT EVO,2022-2022,ELECTRICAL SYSTEM:PROPULSION SYSTEM,38,No,No,No,Loss of drive power can increase the risk of a crash or injury.,"Owners are advised not to ride their scooters until the repair has been completed.  Dealers will provide new motors with new firmware, free of charge.  Owner notification letters are expected to be mailed in August 2022.  Owners may contact Genuine Scooters customer service at 1-773-433-1316.  Genuine Scooter's number for this recall is MQiGT EVO.  The scooters in this recall are also affected by recall number 22V-629."
25V342000,2025-06-02,BATTLE MOTORS,LET2,2024-2025,STEERING:CRITICAL FASTENERS,34,No,No,No,"A loose or detached steering wheel can cause a loss of control, increasing the risk of a crash.","Owners are advised not to drive their vehicle until the repairs are completed. Dealers will inspect and tighten the steering wheel retaining nut as necessary, free of charge. Owner notification letters were mailed June 25, 2025. Owners may contact Battle Motors customer service at 1-877-546-2537."
26V517000,2026-08-06,ISUZU,NPR HD,2025-2025,STRUCTURE:BODY:HATCHBACK/LIFTGATE:HINGE AND ATTACHMENTS,31,No,No,No,A liftgate that falls unexpectedly increases the risk of injury.,"US Truck Body will work with the supplier, Hiab, to inspect the platform bushings and hydraulic systems and replace the deck pins, free of charge. All affected vehicles are expected to be repair by August 27, 2026. Owners may contact US Truck Body customer service at 1-800-443-0843."
24V385000,2024-05-30,VICINITY,VI33; VI35,2017-2022,"FUEL SYSTEM, OTHER",28,No,No,No,"A compressed natural gas leak can result in a fire or explosion, increasing the risk of injury.","Owners are advised to remove the vehicles from service until the final remedy becomes available.   Dealers will replace the low pressure CNG hoses, free of charge.  Interim letters notifying owners of the safety risk were mailed August 1, 2024.  A second notice will be sent once the remedy becomes available.  Owners may contact Vicinity customer service at 1-604-607-4000.  Vicinity's number for this recall is CA-000-054."
25V835000,2025-12-03,VOLKSWAGEN,ATLAS; ATLAS CROSS SPORT; ID.4,2026-2026,WHEELS:LUGS/NUTS/BOLTS/STUDS,27,No,No,No,"Incorrect wheel bolts can allow a wheel to detach from the vehicle, increasing the risk of a crash.","Owners are advised not to drive their vehicles until they have been repaired. Dealers will inspect and replace the wheel bolts as necessary, free of charge. Owner notification letters were mailed December 12, 2025. Owners may contact Volkswagen customer service at 1-800-893-5298. Volkswagen's number for this recall is 44BW. Vehicle Identification Numbers (VINs) involved in this recall became searchable on NHTSA.gov on December 5, 2025."
24V447000,2024-06-16,MACK,MD (ELECTRIC),2024-2024,ELECTRICAL SYSTEM:PROPULSION SYSTEM: CABLES:FASTENER/CONNECTOR,24,No,No,No,"A loose high voltage cable can cause a sudden loss of steering and drive power, increasing the risk of crash.","Owners are advised not to drive their vehicles until the remedy has been completed.  Dealers will inspect and repair the mechanical connector lock as necessary, free of charge.  Owner notification letters were mailed July 10, 2024.  Owners may contact Mack customer service at 1-800-866-1177.  Mack's number for this recall is SC0467."
24V399000,2024-06-04,MACK,MD (ELECTRIC),2024-2024,ELECTRICAL SYSTEM:PROPULSION SYSTEM:TRACTION BATTERY:MANAGEMENT SYSTEM/ENERGY CONTROL MODULE (BMS/BECM):SOFTWARE,24,No,No,No,A sudden loss of steering control and drive power increases the risk of a crash.,"Owners are advised not to drive their vehicles until the remedy has been completed.  Dealers will update the battery management system software, free of charge.  Owner notification letters were mailed July 10, 2024.  Owners may contact Mack customer service at 1-800-866-1177.  Mack's number for this recall is SC0464."
24V544000,2024-07-19,DOOSAN PORTABLE POWER,MOBILE GENERATOR,2024-2024,WHEELS:LUGS/NUTS/BOLTS/STUDS,24,No,No,No,"Improperly tightened lug nuts may allow the wheels to detach, increasing the risk of a crash.","Owners are advised not to tow their trailers until the remedy has been completed.  Dealers will tighten the wheel lug nuts, free of charge.  Owner notification letters were mailed July 29, 2024.  Owners may contact Doosan customer service at 1-800-633-5206."
24V178000,2024-03-06,PREVOST,H3-45; H3-45 VIP,2022-2023,STEERING:COLUMN,23,No,No,No,A loss of steering control increases the risk of a crash.,"Owners are advised not to drive their vehicle until the repair has been performed.  Prevost will replace the steering column joints, free of charge.  Owner notification letters were mailed March 19, 2024.  Owners may contact Provost customer service at 1-866-870-2046.  Prevost's number for this recall is SR24-11."
18V458000,2018-07-10,MV AGUSTA,BRUTALE 800 DRAGSTER RC; F3 800; F3 800 RC,2018-2018,SUSPENSION:FRONT,22,No,No,No,"Wheel clamping screws that experience excessive play can cause a loss of control, increasing the risk of a crash.","MV Agusta will notify owners, and dealers will inspect the threaded holes in the fork axle carriers, and if necessary replace the fork leg, free of charge.  Owners are advised to not ride their motorcycles until the repair has been performed. The recall began July 20, 2018.  Owners may contact MV Agusta customer service at 1-215-781-1770.  MV Agusta's number for this recall is 18RC02."
25V724000,2025-10-23,WARTECH,SPECIALCONTAINER,2022-2025,"SERVICE BRAKES, AIR:SUPPLY:HOSES, LINES/PIPING, AND FITTINGS",18,No,No,No,An air leak can cause the unintentional activation of the brakes. Reduced brake pressure can increase the distance required to stop. Either scenario increases the risk of a crash.,"Owners are advised not to tow their trailer until the repairs are completed. Wartech will replace the fitting, free of charge. Owner notification letters are expected to be mailed November 13, 2025. Owners may contact Wartech's customer service at 1-734-429-2002."
24V941000,2024-12-18,MERCEDES-BENZ,E 350; E 350 4MATIC; E 450 4MATIC; E 450 4MATIC ALL-TERRAIN,2025-2025,POWER TRAIN:AXLE ASSEMBLY,17,No,No,No,"Rear axle carrier failure can cause a sudden loss of vehicle handling and control, increasing the risk of a crash.","Owners are advised not to drive their vehicles until the remedy has been performed.  Dealers will replace the rear axle carrier, free of charge.  Owner notification letters were mailed January 22, 2025.  Owners may contact MBUSA customer service at 1-800-367-6372.  MBUSA's number for this recall is 2024120015."
15V593000,2015-09-23,YAMAHA,YZF-R3,2015-2015,STEERING: STEERING WHEEL/HANDLE BAR,16,No,No,No,"If the upper triple clamp fractures, a loss of steering control may result, increasing the risk of a crash.","Yamaha will notify customers, and dealers will replace the upper triple clamp with a new one, free of charge. The recall began on October 16, 2015.  Owners may contact Yamaha's customer service at 1-800-962-7926.  Yamaha's recall number is 990099."
25V571000,2025-09-03,ORANGE EV,HUSK-E,2024-2025,POWER TRAIN:DRIVELINE:DRIVESHAFT,16,No,No,No,"Damaged brake components may cause a reduction of brake performance and unexpected activation of the emergency braking system, increasing the risk of a crash.","OEV field service will inspect and replace the driveshaft and brake chamber components as necessary, free of charge. Owner notification letters were mailed December 1, 2025. Owners may contact OEV customer service at 1-866-688-5223. OEV's number for this recall is 2025-SRC-06."
23V758000,2023-11-09,FORD,F-350 SD; F-450 SD; F-550 SD; F-600 SD,2022-2023,WHEELS:LUGS/NUTS/BOLTS/STUDS,13,No,No,No,"Wheel detachment can result in a loss of vehicle control and create a road hazard, increasing the risk of a crash.","Owners are advised not to drive their vehicle until the repair has been performed.  Dealers will inspect the front wheel hub extender retaining nuts.  If the retaining nuts are loose, dealers will replace the wheel hub extender, retaining nuts, and hub assembly.  Repairs will be performed free of charge.  Owner notification letters were mailed December 7, 2023.  Owners may contact Ford customer service at -866-436-7332.  Ford's number for this recall is 23S59."
22V194000,2022-03-28,MERCEDES-BENZ,S 500; S 580,2022-2022,SUSPENSION:SUBFRAME/MOUNTING BRACKET,12,No,No,No,"A detached thrust arm can cause a sudden loss of vehicle control, or cause the vehicle to pull to one side during emergency braking, increasing the risk of a crash.","Owners are advised not to drive their vehicles until the remedy has been performed.  Dealers will inspect the sub frame weld on the rear axle carrier and replace the rear axle carrier as necessary, free of charge.  Owner notification letters were mailed April 8, 2022.  Owners may contact MBUSA customer service at 1-800-367-6372. MBUSA's number for the recall is 2022030028."
22V915000,2022-12-11,DEMERS,MXP153E,2022-2022,STRUCTURE:BODY,11,No,No,No,"A lack of ventilation may cause the battery to over charge and emit battery vapor, increasing the risk of an injury and/or fire.","Owners are advised not to drive their ambulances until the remedy has been completed.  Dealers will drill a hole and install a filter in the rear battery compartment, free of charge.  Owner notification letters were mailed January 12, 2023.  Owners may contact Braun's customer service at 1-877-344-9990."
21V224000,2021-03-31,PORSCHE,MACAN,2021-2021,SUSPENSION:REAR:SHOCK ABSORBER,10,No,No,No,"A failed screw connection may cause damage to the braking system, driving instability, and the potential loss of control, increasing the risk of a crash.","Owners are advised not to drive their vehicle until the remedy has been performed.  Porsche will notify owners, and dealers will rework and tighten the screw connections, free of charge.  Owners may contact Porsche's customer service at 1-800-767-7243.  Porsche's number for this recall is AMA8."
25V832000,2025-12-01,VIRNIG,TR-HDD-1414; TR-RHDD-1409,2025-2025,SUSPENSION:FRONT:WHEEL BEARING,10,No,No,No,"A bearing lock nut failure can cause the tire to detach from the trailer, increasing the risk of a crash.","Dealers will inspect and replace the bearing lock nuts, free of charge. All trailers were repaired by October 28, 2025. Owners may contact Virnig customer service at 1-800-648-2408."
24V783000,2024-10-18,RIMAC,NEVERA,2023-2024,ELECTRICAL SYSTEM:PROPULSION SYSTEM: CABLES,9,No,No,No,An electrical cable that overheats can increase the risk of a fire.,"Owners are advised not to drive their vehicles until the inspection has been performed.  Dealers will inspect and repair the C19 low voltage cable, free of charge.  Owner notification letters were mailed November 25, 2024.  Owners may contact Bugatti-Rimac customer service at 1-703-826-7545."
15V174000,2015-03-25,PIERCE,ENFORCER; IMPEL; SABER; VELOCITY,2015-2015,SUSPENSION:REAR:SPRINGS:LEAF SPRING ASSEMBLY,8,No,No,No,"If the leaf spring spacer block fractures, the pieces may become a road hazard.  If the entire spacer block separates from the vehicle, the alignment of the rear axle may suddenly shift.  Either condition could increase the risk of a crash.","Pierce will notify owners, and dealers will replace the cast iron spring spacer block with a machined steel spring spacer block, free of charge. The recall began on March 23, 2015.  Owners may contact Pierce customer service at  1-888-974-3723."
19V879000,2019-12-11,VOLKSWAGEN,GOLF; GOLF ALLTRACK; JETTA,2019-2019,WHEELS,8,No,No,No,"The excessive stress can cause steering, traction or other stability issues or breakage relating to the front wheels, and increase the risk of a crash.","Volkswagen has notified owners, and dealers will replace the wheel bearing assemblies, wheels, and wheel bolts, free of charge.  The recall began December 11, 2019.  Owners may contact Volkswagen customer service at 1-800-893-5298.  Volkswagen's number for this recall is 40P1.  Note: The affected owners are advised not to drive their vehicles until the repairs have been made."
24V083000,2024-02-08,VOLVO BUS,9700,2024-2024,STEERING,8,No,No,No,A detached link rod can cause a loss of steering control and increase the risk of a crash.,"Owners are advised not to drive their vehicle until the repair has been performed.  Prevost will inspect and tighten the castellated nuts and install new cotter pins as necessary, free of charge.  Owner notification letters were mailed February 22, 2024.  Owners may contact Volvo Bus customer service at 1-866-870-2046.  Volvo Bus' number for this recall is SR24-82."
22V692000,2022-09-15,MICRO BIRD,G5 TRANSIT BUS,2018-2019,ELECTRICAL SYSTEM,7,No,No,No,"An improperly crimped wire may overheat, increasing the risk of a fire.","Owners are advised not to drive these buses until the repair has been completed.  Micro Bird will work coordinate with the manufacturer of the charging port, Ecotuned, to replace the charging port and the air conditioning refrigerant, free of charge.  All affected vehicles were repaired in November 2022.  Owners may contact Micro Bird's customer service at 1-819-477-2012.  Micro Bird's number for this recall is 22-095-CUS."
24V424000,2024-06-09,MACK,ANTHEM (AN); PIONEER PR (4),2025-2025,POWER TRAIN:AXLE ASSEMBLY,7,No,No,No,A sudden loss of steering control increases the risk of a crash.,"Owners are advised not to drive their vehicles until the remedy has been completed.  Dealers will inspect and replace the tie rod ends as necessary, free of charge.  Owner notification letters were mailed June 17, 2024.  Owners may contact Mack customer service at 1-800-866-1177.  Mack's number for this recall is SC0466."
25V716000,2025-10-21,FERRARI,296 GTB; 296 GTS,2025-2025,"ENGINE AND ENGINE COOLING:ENGINE:OIL/LUBRICATION:PIPES, HOSES, AND FITTINGS",6,No,No,No,An oil leak near a combustible source increases the risk of a fire.,"Owners are advised not to drive their vehicles until they have been repaired. Ferrari will verify tightness and retighten the attachment nut, free of charge. Owner notification letters were mailed November 7, 2025. Owners may contact Ferrari customer service at 1-201-816-2668. The manufacturer's number for this recall is RC 93."
22V924000,2022-12-13,EASYMILE,EZ10,2018-2019,ELECTRICAL SYSTEM:12V/24V/48V BATTERY,4,No,No,No,A defective battery increases the risk of fire.,"Owners were advised not to operate their vehicles until the remedy had been completed.  Easymile has replaced the 48-volt battery, free of charge.  All vehicles were repaired by January 2023.  Customers may contact Easymile at Info@easymile.com."
24V810000,2024-10-28,FERRARI,F8 SPIDER; PORTOFINO M; ROMA SPIDER,2023-2024,POWER TRAIN:DRIVELINE:DRIVESHAFT,4,No,No,No,"Driveshaft screws that loosen may result in a loss of vehicle traction and control, increasing the risk of a crash.","Owners are advised not to drive the vehicles.  Dealers will verify the tightening of the driveshaft screws and, if necessary, perform the tightening process, free of charge.  Owner notification letters were mailed December 13, 2024.  Owners may contact Ferrari customer service at 1-201-816-2668.  Ferrari's number for this recall is RC 88."
24V423000,2024-06-09,VOLVO,VN,2025-2025,STEERING:LINKAGES:TIE ROD ASSEMBLY,3,No,No,No,A sudden loss of steering control increases the risk of a crash.,"Owners are advised not to drive their vehicles until the remedy has been completed.  Dealers will inspect and replace the tie rod ends as necessary, free of charge.  Owner notification letters were mailed June 18, 2024.  Owners may contact Volvo Trucks customer service at 1-800-528-6586.  Volvo Truck's number for this recall is RVXX2404."
25V308000,2025-05-09,FORD,BRONCO,2024-2025,SUSPENSION:FRONT:CONTROL ARM:LOWER ARM,3,No,No,No,"A detached control arm can cause a loss of vehicle steering and control, increasing the risk of a crash.","Owners are advised not to drive their vehicles until they have been repaired.  Dealers will inspect and verify that the lower control arm fasteners are tightened properly.  If a fastener is loose or missing, the dealer will replace the fastener.  Repairs will be performed free of charge.  Owner notification letters were mailed June 3, 2025.  Owners may contact Ford customer service at 1-866-436-7332.  Ford's number for this recall is 25S48."
16V411000,2016-06-08,GLAVAL BUS,SYNERGY,2015-2015,STEERING,2,No,No,No,"The steering wheel's connection to the front axle could fail resulting in a sudden loss of steering ability, increasing the risk of a crash.","Forest River will notify owners, and Freightliner dealers will inspect and replace the steering box, as necessary, free of charge.  The recall began on June 10, 2016.  Note: Owners are urged not to drive their vehicles until they have been inspected.  Owners may contact Forest River customer service at 1-574-262-2212 or Freightliner customer service at 1-800-547-0712.  Forest River's number for this recall is 35-06022016-0207."
25V260000,2025-04-18,FORD,BRONCO,2025-2025,SUSPENSION:FRONT:CONTROL ARM:UPPER BALL JOINT,2,No,No,No,"A detached control arm can cause a loss of vehicle steering and control, increasing the risk of a crash.","Owners are advised not to drive their vehicles until they have been repaired.  Dealers will inspect and verify that the ball joint fastener is tightened properly.  If a fastener is loose or missing, the dealer will replace the ball joint and knuckle assembly.  Repairs will be performed free of charge.  Owner notification letters are expected to be mailed in April 2025.  Owners may contact Ford Customer Service at 1-866-436-7332.  Ford's number for this recall is 25S40."
25V331000,2025-06-10,HYUNDAI TRANSLEAD,DRY VAN TRAILER,2026-2026,STRUCTURE:BODY:HATCHBACK/LIFTGATE,2,No,No,No,A lift gate that fails during operation increases the risk of injury.,"Owners are advised not to drive their vehicles until they have been repaired. Hyundai Translead will replace the lift gate cylinder pins, free of charge. Owner notification letters were mailed June 2, 2025. Owners may contact Hyundai Translead customer service at 1-800-251-0871. Hyundai Translead's number for this recall is 25E-025."
22V198000,2022-03-28,BUGATTI,CHIRON,2018-2018,STRUCTURE:FRAME AND MEMBERS,1,No,Yes,No,"A loose frame support may reduce the vehicle's structural protection in a crash, increasing the risk of injury.","Bugatti recommends the car not be driven until the screws have been correctly tightened.  A dealer will inspect the screws to the front frame support and tighten them as necessary, free of charge.  The affected vehicle was repaired March 31, 2022.  Owners may contact Bugatti customer service at 1-703-826-7545.  Bugatti's number for this recall is BUGCR027."
25V290000,2025-05-05,PREVOST,X3-45 VIP ENTERTAINER,2025-2025,SUSPENSION:FRONT:CONTROL ARM:LOWER ARM,1,No,No,No,"A detached control arm can cause a loss of vehicle steering and control, increasing the risk of a crash.","The owner is advised not to drive their vehicle until it has been repaired.  Prevost will inspect and tighten the fasteners as necessary, free of charge.  An owner notification letter was mailed June 12, 2025.  Owner may contact Prevost's customer service at 1-866-870-2046.  Prevost's number for this recall is SR25-13."
