nhtsa_action_number,type,filer_mfgtxt,makes,models_sample,model_years,component_labels,subject,open_date,close_date,days_open,recall_campaigns,outcome,successor_ea,successor_ea_recall,vehicle_class
EA00001,EA,Hyundai Motor America,HYUNDAI,ACCENT,1995-1997,AIR BAGS:FRONTAL,PASSENGER AIR BAG RELATED,20000105,20010309,429,,closed_no_recall,,,car_or_light_truck
EA00002,EA,"General Motors, LLC",BUICK,PARK AVENUE,1997-1999,SEAT BELTS,FRONT SHOULDER BELT MALFUNCTION,20000106,20000502,117,00V117000,recall,,,car_or_light_truck
EA00004,EA,"General Motors, LLC",CADILLAC,DEVILLE,1997-1999,AIR BAGS:SIDE/WINDOW,INADVERTENT OF SIDE IMPACT AIR BAG,20000215,20000928,226,00V217000,recall,,,car_or_light_truck
EA00005,EA,Ford Motor Company,FORD; MERCURY,CONTOUR; MYSTIQUE,1995-1995,ENGINE AND ENGINE COOLING,ENGINE COOLING FAN FIRES,20000223,20001109,260,00V367000,recall,,,car_or_light_truck
EA00006,EA,"General Motors, LLC",BUICK; OLDSMOBILE,AURORA; RIVIERA,1995-1995,SEAT BELTS:REAR/OTHER,REAR SEAT BELT RETRACTOR,20000222,20000306,13,00V057000,recall,EA00006,00V057000,car_or_light_truck
EA00007,EA,"General Motors, LLC",BUICK; OLDSMOBILE; PONTIAC,ACHIEVA; GRAND AM; SKYLARK,1994-1995,ELECTRICAL SYSTEM,STEERING COLUMN FIRES,20000303,20010207,341,00V287000,recall,,,car_or_light_truck
EA00008,EA,"General Motors, LLC",CHEVROLET; GMC,ASTRO; BLAZER; JIMMY; S10; SUBURBAN,1995-1995,"SERVICE BRAKES, HYDRAULIC",LOSS OF POWER ASSIST,20000316,20010831,533,,closed_no_recall,,,car_or_light_truck
EA00009,EA,"General Motors, LLC",CHEVROLET,CORVETTE,1997-2000,SEAT BELTS,FRONT LAP BELT MALFUNCTION,20000316,20000418,33,00V111000,recall,,,car_or_light_truck
EA00010,EA,"General Motors, LLC",CHEVROLET,MALIBU,1997-1999,EXTERIOR LIGHTING,STOP LAMP ASSEMBLY OVERHEAT,20000327,20010809,500,,closed_no_recall,,,car_or_light_truck
EA00011,EA,"General Motors, LLC",BUICK; CHEVROLET; OLDSMOBILE; PONTIAC,CUTLASS; GRAND PRIX; LUMINA; LUMINA APV; MONTE CARLO; REGAL,1989-1991,ENGINE AND ENGINE COOLING,ENGINE CRADLE SEPARATION,20000410,20010112,277,00V189000,recall,,,car_or_light_truck
EA00012,EA,Ford Motor Company,FORD,EXPLORER,1991-1994,STRUCTURE,SPARE TIRE WINCH CABLE,20000414,20001020,189,,closed_no_recall,,,car_or_light_truck
EA00013,EA,"General Motors, LLC",CHEVROLET; GMC,SUBURBAN; TAHOE; YUKON,1995-1997,ELECTRICAL SYSTEM,BATTERY LEAKS ACID,20000502,20020628,787,,closed_no_recall,,,car_or_light_truck
EA00014,EA,Ford Motor Company,MERCURY,VILLAGER,1993-1998,VEHICLE SPEED CONTROL:LINKAGES,FUEL TANK VENT HOSE LEAKAGE,20000522,20010104,227,,closed_no_recall,,,car_or_light_truck
EA00015,EA,"Nissan North America, Inc.",NISSAN,QUEST,1993-1998,VEHICLE SPEED CONTROL:LINKAGES,FUEL TANK VENT HOSE LEAKAGE,20000522,20010104,227,00V419001; 00V419002,recall,,,car_or_light_truck
EA00017,EA,Ford Motor Company,FORD,STRIPPED CHASSIS; SUPER DUTY F SERIES,1999-2000,STEERING:HYDRAULIC POWER ASSIST SYSTEM; STEERING:HYDRAULIC POWER ASSIST:PUMP,LOSS OF POWER ASSIST; STEERING & BRAKING,20000620,20020729,769,,closed_no_recall,,,car_or_light_truck
EA00018,EA,"Kia America, Inc.",KIA,SEPHIA; SPORTAGE,1998-1999,EXTERIOR LIGHTING,TURN SIGHAL,20000629,20020729,760,02V207000,recall,,,car_or_light_truck
EA00019,EA,"General Motors, LLC",CHEVROLET; OLDSMOBILE,CUTLASS; MALIBU,1997-1998,VISIBILITY,WINDSHIELD WIPER,20000712,20010306,237,01V068000,recall,,,car_or_light_truck
EA00020,EA,"Volkswagen Group of America, Inc.",VOLKSWAGEN,JETTA; PASSAT,1996-1996,EXTERIOR LIGHTING,LIGHT AND /WINDSHIELD WIPERS,20000810,20021009,790,02V256000,recall,,,car_or_light_truck
EA00021,EA,"Volkswagen Group of America, Inc.",AUDI,A4,1996-2000,"SERVICE BRAKES, HYDRAULIC",DEGRADED BRAKING  IN WET WEATHER,20000811,20020329,595,,closed_no_recall,,,car_or_light_truck
EA00022,EA,"General Motors, LLC",SATURN,SATURN,1994-1995,SEATS; SEATS:FRONT ASSEMBLY:RECLINER,SEAT BACK RECLINER FAILURE,20000814,20021230,868,02V307000,recall,,,car_or_light_truck
EA00024,EA,"General Motors, LLC",CHEVROLET; GMC,C/K PICKUPS; SIERRA; SUBURBAN; TAHOE; YUKON,1995-1996,EXTERIOR LIGHTING,HEADLIGHT,20000926,20011221,451,,closed_no_recall,,,car_or_light_truck
EA00025,EA,Ford Motor Company,FORD; MERCURY,CONTOUR; MYSTIQUE,1998-1998,VEHICLE SPEED CONTROL:LINKAGES,FUEL EXPULSION DURING REFUELING,20001004,20010125,113,,closed_no_recall,,,car_or_light_truck
EA00027,EA,Ford Motor Company,FORD,WINDSTAR,1995-1998,SUSPENSION,SUSPENSION COIL SPRING BREAKAGE,20001208,20010731,235,01I007000; 01V199000,recall,,,car_or_light_truck
EA00028,EA,"Volkswagen Group of America, Inc.",VOLKSWAGEN,JETTA; PASSAT,1993-2000,VEHICLE SPEED CONTROL:LINKAGES,FUEL TANK PUNCTURE,20001228,20020129,397,02V026000,recall,,,car_or_light_truck
EA01001,EA,Ford Motor Company,FORD; MERCURY,CONTOUR; COUGAR; MYSTIQUE,1995-1999,ELECTRICAL SYSTEM,BLOWER SWITCH/RESISTOR OR WIRING HARNESS,20010105,20010731,207,01I009000; 01V230000,recall,,,car_or_light_truck
EA01002,EA,Ford Motor Company,FORD,SUPER DUTY F SERIES,1999-1999,PARKING BRAKE,PARKING BRAKE,20010112,20020530,503,02V068000,recall,,,car_or_light_truck
EA01003,EA,"Chrysler (FCA US, LLC)",JEEP,WRANGLER,1994-1995,"SERVICE BRAKES, HYDRAULIC",PARKING BRAKE RESULTING IN ROLLAWAY,20010111,20020325,438,02V041000,recall,,,car_or_light_truck
EA01004,EA,Ford Motor Company,FORD,EXCURSION; SUPER DUTY F SERIES,1999-2000,SUSPENSION,PULLS UNDER HARD BRAKING,20010122,20021030,646,,closed_no_recall,,,car_or_light_truck
EA01005,EA,"Chrysler (FCA US, LLC)",JEEP,CHEROKEE,1993-1995,STRUCTURE,DOOR HINGE,20010124,20020715,537,,upgraded_to_EA,EA02029,,car_or_light_truck
EA01007,EA,"Chrysler (FCA US, LLC)",CHRYSLER; DODGE; PLYMOUTH,CARAVAN; GRAND CARAVAN; GRAND VOYAGER; TOWN AND COUNTRY; VOYAGER,1996-2000,ELECTRICAL SYSTEM,AIR BAG CLOCKSPRING,20010221,20021122,639,02V293000,recall,,,car_or_light_truck
EA01008,EA,Ford Motor Company,FORD,EXPLORER,1999-2000,SEAT BELTS:FRONT:WEBBING,SEAT BELT WEBBING,20010226,20020425,423,,upgraded_to_EA,EA02011,,car_or_light_truck
EA01009,EA,Ford Motor Company,FORD,EXCURSION; F-250 SD; F-350 SD; F-450 SD; F-550 SD,1999-2001,STEERING:GEAR BOX:SHAFT PITMAN; STEERING:GEAR BOX:SHAFT SECTOR,SECTOR SHAFT FRACTURES,20010302,20030819,900,,closed_no_recall,,,car_or_light_truck
EA01010,EA,"Chrysler (FCA US, LLC)",DODGE,DAKOTA,2000-2001,SEAT BELTS:FRONT:ANCHORAGE,FRONT SAFETY BELT ANCHORAGE,20010308,20010817,162,01V233000,recall,,,car_or_light_truck
EA01012,EA,Ford Motor Company,LINCOLN,CONTINENTAL,1999-2000,AIR BAGS:SIDE/WINDOW,INADVERTENT SIDE AIR BAG DEPLOYMENT,20010427,20030415,718,03V144000,recall,EA03010,,car_or_light_truck
EA01013,EA,"General Motors, LLC",CHEVROLET,C/K SERIES,1997-2000,"SERVICE BRAKES, HYDRAULIC",VACUUM BRAKE BOOSTER FAILURE,20010522,20021215,572,,closed_no_recall,,,car_or_light_truck
EA01014,EA,"General Motors, LLC",PONTIAC,GRAND PRIX; MONTANA,1998-2000,AIR BAGS:FRONTAL:DRIVER SIDE:INFLATOR MODULE,AIR BAG INFLATOR,20010611,20020826,441,02V027001; 02V027002,recall,,,car_or_light_truck
EA01015,EA,"Nissan North America, Inc.",NISSAN,ALTIMA,1994-1995,AIR BAGS:FRONTAL,PASSENGER AIR BAG-RELATED FACIAL/EYE INJ,20010809,20030424,623,03V150000,recall,,,car_or_light_truck
EA01017,EA,"Chrysler (FCA US, LLC)",JEEP,GRAND CHEROKEE,1993-2002,POWER TRAIN,ROLL-AWAY IN REVERSE WHEN PARKED,20011101,20021218,412,02V053000,recall,,,car_or_light_truck
EA01018,EA,"General Motors, LLC",CADILLAC; GMC,ESCALADE; TAHOE; YUKON; YUKON DENALI,1995-1999,SEAT BELTS:FRONT:ANCHORAGE,SEAT BELT ANCHORAGE SEPARATION,20011220,20021209,354,,upgraded_to_EA,EA02032,,car_or_light_truck
EA01019,EA,"General Motors, LLC",CHEVROLET; GMC,BLAZER; TAHOE; YUKON,1992-1995,SEATS:FRONT ASSEMBLY:RECLINER,FRONT SEAT RECLINER BOLT,20011228,20020927,273,,closed_no_recall,,,car_or_light_truck
EA02001,EA,Ford Motor Company,FORD,EXPEDITION; F-150; F-250,1997-1997,STEERING,STEERING SHAFT SEPARATION,20020206,20030529,477,03V196000,recall,,,car_or_light_truck
EA02003,EA,"General Motors, LLC",CHEVROLET; OLDSMOBILE; PONTIAC,CUTLASS; GRAND PRIX; INTRIGUE; MALIBU; SILHOUETTE; TRANS SPORT,1997-1998,STEERING; STEERING:RACK AND PINION,POWER RACK AND PINION STEERING FAILURE,20020404,20021210,250,02V286000,recall,EA02031,04V060000,car_or_light_truck
EA02005,EA,"General Motors, LLC",CHEVROLET; GMC,C/K 3500; C/K PICKUP; C/K PICKUPS; C/K SERIES; C/K UTILITY,1998-9999,ELECTRICAL SYSTEM; VISIBILITY:REARVIEW MIRRORS/DEVICES; VISIBILITY:REARVIEW MIRRORS/DEVICES:EXTERIOR,DRIVER DOOR ELECTRICAL FIRES,20020517,20030501,349,03V093000,recall,,,car_or_light_truck
EA02006,EA,"General Motors, LLC; Isuzu Motors Limited",CHEVROLET; GMC; ISUZU; OLDSMOBILE,ASTRO; BLAZER; BRAVADA; C/K PICKUP; C/K PICKUPS; C/K SERIES,1994-1997,VISIBILITY:WINDSHIELD WIPER/WASHER:MOTOR,WINDSHIELD WIPER FAILURE,20020531,20030723,418,03V159000; 03V210000,recall,EA04002,04V046000; 04V061000,car_or_light_truck
EA02007,EA,"Mitsubishi Motors North America, Inc.",MITSUBISHI,ECLIPSE; ECLIPSE SPYDER,2000-2002,WHEELS,ALUMINUM ALLOY WHEEL DENTING,20020531,20030501,335,,closed_no_recall,,,car_or_light_truck
EA02008,EA,Ford Motor Company,FORD; MERCURY,ESCORT; TRACER,1997-1997,AIR BAGS,WATER INTRUSION INTO AIRBAG MONITOR,20020610,20021211,184,02V323000,recall,,,car_or_light_truck
EA02009,EA,"Kia America, Inc.",KIA,RIO,2001-2003,AIR BAGS,AIR BAG NON DEPLOY,20020702,20030702,365,,closed_no_recall,,,car_or_light_truck
EA02010,EA,Ford Motor Company,FORD; MERCURY,EXPLORER; MOUNTAINEER,2002-2002,AIR BAGS,MIS-ASSEMBLED AIRBAG CLOCKSPRING,20020702,20030225,238,,upgraded_to_EA,EA03010,,car_or_light_truck
EA02011,EA,Ford Motor Company,FORD,EXPLORER; RANGER,1995-1995,SEAT BELTS,SAFETY BELT ASSEMBLY FAILURE,20020702,20030521,323,,closed_no_recall,,,car_or_light_truck
EA02012,EA,"BMW of North America, LLC",BMW,3 SERIES,1999-2002,AIR BAGS:SIDE/WINDOW,INADVERTENT SIDE-IMPACT AIR BAG DEPLOYME,20020715,20030624,344,02V223000,recall,,,car_or_light_truck
EA02014,EA,Ford Motor Company,FORD,FOCUS,2000-2002,ELECTRICAL SYSTEM,ENGINE COMPARTMENT FIRES,20020731,20021113,105,02V288000,recall,,,car_or_light_truck
EA02015,EA,"General Motors, LLC",CADILLAC; CHEVROLET; GMC,AVALANCHE; ESCALADE; SIERRA; SILVERADO; SUBURBAN; TAHOE,1999-2002,VEHICLE SPEED CONTROL:LINKAGES,THROTTLE STICKING CLOSED,20020801,20040112,529,,closed_no_recall,,,car_or_light_truck
EA02016,EA,"Kia America, Inc.",KIA,SEPHIA; SPECTRA,1998-2000,ELECTRICAL SYSTEM; ELECTRICAL SYSTEM:12V/24V/48V BATTERY:CABLES,NON-CRASH ENGINE COMPARTMENT FIRES,20020806,20031007,427,,closed_no_recall,,,car_or_light_truck
EA02017,EA,Ford Motor Company,FORD,FOCUS,2000-2001,AIR BAGS,BURN INJURIES DUE TO AIR BAG DEPLOYMENT,20020816,20030815,364,,upgraded_to_EA,EA03014,,car_or_light_truck
EA02019,EA,"Volvo Car USA, LLC",VOLVO,850; 854; 855,1996-1997,ELECTRICAL SYSTEM; SEATS:FRONT ASSEMBLY:SEAT HEATER/COOLER,SEAT FIRES,20020822,20021218,118,02V314000,recall,,,car_or_light_truck
EA02020,EA,"Nissan North America, Inc.",NISSAN,XTERRA,2002-2002,AIR BAGS:FRONTAL,DRIVER'S AIR BAG SYSTEM FAILURE,20020829,20030303,186,03V061000,recall,,,car_or_light_truck
EA02022,EA,Ford Motor Company,FORD,FOCUS,2000-2002,"FUEL SYSTEM, GASOLINE:DELIVERY:FUEL PUMP; FUEL SYSTEM, OTHER:DELIVERY:FUEL PUMP; VEHICLE SPEED CONTROL:LINKAGES",ENGINE STALLING,20020909,20040116,494,03V482000,recall,EA04006,,car_or_light_truck
EA02023,EA,Ford Motor Company,FORD,FOCUS,2000-2002,SUSPENSION:FRONT; SUSPENSION:FRONT:CONTROL ARM; SUSPENSION:FRONT:CONTROL ARM:LOWER ARM; SUSPENSION:FRONT:CONTROL ARM:LOWER BALL JOINT,FRONT SUSP COLLAPSE/WHEEL SEPARATION,20020909,20030219,163,,closed_no_recall,,,car_or_light_truck
EA02025,EA,Ford Motor Company,FORD; LINCOLN; MERCURY,CROWN VICTORIA; GRAND MARQUIS; TOWN CAR,1992-1997,ENGINE AND ENGINE COOLING,SPEED CONTROL DEACTIVATION SWITCH FIRES,20020906,20040630,663,,closed_no_recall,,,car_or_light_truck
EA02026,EA,"Volvo Car USA, LLC",VOLVO,S40; V40,2000-2001,"SERVICE BRAKES, HYDRAULIC",VOLVO S40/V40 MY 2000-2001,20020910,20031121,437,03V474000,recall,,,car_or_light_truck
EA02027,EA,Ford Motor Company; Mazda Motor Corp.,FORD; MAZDA,ESCAPE; TRIBUTE,2001-2002,ENGINE AND ENGINE COOLING,ENGINE STALLING,20020910,20040415,583,04V165000; 04V175000,recall,,,car_or_light_truck
EA02028,EA,"General Motors, LLC",CHEVROLET; OLDSMOBILE; PONTIAC,ALERO; CAVALIER; GRAND AM; MALIBU; SUNFIRE,2000-2001,"FUEL SYSTEM, GASOLINE; FUEL SYSTEM, OTHER:STORAGE:FUEL GAUGE SYSTEM",ERRATIC FUEL GAUGE,20020930,20031230,456,,upgraded_to_EA,EA04003,04V110000,car_or_light_truck
EA02029,EA,"Chrysler (FCA US, LLC)",JEEP,GRAND CHEROKEE,1993-1998,LATCHES/LOCKS/LINKAGES; LATCHES/LOCKS/LINKAGES:HOOD:LATCH; STRUCTURE,HOOD LATCH FAILURE,20021016,20040210,482,,closed_no_recall,,,car_or_light_truck
EA02030,EA,"General Motors, LLC",BUICK; CHEVROLET; OLDSMOBILE; PONTIAC,88; 98; BONNEVILLE; GRAND PRIX; IMPALA; INTRIGUE,1996-2002,"FUEL SYSTEM, GASOLINE; FUEL SYSTEM, GASOLINE:DELIVERY; FUEL SYSTEM, GASOLINE:DELIVERY:HOSES, LINES/PIPING, AND FITTINGS",ENGINE COMPARTMENT FIRES,20021022,20040309,504,04V090000,recall,,,car_or_light_truck
EA02031,EA,"General Motors, LLC",CHEVROLET,CORVETTE,1997-2004,STEERING; STEERING:COLUMN; STEERING:COLUMN LOCKING:ANTI-THEFT DEVICE,STEERING COLUMN LOCKUP,20021115,20040311,482,04V060000,recall,EA04012,05V005000,car_or_light_truck
EA02032,EA,"General Motors, LLC",CHEVROLET; OLDSMOBILE; PONTIAC,MONTANA; SILHOUETTE; TRANS SPORT; VENTURE,1997-1998,SEAT BELTS,SAFETY BELT ASSEMBLY FAILURE,20021118,20031121,368,,closed_no_recall,,,car_or_light_truck
EA02033,EA,"Chrysler (FCA US, LLC)",PLYMOUTH,PROWLER,1997-2001,SUSPENSION; SUSPENSION:FRONT:CONTROL ARM; SUSPENSION:FRONT:CONTROL ARM:LOWER ARM; SUSPENSION:FRONT:CONTROL ARM:LOWER BALL JOINT,BALL JOINT SEPARATION,20021126,20030210,76,03V034000,recall,,,car_or_light_truck
EA02037,EA,"General Motors, LLC",CHEVROLET; OLDSMOBILE; PONTIAC,ALERO; GRAND AM; MALIBU,2000-2001,EXTERIOR LIGHTING:HAZARD FLASHING WARNING LIGHTS; EXTERIOR LIGHTING:HAZARD FLASHING WARNING LIGHTS:SWITCH; EXTERIOR LIGHTING:TURN SIGNAL; EXTERIOR LIGHTING:TURN SIGNAL:SWITCH,TURN SIGNAL FAILURES,20021223,20030905,256,03V327000,recall,,,car_or_light_truck
EA03001,EA,Ford Motor Company,FORD,CROWN VICTORIA,1996-2003,"FUEL SYSTEM, GASOLINE:STORAGE:TANK ASSEMBLY",CNG TANK EXPLOSION,20030127,20031119,296,03V472000,recall,,,car_or_light_truck
EA03002,EA,"Volkswagen Group of America, Inc.",VOLKSWAGEN,BEETLE,1998-2002,EXTERIOR LIGHTING:BRAKE LIGHTS; EXTERIOR LIGHTING:BRAKE LIGHTS:SWITCH,BRAKE LIGHT SWITCH,20030408,20030820,134,03V265000,recall,,,car_or_light_truck
EA03004,EA,Ford Motor Company,FORD,WINDSTAR,1997-2000,WHEELS; WHEELS:LUGS/NUTS/BOLTS/STUDS,WHEEL STUD FRACTURE,20030410,20040830,508,,upgraded_to_EA,EA04034,07V079000,car_or_light_truck
EA03005,EA,"General Motors, LLC",CHEVROLET; OLDSMOBILE; PONTIAC,MONTANA; SILHOUETTE; TRANS SPORT; U VAN; U-VAN; VENTURE,1997-1999,SUSPENSION; SUSPENSION:REAR,REAR AXLE TRAILING ARM FAILURE,20030423,20040112,264,,closed_no_recall,,,car_or_light_truck
EA03007,EA,"General Motors, LLC",GMC; OLDSMOBILE,BRAVADA; ENVOY,2002-2002,ENGINE AND ENGINE COOLING,ENGINE STALL,20030506,20040618,409,04V289000,recall,,,car_or_light_truck
EA03008,EA,"Volvo Car USA, LLC",VOLVO,850,1993-1996,"FUEL SYSTEM, GASOLINE:STORAGE",FUEL TANK LEAKS,20030611,20040728,413,04V368000,recall,,,car_or_light_truck
EA03010,EA,Ford Motor Company,FORD; MERCURY,SABLE; TAURUS,2000-2001,AIR BAGS:FRONTAL,FRONTAL AIR BAG NON-DEPLOYMENT IN CRASH,20030702,20040623,357,,closed_no_recall,,,car_or_light_truck
EA03011,EA,"Chrysler (FCA US, LLC)",CHRYSLER; DODGE; EAGLE; PLYMOUTH,300M; BREEZE; CIRRUS; CONCORDE; INTREPID; LHS,1993-1999,POWER TRAIN:AUTOMATIC TRANSMISSION; POWER TRAIN:AUTOMATIC TRANSMISSION:LEVER AND LINKAGE:FLOOR SHIFT,AUTO TRANS IGNITION-PARK INTERLOCK,20030717,20040130,197,04V021000,recall,,,car_or_light_truck
EA03012,EA,Ford Motor Company,FORD; LINCOLN; MERCURY,CROWN VICTORIA; GRAND MARQUIS; TOWN CAR,1995-1997,"SERVICE BRAKES, HYDRAULIC; SERVICE BRAKES, HYDRAULIC:FLUID; SERVICE BRAKES, HYDRAULIC:FOUNDATION COMPONENTS:HOSES, LINES/PIPING, AND FITTINGS",REAR BRAKE LINE FAILURE,20030725,20050411,626,05V086000,recall,,,car_or_light_truck
EA03014,EA,Ford Motor Company,LINCOLN,TOWN CAR,2001-2003,AIR BAGS:SIDE/WINDOW,INADVERTENT SIDE AIR BAG DEPLOYMENT,20030822,20040812,356,,closed_no_recall,,,car_or_light_truck
EA03015,EA,"Kia America, Inc.",KIA,RIO,2001-2001,"FUEL SYSTEM, GASOLINE; FUEL SYSTEM, GASOLINE:DELIVERY; FUEL SYSTEM, GASOLINE:DELIVERY:HOSES, LINES/PIPING, AND FITTINGS; FUEL SYSTEM, GASOLINE:FUEL INJECTION SYSTEM; FUEL SYSTEM, GASOLINE:FUEL INJECTION SYSTEM:FUEL RAIL",FUEL RAIL LEAKAGE,20030828,20040430,246,03V352000; 04V179000,recall,,,car_or_light_truck
EA03017,EA,Honda (American Honda Motor Co.),HONDA,ACCORD,1998-2001,ELECTRICAL SYSTEM:IGNITION:SWITCH; POWER TRAIN:AUTOMATIC TRANSMISSION:GEAR POSITION INDICATION (PRNDL),IGNITION-PARK INTERLOCK,20030909,20031217,99,03V423000,recall,,,car_or_light_truck
EA03018,EA,Honda (American Honda Motor Co.),HONDA,CR-V,2002-2002,ELECTRICAL SYSTEM:IGNITION:SWITCH; POWER TRAIN:AUTOMATIC TRANSMISSION:LEVER AND LINKAGE:COLUMN SHIFT; STEERING:COLUMN LOCKING:ANTI-THEFT DEVICE,IGNITION-PARK INTERLOCK SYSTEM,20030909,20031113,65,03V422000,recall,,,car_or_light_truck
EA03019,EA,"General Motors, LLC",BUICK; CHEVROLET; OLDSMOBILE,CENTURY; CUTLASS SUPREME; INTRIGUE; LUMINA; MONTE CARLO; REGAL,1996-1998,STEERING; STEERING:RACK AND PINION,POWER RACK AND PINION STEERING FAILURE,20030915,20031218,94,03V527000,recall,EA04012,05V005000,car_or_light_truck
EA03020,EA,"Volkswagen Group of America, Inc.",VOLKSWAGEN,PASSAT,1998-2002,AIR BAGS; AIR BAGS:FRONTAL,PASSENGER AIR BAG LID FAILURE,20031007,20040423,199,,closed_no_recall,,,car_or_light_truck
EA03021,EA,"General Motors, LLC",CHEVROLET; PONTIAC,GRAND AM; MALIBU,1999-1999,SUSPENSION; SUSPENSION:FRONT; SUSPENSION:FRONT:SPRINGS:COIL SPRINGS,FRONT SUSPENSION COIL SPRING FRACTURE,20031104,20041019,350,,closed_no_recall,,,car_or_light_truck
EA03023,EA,"Chrysler (FCA US, LLC)",DODGE,DAKOTA; DURANGO,1997-2003,SUSPENSION; SUSPENSION:FRONT; SUSPENSION:FRONT:CONTROL ARM; SUSPENSION:FRONT:CONTROL ARM:UPPER ARM; SUSPENSION:FRONT:CONTROL ARM:UPPER BALL JOINT,UPPER BALL JOINT SEPARATION,20031119,20050211,450,04V596000,recall,,,car_or_light_truck
EA03024,EA,"Subaru of America, Inc.",SUBARU,WRX,2002-2003,"SERVICE BRAKES, HYDRAULIC:ANTILOCK/TRACTION CONTROL/ELECTRONIC LIMITED SLIP",EXTENDED STOPPING DISTANCES,20031119,20050712,601,,closed_no_recall,,,car_or_light_truck
EA03025,EA,"Volkswagen Group of America, Inc.",AUDI,A6,1999-2000,ELECTRICAL SYSTEM; ELECTRICAL SYSTEM:WIRING; ELECTRICAL SYSTEM:WIRING:FRONT UNDERHOOD; ELECTRICAL SYSTEM:WIRING:FUSES AND CIRCUIT BREAKERS; ELECTRICAL SYSTEM:WIRING:INTERIOR/UNDER DASH,DRIVERS SIDE DASH FIRE,20031125,20040507,164,04V133000; 06V198000,recall,,,car_or_light_truck
EA04002,EA,"General Motors, LLC; Isuzu Motors Limited",CHEVROLET; GMC; ISUZU; OLDSMOBILE,ASCENDER; BRAVADA; ENVOY; TRAILBLAZER,2002-2003,VISIBILITY:WINDSHIELD WIPER/WASHER; VISIBILITY:WINDSHIELD WIPER/WASHER:MOTOR,WINDSHIELD WIPER FAILURE,20040106,20040210,35,04V046000; 04V061000,recall,,,car_or_light_truck
EA04003,EA,"General Motors, LLC",CADILLAC; OLDSMOBILE,AURORA; DEVILLE; ELDORADO; SEVILLE,1995-1997,"FUEL SYSTEM, GASOLINE; FUEL SYSTEM, GASOLINE:DELIVERY; FUEL SYSTEM, GASOLINE:FUEL INJECTION SYSTEM:FUEL RAIL",FUEL RAIL LEAKS,20040203,20040423,80,04V110000,recall,EA04026,05V155000,car_or_light_truck
EA04004,EA,"Kia America, Inc.",KIA,SEPHIA; SPECTRA,1998-2001,"FUEL SYSTEM, GASOLINE; FUEL SYSTEM, GASOLINE:DELIVERY:HOSES, LINES/PIPING, AND FITTINGS; FUEL SYSTEM, GASOLINE:STORAGE; FUEL SYSTEM, GASOLINE:STORAGE:TANK ASSEMBLY; FUEL SYSTEM, GASOLINE:STORAGE:TANK ASSEMBLY:FILLER PIPE AND CAP; FUEL SYSTEM, OTHER:STORAGE:TANK ASSEMBLY; FUEL SYSTEM, OTHER:STORAGE:TANK ASSEMBLY:FILLING/CHARGING",REFUELING SPIT BACK,20040203,20040729,177,,closed_no_recall,,,car_or_light_truck
EA04005,EA,"General Motors, LLC",CADILLAC; CHEVROLET; GMC,AVALANCHE; CADILLAC TRUCK; SIERRA; SILVERADO,1999-2003,LATCHES/LOCKS/LINKAGES:TAILGATE:LATCH; STRUCTURE:BODY:TAILGATE; STRUCTURE:BODY:TAILGATE:HINGE AND ATTACHMENTS,TAILGATE CABLE BREAKAGE,20040219,20040928,222,04E067000; 04V129000,recall,,,car_or_light_truck
EA04006,EA,Ford Motor Company,FORD,EXCURSION; F SUPER DUTY; F-250 SD; F-350 SD; F-450 SD; F-550 SD,2001-2003,VEHICLE SPEED CONTROL; VEHICLE SPEED CONTROL:ACCELERATOR PEDAL; VEHICLE SPEED CONTROL:CABLES; VEHICLE SPEED CONTROL:LINKAGES,ACCELERATOR PEDAL SENSOR (ETC),20040223,20050210,353,,upgraded_to_EA,EA05005,05V388000; 06V286000; 07V078000; 07V336000; 07V347000; 07V488000; 08V025000,car_or_light_truck
EA04007,EA,"Kia America, Inc.",KIA,SEPHIA; SPECTRA; SPORTAGE,1999-2000,SEAT BELTS:FRONT:BUCKLE ASSEMBLY,SEAT BELT BUCKLE FALSE LATCH/MALFUNCTION,20040227,20040726,150,,closed_no_recall,,,car_or_light_truck
EA04008,EA,"SAAB CARS USA, INC.",SAAB,9-3,2003-2003,ELECTRICAL SYSTEM:IGNITION:MODULE; ENGINE AND ENGINE COOLING,ENGINE STALL,20040319,20041027,222,,closed_no_recall,,,car_or_light_truck
EA04010,EA,"Volkswagen Group of America, Inc.",VOLKSWAGEN,JETTA,2002-2003,SEATS:FRONT ASSEMBLY:SEAT HEATER/COOLER,DRIVER SIDE FRONT SEAT OVERHEATS,20040330,20041021,205,,closed_no_recall,,,car_or_light_truck
EA04011,EA,"General Motors, LLC",CHEVROLET; GMC,C PICKUP; C SERIES; C/K PICKUP; C/K PICKUPS; C/K SERIES; C1,1999-2003,PARKING BRAKE; PARKING BRAKE:CONVENTIONAL; PARKING BRAKE:CONVENTIONAL:MECHANICAL; PARKING BRAKE:CONVENTIONAL:MECHANICAL:LINKAGE AND CABLE,PARKING BRAKE FAILURE,20040409,20050510,396,05V161000,recall,,,car_or_light_truck
EA04012,EA,"General Motors, LLC",CHEVROLET; GMC,AVALANCHE; C PICKUP; C SERIES; C SERIES (MEDIUM); C/K CHASSIS CAB; C/K PICKUPS,2000-2004,"SERVICE BRAKES, HYDRAULIC:POWER ASSIST; STEERING:HYDRAULIC POWER ASSIST SYSTEM",HYDRAULIC PUMP FAILRES,20040430,20050228,304,05V005000,recall,,,car_or_light_truck
EA04013,EA,"Chrysler (FCA US, LLC)",CHRYSLER; DODGE; PLYMOUTH,CARAVAN; GRAND CARAVAN; GRAND VOYAGER; TOWN AND COUNTRY; VOYAGER,1998-2000,AIR BAGS:FRONTAL,DRIVER AIR BAG CLOCKSPRING FAILURE,20040604,20050525,355,04V480000,recall,,,car_or_light_truck
EA04017,EA,"Volkswagen Group of America, Inc.",AUDI; VOLKSWAGEN,A4; A6; PASSAT,1998-1999,"FUEL SYSTEM, GASOLINE:FUEL INJECTION SYSTEM",STUCK-OPEN THROTTLE,20040630,20050210,225,04V495000,recall,,,car_or_light_truck
EA04018,EA,"General Motors, LLC",CHEVROLET,MALIBU; MALIBU CLASSIC; MALIBU MAXX,2004-2004,STEERING; STEERING:ELECTRIC POWER ASSIST SYSTEM,LOSS OF ELECTRIC POWER STEERING,20040701,20050510,313,,closed_no_recall,,,car_or_light_truck
EA04020,EA,"Kia America, Inc.",KIA,RIO,2001-2001,WHEELS; WHEELS:HUBCAP/COVER,STEEL WHEEL FRACTURE,20040722,20050428,280,05V159000,recall,,,car_or_light_truck
EA04021,EA,"General Motors, LLC",BUICK; CHEVROLET; GMC; OLDSMOBILE,BRAVADA; ENVOY; ENVOY XL; RAINIER; TRAILBLAZER; TRAILBLAZER EXT,2002-2004,EXTERIOR LIGHTING:BRAKE LIGHTS,BRAKE LAMP FAILURE,20040803,20041104,93,04V527000,recall,EA04035,,car_or_light_truck
EA04023,EA,Ford Motor Company,FORD,FOCUS,2000-2000,LATCHES/LOCKS/LINKAGES:DOORS:LATCH,REAR DOOR LATCH FAILURE,20040818,20050204,170,05V030000,recall,,,car_or_light_truck
EA04024,EA,Toyota Motor Corporation,TOYOTA,TUNDRA,2002-2002,SUSPENSION; SUSPENSION:FRONT:CONTROL ARM; SUSPENSION:FRONT:CONTROL ARM:LOWER ARM; SUSPENSION:FRONT:CONTROL ARM:LOWER BALL JOINT,BALL JOINT SEPARATION,20040820,20050708,322,05V225000,recall,,,car_or_light_truck
EA04025,EA,"Chrysler (FCA US, LLC)",DODGE,RAM; RAM 2500; RAM 3500; RAM PICKUP; RAM QUAD CAB,2003-2005,POWER TRAIN:AUTOMATIC TRANSMISSION; POWER TRAIN:AUTOMATIC TRANSMISSION:GEAR POSITION INDICATION (PRNDL); POWER TRAIN:AUTOMATIC TRANSMISSION:LEVER AND LINKAGE:COLUMN SHIFT,FALSE PARK,20040826,20051222,483,05V462000,recall,,,car_or_light_truck
EA04026,EA,"General Motors, LLC",CHEVROLET; GMC,SUBURBAN; YUKON XL,2000-2001,"FUEL SYSTEM, GASOLINE:DELIVERY:FUEL PUMP",OVERHEATED FUEL PUMP WIRING,20040909,20050802,327,05V155000,recall,,,car_or_light_truck
EA04027,EA,Honda (American Honda Motor Co.),HONDA,CR-V,2003-2005,ENGINE AND ENGINE COOLING,UNDERHOOD FIRES,20040909,20050119,132,,closed_no_recall,,,car_or_light_truck
EA04028,EA,"General Motors, LLC",CHEVROLET; PONTIAC,CAVALIER; SUNFIRE,2003-2003,EXTERIOR LIGHTING:TURN SIGNAL,TURN SIGNAL MALFUNCTION,20040914,20041122,69,04V524000,recall,EA04035,,car_or_light_truck
EA04030,EA,"Kia America, Inc.",KIA,OPTIMA,2001-2001,LATCHES/LOCKS/LINKAGES:DOORS:LATCH,POWER DOOR LOCK FAILURE,20041104,20051107,368,,closed_no_recall,,,car_or_light_truck
EA04031,EA,"Chrysler (FCA US, LLC)",CHRYSLER; DODGE,GRAND CARAVAN; TOWN AND COUNTRY,2001-2003,LATCHES/LOCKS/LINKAGES; LATCHES/LOCKS/LINKAGES:TAILGATE:LATCH,POWER LIFTGATE LATCH,20041122,20050407,136,05V134000,recall,,,car_or_light_truck
EA04034,EA,Ford Motor Company,FORD,CVPI,2003-2005,WHEELS; WHEELS:RIM,FRACTURE OF THE STEEL WHEEL RIM,20041221,20070308,807,07V079000,recall,,,car_or_light_truck
EA04035,EA,"General Motors, LLC",SATURN,ION,2003-2004,EXTERIOR LIGHTING:TURN SIGNAL,FRONT TURN SIGNAL/DRL FAILURE,20041222,20051020,302,,closed_no_recall,,,car_or_light_truck
EA05003,EA,Ford Motor Company,FORD,EXCURSION; F SUPER DUTY; F-250 SD; F-350 SD; F-450 SD; F-550 SD,2003-2004,ELECTRICAL SYSTEM:WIRING:FRONT UNDERHOOD; ENGINE AND ENGINE COOLING; ENGINE AND ENGINE COOLING:ENGINE:DIESEL,ENGINE STALLING,20050215,20051102,260,05V270000,recall,EA05015,,car_or_light_truck
EA05004,EA,Ford Motor Company,FORD; LINCOLN; MERCURY,CROWN VICTORIA; EXCURSION; EXPEDITION; F SERIES; F SERIES (LIGHT); F SUPER DUTY,2001-2001,SEAT BELTS; SEAT BELTS:FRONT:BUCKLE ASSEMBLY,FRONT SEAT BELT BUCKLE ASSEMBLY,20050217,20050706,139,,closed_no_recall,,,car_or_light_truck
EA05005,EA,Ford Motor Company,FORD; LINCOLN; MERCURY,BLACKWOOD; BRONCO; E-150; E-450; ECONOLINE; EXCURSION,1994-2002,ELECTRICAL SYSTEM; ELECTRICAL SYSTEM:WIRING:FRONT UNDERHOOD; VEHICLE SPEED CONTROL:CRUISE CONTROL,ENGINE COMPARTMENT FIRES,20050322,20060802,498,05V388000; 06V286000; 07V078000; 07V336000; 07V347000; 07V488000; 08V025000,recall,,,car_or_light_truck
EA05006,EA,"Nissan North America, Inc.",NISSAN,MURANO,2003-2004,ELECTRICAL SYSTEM; ELECTRICAL SYSTEM:ALTERNATOR/GENERATOR/REGULATOR,ALTERNATOR FAILURE / ENGINE STALLING,20050325,20050817,145,05V319000,recall,,,car_or_light_truck
EA05007,EA,"General Motors, LLC",CHEVROLET; GMC,SIERRA; SILVERADO,1998-2000,LATCHES/LOCKS/LINKAGES:TAILGATE:LATCH; STRUCTURE:BODY:TAILGATE; STRUCTURE:BODY:TAILGATE:HINGE AND ATTACHMENTS,TAILGATE SUPPORT CABLES,20050414,20060411,362,06V066000,recall,,,car_or_light_truck
EA05008,EA,"General Motors, LLC",CHEVROLET; GMC,S10; SONOMA,1998-9999,LATCHES/LOCKS/LINKAGES:TAILGATE:LATCH,TAILGATE SUPPORT CABLES,20050414,20060519,400,,closed_no_recall,,,car_or_light_truck
EA05009,EA,"Chrysler (FCA US, LLC)",CHRYSLER; DODGE,CARAVAN; GRAND CARAVAN; TOWN AND COUNTRY; VOYAGER,2001-2002,ELECTRICAL SYSTEM; EXTERIOR LIGHTING:HEADLIGHTS; EXTERIOR LIGHTING:HEADLIGHTS:SWITCH,HEADLIGHT MALFUNCTION,20050601,20060502,335,,upgraded_to_EA,EA06011,,car_or_light_truck
EA05010,EA,Toyota Motor Corporation,TOYOTA,SIENNA,2004-2005,SEAT BELTS; SEAT BELTS:REAR/OTHER,SEATBELT MALFUNCTION,20050613,20050802,50,05V327000,recall,,,car_or_light_truck
EA05012,EA,"Nissan North America, Inc.",NISSAN,QUEST,2004-2004,SEATS:MID/REAR ASSEMBLY,FINGER PINCH POINT,20050819,20051020,62,05V474000,recall,,,car_or_light_truck
EA05013,EA,Toyota Motor Corporation,SCION,TC,2005-2005,VISIBILITY:SUN/MOON ROOF ASSEMBLY,SUN/MOON ROOF WIND DEFLECTOR BREAKAGE,20050826,20051026,61,05V483000,recall,,,car_or_light_truck
EA05014,EA,Ford Motor Company,FORD,MUSTANG,2003-2004,VEHICLE SPEED CONTROL; VEHICLE SPEED CONTROL:ACCELERATOR PEDAL,ACCELERATOR PEDAL INTERFERENCE,20050913,20060410,209,06V108000,recall,,,car_or_light_truck
EA05015,EA,Ford Motor Company,FORD,EXPEDITION,1999-2001,ELECTRICAL SYSTEM; EXTERIOR LIGHTING; VISIBILITY:WINDSHIELD WIPER/WASHER,WINDSHIELD LEAK CAUSES ELECTRIC FAILURES,20051013,20061206,419,,closed_no_recall,,,car_or_light_truck
EA05016,EA,Land Rover,LAND ROVER,DISCOVERY; DISCOVERY II; FREELANDER,2002-2005,EXTERIOR LIGHTING:BRAKE LIGHTS; EXTERIOR LIGHTING:BRAKE LIGHTS:SWITCH,BRAKE LIGHT SWITCH FAILURE,20051014,20070222,496,07V041000,recall,,,car_or_light_truck
EA05017,EA,"General Motors, LLC",HUMMER,H2,2003-2006,SUSPENSION:FRONT:CONTROL ARM:LOWER BALL JOINT,HUMMER H2 STEERING KNUCKLE FAILURES,20051028,20070430,549,,closed_no_recall,,,car_or_light_truck
EA05018,EA,"Chrysler (FCA US, LLC)",DODGE,DURANGO; RAM; RAM 1500; RAM 2500; RAM 3500,2004-2005,POWER TRAIN:AUTOMATIC TRANSMISSION:CONTROL MODULE (TCM/PCM/TECM),ENGINE STALL,20051102,20070829,665,,closed_no_recall,,,car_or_light_truck
EA05019,EA,"Chrysler (FCA US, LLC)",CHRYSLER; DODGE; PLYMOUTH,BREEZE; CIRRUS; STRATUS,1999-2000,"ENGINE AND ENGINE COOLING; STEERING:HYDRAULIC POWER ASSIST:HOSE, PIPING, AND CONNECTIONS",POWER STEERING FLUID FIRES,20051107,20060112,66,,upgraded_to_EA,EA06004,,car_or_light_truck
EA05020,EA,"Chrysler (FCA US, LLC)",JEEP,GRAND CHEROKEE,2000-2002,ENGINE AND ENGINE COOLING:COOLING SYSTEM:FAN,FAN BLADE FAILURE  (ENGINE COOLING FAN),20051114,20060912,302,06V199000,recall,,,car_or_light_truck
EA05021,EA,"Volvo Car USA, LLC",VOLVO,780; 850; C70; C70 CONVERTIBLE; S60; S70,1999-2002,VEHICLE SPEED CONTROL,THROTTLE CONTROL MALFUNCTION,20051206,20061212,371,06V441000,recall,,,car_or_light_truck
EA05022,EA,"Chrysler (FCA US, LLC)",JEEP,LIBERTY,2002-2002,SEAT BELTS:FRONT:BUCKLE ASSEMBLY,FRONT SEAT BELT BUCKLE MALFUNCTION,20051227,20061221,359,,closed_no_recall,,,car_or_light_truck
EA06001,EA,"General Motors, LLC",CADILLAC,SRX,2004-2006,VISIBILITY:SUN/MOON ROOF ASSEMBLY,SUNROOF GLASS FAILURE,20060120,20061201,315,,closed_no_recall,,,car_or_light_truck
EA06002,EA,Ford Motor Company,FORD; MERCURY,SABLE; TAURUS,2000-2001,SUSPENSION:REAR; SUSPENSION:REAR:SPRINGS; SUSPENSION:REAR:SPRINGS:COIL SPRINGS,REAR COIL SPRING FRACTURE,20060124,20070205,377,,closed_no_recall,,,car_or_light_truck
EA06003,EA,"Chrysler (FCA US, LLC)",CHRYSLER; DODGE,CARAVAN; GRAND CARAVAN; TOWN AND COUNTRY; TOWN AND COUNTRY LWB,2005-2006,AIR BAGS:FRONTAL; AIR BAGS:FRONTAL:SENSOR/CONTROL MODULE-INACTIVE,FRONT AIR BAG CRASH SENSOR FAILURE,20060308,20070522,440,07V192000,recall,,,car_or_light_truck
EA06005,EA,"Porsche Cars North America, Inc.",PORSCHE,CAYENNE; CAYENNE S; CAYENNE TURBO,2003-2006,AIR BAGS; AIR BAGS:FRONTAL:SENSOR/CONTROL MODULE-INACTIVE; AIR BAGS:SIDE/WINDOW,SRS WARNING LIGHT ILLUMINATION,20060315,20070312,362,,closed_no_recall,,,car_or_light_truck
EA06006,EA,"Volvo Car USA, LLC",VOLVO,XC90,2005-2005,ELECTRICAL SYSTEM:12V/24V/48V BATTERY; ELECTRICAL SYSTEM:12V/24V/48V BATTERY:CABLES; EQUIPMENT:MECHANICAL:ACCESSORY SCISSOR/SCREW/BOTTLE JACK/LIFT,VOLVO XC90 BATTERY CABLE FAILURES,20060321,20070614,450,07V221000,recall,,,car_or_light_truck
EA06007,EA,"Kia America, Inc.",KIA,SPORTAGE,1996-2002,"FUEL SYSTEM, GASOLINE; FUEL SYSTEM, GASOLINE:STORAGE; FUEL SYSTEM, GASOLINE:STORAGE:TANK ASSEMBLY",FUEL TANK LEAKAGE,20060509,20071130,570,,closed_no_recall,,,car_or_light_truck
EA06008,EA,"Chrysler (FCA US, LLC)",JEEP,LIBERTY,2002-2006,SUSPENSION:FRONT:CONTROL ARM:LOWER BALL JOINT,FRONT SUSPENSION BALL JOINT SEPARATION,20060531,20060824,85,06V288000,recall,,,car_or_light_truck
EA06009,EA,"General Motors, LLC",SATURN,LS,2001-2001,ENGINE AND ENGINE COOLING,TIMING CHAIN FAILURE - STALL,20060606,20071109,521,07V519000,recall,EA08005,,car_or_light_truck
EA06010,EA,"Chrysler (FCA US, LLC)",CHRYSLER,PACIFICA,2004-2006,"FUEL SYSTEM, GASOLINE:STORAGE; FUEL SYSTEM, GASOLINE:STORAGE:TANK ASSEMBLY; FUEL SYSTEM, OTHER:STORAGE; FUEL SYSTEM, OTHER:STORAGE:TANK ASSEMBLY",FUEL TANK PUNCTURES,20060615,20071011,483,,closed_no_recall,,,car_or_light_truck
EA06011,EA,"Chrysler (FCA US, LLC)",DODGE,DURANGO,2001-2003,ELECTRICAL SYSTEM; ELECTRICAL SYSTEM:WIRING,VEHICLE UNDER-SEAT FIRE,20060619,20060922,95,,upgraded_to_EA,EA06015,07V092000,car_or_light_truck
EA06012,EA,Ford Motor Company,FORD,F SUPER DUTY; F SUPER DUTY CHASSIS; F-250 SD; F-350 SD; F-450 SD; F-550 SD,1997-2003,ENGINE AND ENGINE COOLING; ENGINE AND ENGINE COOLING:ENGINE:DIESEL,ENGINE STALLING,20060622,20071207,533,07V553000,recall,,,car_or_light_truck
EA06013,EA,"Chrysler (FCA US, LLC)",CHRYSLER,PACIFICA,2005-2006,"ENGINE AND ENGINE COOLING; FUEL SYSTEM, GASOLINE; FUEL SYSTEM, GASOLINE:DELIVERY; FUEL SYSTEM, GASOLINE:DELIVERY:FUEL PUMP; POWER TRAIN; POWER TRAIN:AUTOMATIC TRANSMISSION:CONTROL MODULE (TCM/PCM/TECM); VEHICLE SPEED CONTROL",ENGINE STALLING,20060622,20061129,160,06V432000,recall,EA07007,08V203000,car_or_light_truck
EA06014,EA,Toyota Motor Corporation,TOYOTA,SEQUOIA; TUNDRA,2004-2007,SUSPENSION:FRONT:CONTROL ARM:LOWER BALL JOINT,LOWER BALL JOINT FAILURE,20060802,20070228,210,07V013000,recall,,,car_or_light_truck
EA06015,EA,"Chrysler (FCA US, LLC)",DODGE,DURANGO,2004-2005,ELECTRICAL SYSTEM: INSTRUMENT CLUSTER/PANEL,INSTRUMENT PANEL FIRES,20060828,20070315,199,07V092000,recall,EA07007,08V203000,car_or_light_truck
EA06016,EA,"General Motors, LLC",CHEVROLET; GMC,C3; G25; G35; INCOMPLETE/CUTAWAY C3; SIERRA 2500; SIERRA 2500 HD,2001-2001,ENGINE AND ENGINE COOLING; ENGINE AND ENGINE COOLING:ENGINE,CRANK POSITION SENSOR FAILURE - STALL,20060914,20071109,421,07V521000,recall,EA08005,,car_or_light_truck
EA06018,EA,"General Motors, LLC",CHEVROLET,TRACKER,1999-2004,SUSPENSION:FRONT,FRONT SUSPENSION CROSSMEMBER CORROSION,20061030,20071203,399,,closed_no_recall,,,car_or_light_truck
EA06019,EA,"Chrysler (FCA US, LLC)",DODGE,NEON,2002-2003,EXTERIOR LIGHTING:FOG LIGHTS; EXTERIOR LIGHTING:FOG LIGHTS:SWITCH; EXTERIOR LIGHTING:HEADLIGHTS; EXTERIOR LIGHTING:HEADLIGHTS:SWITCH,HEADLIGHT FAILURE,20061122,20071107,350,,closed_no_recall,,,car_or_light_truck
EA06020,EA,Toyota Motor Corporation,TOYOTA,SIENNA,2004-2006,LATCHES/LOCKS/LINKAGES:HATCHBACK/LIFTGATE:LOCK; STRUCTURE:BODY:HATCHBACK/LIFTGATE; STRUCTURE:BODY:HATCHBACK/LIFTGATE:HINGE AND ATTACHMENTS; STRUCTURE:BODY:HATCHBACK/LIFTGATE:SUPPORT DEVICE/STRUT,UNEXPECTED CLOSING OF POWER LIFTGATE,20061201,20080625,572,08V244000,recall,,,car_or_light_truck
EA07001,EA,"Kia America, Inc.",KIA,SPORTAGE,2002-2002,ENGINE AND ENGINE COOLING:COOLING SYSTEM:FAN,FAN BLADE CRACKING/SEPARATION,20070122,20070416,84,07V161000,recall,,,car_or_light_truck
EA07003,EA,"Chrysler (FCA US, LLC)",DODGE,DURANGO; DURANGO 4X4,2006-2007,AIR BAGS:SIDE/WINDOW,SIDE CURTAIN AIR BAG FAILURE,20070214,20080208,359,,closed_no_recall,,,car_or_light_truck
EA07004,EA,"Chrysler (FCA US, LLC)",CHRYSLER,PT CRUISER,2005-2006,"VISIBILITY:GLASS, SIDE/REAR",REAR QUARTER PANEL GLASS SEPARATION,20070216,20070405,48,07V149000,recall,,,car_or_light_truck
EA07005,EA,"Nissan North America, Inc.",NISSAN,350Z,2005-2007,WHEELS; WHEELS:RIM,WHEEL SEPARATION DUE TO SPOKE FRACTURE,20070403,20080804,489,,closed_no_recall,,,car_or_light_truck
EA07006,EA,"General Motors, LLC",BUICK; PONTIAC,AZTEK; RENDEZVOUS,2001-2004,"FUEL SYSTEM, GASOLINE; FUEL SYSTEM, GASOLINE:DELIVERY:HOSES, LINES/PIPING, AND FITTINGS; FUEL SYSTEM, GASOLINE:STORAGE; FUEL SYSTEM, GASOLINE:STORAGE:TANK ASSEMBLY; FUEL SYSTEM, GASOLINE:STORAGE:TANK ASSEMBLY:FILLER PIPE AND CAP",FUEL TANK LEAKAGE,20070418,20070913,148,07V349000,recall,EA07015,,car_or_light_truck
EA07007,EA,"Chrysler (FCA US, LLC)",JEEP,COMMANDER; COMMANDER 4X2; COMMANDER 4X4,2006-2007,ELECTRICAL SYSTEM; ENGINE AND ENGINE COOLING; POWER TRAIN:AUTOMATIC TRANSMISSION:CONTROL MODULE (TCM/PCM/TECM),ENGINE STALLING,20070427,20080507,376,08V203000,recall,,,car_or_light_truck
EA07008,EA,"General Motors, LLC",BUICK; OLDSMOBILE; PONTIAC,88; BONNEVILLE; GRAND PRIX; PARK AVENUE; REGAL; RIVIERA,1999-2002,ENGINE AND ENGINE COOLING,ENGINE COMPARTMENT FIRE,20070612,20080501,324,08V118000; 09V116000,recall,EA08010,08V441000,car_or_light_truck
EA07009,EA,"General Motors, LLC; Isuzu Motors Limited",BUICK; CHEVROLET; GMC; ISUZU; OLDSMOBILE,ASCENDER; BRAVADA; ENVOY; ENVOY 360; ENVOY XL; ENVOY XL 370,2002-2004,"FUEL SYSTEM, GASOLINE:DELIVERY:FUEL PUMP",FUEL PUMP MODULE LEAKS GASOLINE,20070710,20080828,415,,closed_no_recall,,,car_or_light_truck
EA07010,EA,Toyota Motor Corporation,LEXUS; TOYOTA,CAMRY; ES; ES350,2007-2008,VEHICLE SPEED CONTROL; VEHICLE SPEED CONTROL:ACCELERATOR PEDAL,"UNWANTED ACCELERATION, FLOOR MAT",20070808,20071011,64,07E082000,recall,,,car_or_light_truck
EA07011,EA,"BMW of North America, LLC",MINI,COOPER; COOPER S,2002-2003,"STEERING:ELECTRIC POWER ASSIST SYSTEM; STEERING:HYDRAULIC POWER ASSIST SYSTEM; STEERING:HYDRAULIC POWER ASSIST:HOSE, PIPING, AND CONNECTIONS; STEERING:HYDRAULIC POWER ASSIST:PUMP",ENGINE COMPARTMENT FIRE,20070814,20080813,365,,closed_no_recall,,,car_or_light_truck
EA07012,EA,Land Rover,LAND ROVER,NEW RANGE ROVER; RANGE ROVER,2003-2005,POWER TRAIN:AXLE ASSEMBLY; POWER TRAIN:AXLE ASSEMBLY:AXLE SHAFT; POWER TRAIN:DRIVELINE; POWER TRAIN:DRIVELINE:DIFFERENTIAL UNIT; POWER TRAIN:DRIVELINE:DRIVESHAFT,FRONT DIFF. / PROPELLER SHAFT FAILURE,20070814,20081210,484,08V635000,recall,,,car_or_light_truck
EA07013,EA,"General Motors, LLC",CHEVROLET; GMC,AVALANCHE 2500; SIERRA 2500; SIERRA 2500 HD; SILVERADO 2500; SUBURBAN 2500; YUKON XL 2500,2002-2002,TRAILER HITCHES,TRAILER HITCH RECEIVER FAILURE,20070914,20080912,364,,closed_no_recall,,,car_or_light_truck
EA07014,EA,"Volkswagen Group of America, Inc.",VOLKSWAGEN,PASSAT,1999-2005,ELECTRICAL SYSTEM:IGNITION; ENGINE AND ENGINE COOLING:EXHAUST SYSTEM,PASSENGER ENGINE COMPARTMENT FIRES,20070928,20080707,283,08V156000,recall,,,car_or_light_truck
EA07015,EA,"General Motors, LLC",CHEVROLET,CAVALIER,2003-2003,"FUEL SYSTEM, GASOLINE; FUEL SYSTEM, GASOLINE:DELIVERY; FUEL SYSTEM, GASOLINE:DELIVERY:FUEL PUMP",ENGINE STALLING - FUEL PUMP FAILURE,20071101,20081028,362,,closed_no_recall,,,car_or_light_truck
EA07017,EA,"General Motors, LLC",CADILLAC,CTS,2004-2006,POWER TRAIN:DRIVELINE:DIFFERENTIAL UNIT,REAR DRIVETRAIN COMPONENT FAILURE,20071207,20080716,222,,closed_no_recall,,,car_or_light_truck
EA07018,EA,Land Rover,LAND ROVER,FREELANDER,2003-2003,"FUEL SYSTEM, GASOLINE:DELIVERY:FUEL PUMP",FUEL PUMP FAILURE - STALL,20071207,20081222,381,,closed_no_recall,,,car_or_light_truck
EA07019,EA,"General Motors, LLC",BUICK; CHEVROLET; PONTIAC; SATURN,MONTANA; RELAY; TERRAZA; UPLANDER; VENTURE,2005-2007,LATCHES/LOCKS/LINKAGES:DOORS:LATCH; STRUCTURE:BODY:DOOR; STRUCTURE:BODY:DOOR:HINGE AND ATTACHMENTS,POWER SLIDING DOOR,20071211,20090223,440,,closed_no_recall,,,car_or_light_truck
EA08001,EA,"BMW of North America, LLC",BMW,3 SERIES; 325CI; 325I; 330CI; 5 SERIES; 525I,2004-2006,AIR BAGS; AIR BAGS:FRONTAL; AIR BAGS:FRONTAL:SENSOR/CONTROL MODULE-INACTIVE,BMW AIRBAG LIGHT ILLUMINATION,20080104,20081231,362,08V384000,recall,,,car_or_light_truck
EA08002,EA,"Volkswagen Group of America, Inc.; Winnebago Industries, Inc.",ITASCA; RIALTA; VOLKSWAGEN; WINNEBAGO,EUROVAN; RIALTA; SUNSTAR; VISTA,2001-2004,ENGINE AND ENGINE COOLING:COOLING SYSTEM:FAN,ENGINE COOLING FAN BLADE FRACTURE,20080104,20080314,70,,closed_no_recall,,,car_or_light_truck
EA08004,EA,"General Motors, LLC; Toyota Motor Corporation",PONTIAC; TOYOTA,COROLLA; MATRIX; VIBE,2003-2004,"VISIBILITY; VISIBILITY:GLASS, SIDE/REAR; VISIBILITY:POWER WINDOW DEVICES AND CONTROLS",SIDE FRONT POWER WINDOW SHATTERS,20080205,20080501,86,08V162000,recall,EA08010,08V441000,car_or_light_truck
EA08005,EA,"General Motors, LLC",CHEVROLET,AVEO,2004-2005,ENGINE AND ENGINE COOLING:EXHAUST SYSTEM:EMISSION CONTROL:CRANKCASE (PCV); VEHICLE SPEED CONTROL,STUCK THROTTLE VALVE,20080214,20081014,243,,closed_no_recall,,,car_or_light_truck
EA08006,EA,"Chrysler (FCA US, LLC)",CHRYSLER,PACIFICA; PACIFICA AWD,2007-2007,ELECTRICAL SYSTEM; ELECTRICAL SYSTEM:WIRING:FRONT UNDERHOOD; ELECTRICAL SYSTEM:WIRING:INTERIOR/UNDER DASH; ENGINE AND ENGINE COOLING; STEERING:HYDRAULIC POWER ASSIST:POWER STEERING FLUID,ENGINE COMPARTMENT FIRE,20080221,20090415,419,,closed_no_recall,,,car_or_light_truck
EA08007,EA,Ford Motor Company,FORD,F-250; F-250 SD; F-350; F-350 SD,2005-2007,SUSPENSION; SUSPENSION:FRONT,VIOLENT FRONT END OSCILLATION,20080314,20090331,382,,closed_no_recall,,,car_or_light_truck
EA08008,EA,"Chrysler (FCA US, LLC)",JEEP,LIBERTY,2002-2003,SUSPENSION; SUSPENSION:FRONT:CONTROL ARM:UPPER BALL JOINT,UPPER BALL JOINT SEPARATION,20080415,20090416,366,09V119000,recall,,,car_or_light_truck
EA08009,EA,"Mercedes-Benz USA, LLC",MERCEDES BENZ,CL55 AMG; M CLASS; ML430; ML500; ML55,1999-2002,"FUEL SYSTEM, GASOLINE:DELIVERY:HOSES, LINES/PIPING, AND FITTINGS; SERVICE BRAKES, HYDRAULIC:FOUNDATION COMPONENTS:HOSES, LINES/PIPING, AND FITTINGS",BRAKE LINE CHAFE,20080428,20091216,597,,closed_no_recall,,,car_or_light_truck
EA08010,EA,"General Motors, LLC",BUICK; CADILLAC; CHEVROLET; GMC; HUMMER; SATURN,ACADIA; AVALANCHE; AVALANCHE 1500; AVALANCHE 2500; DTS; ENCLAVE,2006-2008,ELECTRICAL SYSTEM; ELECTRICAL SYSTEM:12V/24V/48V BATTERY; ELECTRICAL SYSTEM:WIRING; ELECTRICAL SYSTEM:WIRING:FRONT UNDERHOOD; ELECTRICAL SYSTEM:WIRING:FUSES AND CIRCUIT BREAKERS; ENGINE AND ENGINE COOLING; ENGINE AND ENGINE COOLING:ENGINE; VISIBILITY:WINDSHIELD WIPER/WASHER; VISIBILITY:WINDSHIELD WIPER/WASHER:SWITCH/WIRING,NON-CRASH ENGINE COMPARTMENT FIRES,20080612,20080908,88,08V441000,recall,,,car_or_light_truck
EA08011,EA,"MITSUBISHI CARIBBEAN; Mitsubishi Motors North America, Inc.",MITSUBISHI; MITSUBISHI CARIBBEAN,GALANT,2001-2003,ELECTRICAL SYSTEM; ELECTRICAL SYSTEM:WIRING:FUSES AND CIRCUIT BREAKERS; ELECTRICAL SYSTEM:WIRING:INTERIOR/UNDER DASH; VISIBILITY; VISIBILITY:POWER WINDOW DEVICES AND CONTROLS,PASSENGER DOOR FIRE,20080701,20090821,416,,closed_no_recall,,,car_or_light_truck
EA08012,EA,Hyundai Motor America,HYUNDAI,ELANTRA,2001-2002,AIR BAGS; AIR BAGS:FRONTAL; AIR BAGS:FRONTAL:SENSOR/CONTROL MODULE-INACTIVE,AIR BAG LIGHT ILLUMINATION,20080710,20081114,127,08V532000; 08V533000,recall,,,car_or_light_truck
EA08014,EA,Toyota Motor Corporation,TOYOTA,SIENNA,2004-2004,VEHICLE SPEED CONTROL; VEHICLE SPEED CONTROL:ACCELERATOR PEDAL,ACCELERATOR PEDAL INTERFERENCE,20080808,20090126,171,09V023000,recall,,,car_or_light_truck
EA08015,EA,Honda (American Honda Motor Co.),HONDA,ODYSSEY,2005-2005,STRUCTURE:BODY:HATCHBACK/LIFTGATE; STRUCTURE:BODY:HATCHBACK/LIFTGATE:SUPPORT DEVICE/STRUT,Unexpected Closing of Power Liftgate,20080808,20100412,612,10V055000,recall,,,car_or_light_truck
EA08016,EA,HYUNDAI CARIBBEAN-PUERTO RICO; Hyundai Motor America,HYUNDAI; HYUNDAI CARIBBEAN,SONATA; SONATA GLS,1999-2004,STRUCTURE; STRUCTURE:FRAME AND MEMBERS; SUSPENSION; SUSPENSION:FRONT; SUSPENSION:FRONT:CONTROL ARM,FRONT SUB-FRAME CORROSION,20080821,20090420,242,09V124000,recall,,,car_or_light_truck
EA08017,EA,"Kia America, Inc.",KIA,SEDONA; SEDONA EX,2002-2004,STEERING,STEERING INTERMEDIATE SHAFT BINDING,20080828,20090701,307,,closed_no_recall,,,car_or_light_truck
EA08018,EA,Ford Motor Company,FORD; MERCURY,SABLE; TAURUS,2002-2003,SUSPENSION:FRONT:SPRINGS:COIL SPRINGS,Front Suspension Coil Spring Fracture,20080828,20110630,1036,,closed_no_recall,,,car_or_light_truck
EA08020,EA,"BMW of North America, LLC",MINI,COOPER S,2007-2008,ENGINE AND ENGINE COOLING:EXHAUST SYSTEM,EXHAUST PIPE BURNS,20080829,20090102,126,08V657000,recall,,,car_or_light_truck
EA08021,EA,Ford Motor Company,FORD,WINDSTAR,1995-2003,"ELECTRICAL SYSTEM; ELECTRICAL SYSTEM:WIRING; SERVICE BRAKES, HYDRAULIC; SERVICE BRAKES, HYDRAULIC:ANTILOCK/TRACTION CONTROL/ELECTRONIC LIMITED SLIP; SERVICE BRAKES, HYDRAULIC:ANTILOCK/TRACTION CONTROL/ELECTRONIC LIMITED SLIP:CONTROL UNIT/MODULE; VEHICLE SPEED CONTROL; VEHICLE SPEED CONTROL:CRUISE CONTROL",ENGINE COMPARTMENT FIRES,20080917,20091014,392,09V399000,recall,EA10002,12V005000; 12V016000,car_or_light_truck
EA08023,EA,Hyundai Motor America,HYUNDAI,SANTA FE,2001-2003,SUSPENSION; SUSPENSION:REAR,REAR TRAILING ARM CORROSION FAILURE,20081028,20090417,171,09V123000,recall,,,car_or_light_truck
EA08024,EA,Toyota Motor Corporation,TOYOTA,SIENNA,2004-2006,STEERING; STEERING:COLUMN; STEERING:LINKAGES,STEERING INTERMEDIATE SHAFT BINDING,20081028,20090716,261,,closed_no_recall,,,car_or_light_truck
EA08026,EA,"General Motors, LLC; SAAB CARS USA, INC.",SAAB,9-3,2003-2006,SUSPENSION:FRONT:SPRINGS:COIL SPRINGS,Front Suspension Coil Spring Fracture,20081222,20100604,529,,closed_no_recall,,,car_or_light_truck
EA09001,EA,Honda (American Honda Motor Co.),HONDA,ACCORD; CIVIC; ELEMENT,2003-2004,ELECTRICAL SYSTEM:IGNITION:ANTI-THEFT:CONTROL MODULE; ELECTRICAL SYSTEM:IGNITION:SWITCH,Ignition Shift Interlock,20090105,20101014,647,10V364000,recall,EA11004,11V456000; 12V486000,car_or_light_truck
EA09002,EA,"General Motors, LLC",CHEVROLET,CORVETTE; CORVETTE Z06,2005-2006,ELECTRONIC STABILITY CONTROL,Electronic Stability Control,20090114,20100511,482,10V172000,recall,,,car_or_light_truck
EA09004,EA,"General Motors, LLC",CHEVROLET,MALIBU; MALIBU MAXX,2004-2005,EXTERIOR LIGHTING:BRAKE LIGHTS; EXTERIOR LIGHTING:HEADLIGHTS; EXTERIOR LIGHTING:TAIL LIGHTS; EXTERIOR LIGHTING:TURN SIGNAL,Turn Signal Lamps,20090320,20100812,510,,closed_no_recall,,,car_or_light_truck
EA09005,EA,"Nissan North America, Inc.",INFINITI,M45; Q45,2003-2005,AIR BAGS:SIDE/WINDOW,Non-deployment of Side Thorax Air Bags,20090401,20120403,1098,12V079000,recall,,,car_or_light_truck
EA09006,EA,Toyota Motor Corporation,TOYOTA,SEQUOIA,2003-2003,ELECTRONIC STABILITY CONTROL; TRACTION CONTROL SYSTEM,ELECTRONIC STABILITY CONTROL,20090408,20100512,399,10V176000,recall,,,car_or_light_truck
EA09007,EA,"Subaru of America, Inc.",SUBARU,BAJA,2004-2006,"FUEL SYSTEM, GASOLINE; FUEL SYSTEM, GASOLINE:DELIVERY:FUEL PUMP; FUEL SYSTEM, GASOLINE:DELIVERY:HOSES, LINES/PIPING, AND FITTINGS",FUEL PUMP LEAKS,20090521,20090720,60,09V277000,recall,EA09011,09V468000,car_or_light_truck
EA09011,EA,"Subaru of America, Inc.",SUBARU,IMPREZA; WRX,2002-2003,"FUEL SYSTEM, GASOLINE:DELIVERY:HOSES, LINES/PIPING, AND FITTINGS",FUEL LINE LEAK,20090702,20091214,165,09V468000,recall,,,car_or_light_truck
EA09013,EA,Ford Motor Company,FORD; LINCOLN; MERCURY,AVIATOR; EXPLORER; MOUNTAINEER,2002-2005,POWER TRAIN:AUTOMATIC TRANSMISSION:GEAR POSITION INDICATION (PRNDL); POWER TRAIN:AUTOMATIC TRANSMISSION:LEVER AND LINKAGE:COLUMN SHIFT; STEERING; STEERING:COLUMN; STEERING:COLUMN LOCKING:ANTI-THEFT DEVICE,Vehicle Rollaway Allegations,20090818,20130212,1274,,upgraded_to_EA,EA13004,13V385000,car_or_light_truck
EA09014,EA,Honda (American Honda Motor Co.),HONDA,ELEMENT; ODYSSEY,2007-2008,"SERVICE BRAKES, HYDRAULIC:ANTILOCK/TRACTION CONTROL/ELECTRONIC LIMITED SLIP:CONTROL UNIT/MODULE",Air in brake system,20091019,20100511,204,10V098000,recall,,,car_or_light_truck
EA09016,EA,Ford Motor Company,FORD; MERCURY,FREESTAR; MONTEREY,2004-2005,POWER TRAIN:AUTOMATIC TRANSMISSION; POWER TRAIN:AUTOMATIC TRANSMISSION:TORQUE CONVERTER,Transmission Torque Converter Failure,20091110,20120202,814,12V006000,recall,,,car_or_light_truck
EA09017,EA,"Kia America, Inc.",KIA,SORENTO,2007-2008,AIR BAGS; AIR BAGS:FRONTAL; AIR BAGS:FRONTAL:SENSOR/CONTROL MODULE-INACTIVE,Air Bag Occupant Classification System,20091119,20110926,676,11V473000,recall,,,car_or_light_truck
EA09018,EA,Honda (American Honda Motor Co.); Isuzu Motors Limited,HONDA; ISUZU,PASSPORT; RODEO,1998-2002,SUSPENSION; SUSPENSION:REAR,Rear Suspension Lower Link Detachment,20091207,20101015,312,10V436000,recall,,,car_or_light_truck
EA09019,EA,"BMW of North America, LLC",BMW,3 SERIES; 3-SERIES; 318I; 325; 325I; 325XI,2002-2005,EXTERIOR LIGHTING; EXTERIOR LIGHTING:BRAKE LIGHTS; EXTERIOR LIGHTING:TAIL LIGHTS; EXTERIOR LIGHTING:TURN SIGNAL,Rear Lamp Illumination,20091218,20110928,649,11V438000,recall,,,car_or_light_truck
EA10001,EA,Ford Motor Company,FORD,F-150,2004-2006,AIR BAGS; AIR BAGS:FRONTAL; AIR BAGS:FRONTAL:DRIVER SIDE:INFLATOR MODULE; AIR BAGS:FRONTAL:SENSOR/CONTROL MODULE-INACTIVE,Inadvertent airbag deployment,20100113,20110425,467,11V107000,recall,,,car_or_light_truck
EA10002,EA,Ford Motor Company; Mazda Motor Corp.,FORD; MAZDA,ESCAPE; TRIBUTE,2001-2004,"SERVICE BRAKES, HYDRAULIC:ANTILOCK/TRACTION CONTROL/ELECTRONIC LIMITED SLIP:CONTROL UNIT/MODULE",Engine Compartment Fire,20100114,20120229,776,12V005000; 12V016000,recall,,,car_or_light_truck
EA10003,EA,Ford Motor Company,FORD,E-250; E-350,1997-2008,ELECTRICAL SYSTEM:WIRING:INTERIOR/UNDER DASH,HVAC Switch Failures,20100413,20120305,692,,closed_no_recall,,,car_or_light_truck
EA10004,EA,"General Motors, LLC",CHEVROLET; GMC,TAHOE; YUKON; YUKON DENALI; YUKON DENALI XL; YUKON XL; YUKON XL 1500,2007-2007,LATCHES/LOCKS/LINKAGES; LATCHES/LOCKS/LINKAGES:DOORS:LATCH; STRUCTURE; STRUCTURE:BODY; STRUCTURE:BODY:DOOR; STRUCTURE:BODY:DOOR:HINGE AND ATTACHMENTS,Interior Door Handle Laceration Risk,20100523,20110718,421,,closed_no_recall,,,car_or_light_truck
EA10006,EA,"General Motors, LLC; Toyota Motor Corporation",PONTIAC; TOYOTA,COROLLA; COROLLA MATRIX; VIBE,2005-2008,ENGINE AND ENGINE COOLING,Engine Stall,20100818,20100916,29,10V384000; 10V387000,recall,EA10006,10V384000; 10V387000,car_or_light_truck
EA10007,EA,Ford Motor Company,FORD,WINDSTAR,1999-2003,STRUCTURE:FRAME AND MEMBERS; SUSPENSION,Front Subframe Corrosion Failures,20101220,20110317,87,11V030000,recall,,,car_or_light_truck
EA11001,EA,"General Motors, LLC",CADILLAC; CHEVROLET,AVALANCHE 1500; AVALANCHE 2500; ESCALADE; SIERRA; SILVERADO; SILVERADO 1500,1999-2003,"SERVICE BRAKES, HYDRAULIC; SERVICE BRAKES, HYDRAULIC:FOUNDATION COMPONENTS:HOSES, LINES/PIPING, AND FITTINGS",Brake line corrosion failure,20110105,20150408,1554,,closed_no_recall,,,car_or_light_truck
EA11002,EA,"Volkswagen Group of America, Inc.",VOLKSWAGEN,PASSAT,2001-2007,ELECTRICAL SYSTEM; ENGINE AND ENGINE COOLING,Engine Compartment Fire,20110126,20120217,387,,closed_no_recall,,,car_or_light_truck
EA11003,EA,"Volkswagen Group of America, Inc.",AUDI; VOLKSWAGEN,A3; GOLF; JETTA; Q7; TOUAREG,2009-2012,"FUEL SYSTEM, DIESEL; FUEL SYSTEM, OTHER:DELIVERY:FUEL PUMP",High-Pressure Fuel Pump Failure,20110207,20150327,1509,,closed_no_recall,,,car_or_light_truck
EA11004,EA,Honda (American Honda Motor Co.),HONDA,CR-V,2002-2006,"ELECTRICAL SYSTEM; VISIBILITY:GLASS, SIDE/REAR; VISIBILITY:POWER WINDOW DEVICES AND CONTROLS",Driver's Power Window Master Switch,20110411,20121024,562,11V456000; 12V486000,recall,,,car_or_light_truck
EA11005,EA,"BMW of North America, LLC",MINI,COOPER; COOPER CONVERTIBLE; COOPER S; COOPER S CONVERTIBLE,2002-2005,STEERING; STEERING:ELECTRIC POWER ASSIST SYSTEM; STEERING:HYDRAULIC POWER ASSIST SYSTEM; STEERING:HYDRAULIC POWER ASSIST:PUMP,Loss of power steering assist,20110504,20160105,1707,15V660000,recall,,,car_or_light_truck
EA11006,EA,Ford Motor Company,FORD,F-150,1997-2004,"FUEL SYSTEM, GASOLINE:STORAGE:TANK ASSEMBLY; FUEL SYSTEM, GASOLINE:STORAGE:TANK ASSEMBLY:MOUNTING; FUEL SYSTEM, OTHER:STORAGE:TANK ASSEMBLY; FUEL SYSTEM, OTHER:STORAGE:TANK ASSEMBLY:MOUNTING",Fuel Tank Strap Failure Due to Corrosion,20110504,20110819,107,11V385000,recall,,,car_or_light_truck
EA11009,EA,Ford Motor Company,FORD; MERCURY,FUSION; MILAN,2010-2010,WHEELS:LUGS/NUTS/BOLTS/STUDS,Wheel Mounting Stud Fracture,20110726,20120120,178,11V574000,recall,,,car_or_light_truck
EA11010,EA,"Chrysler (FCA US, LLC)",CHRYSLER; DODGE,CARAVAN; GRAND CARAVAN; TOWN AND COUNTRY; TOWN AND COUNTRY LWB; VOYAGER,2005-2006,ELECTRICAL SYSTEM; EXTERIOR LIGHTING; EXTERIOR LIGHTING:HEADLIGHTS; EXTERIOR LIGHTING:HEADLIGHTS:SWITCH,Loss of headlight illumination,20110906,20121129,450,,closed_no_recall,,,car_or_light_truck
EA11012,EA,Honda (American Honda Motor Co.),HONDA,CIVIC; CR-V; PILOT,2002-2005,ELECTRICAL SYSTEM:WIRING:INTERIOR/UNDER DASH; EXTERIOR LIGHTING:HEADLIGHTS; EXTERIOR LIGHTING:HEADLIGHTS:HIGH/LOW BEAM DIMMER SWITCH; EXTERIOR LIGHTING:HEADLIGHTS:SWITCH,Low Beam Headlights Stop Illuminating,20110912,20120917,371,12V136000,recall,,,car_or_light_truck
EA11013,EA,"Chrysler (FCA US, LLC)",JEEP,LIBERTY,2004-2005,SUSPENSION; SUSPENSION:REAR,Rear Suspension Control Arm Failure,20110915,20120314,181,12V085000,recall,,,car_or_light_truck
EA11014,EA,"General Motors, LLC",SATURN,ION,2004-2007,STEERING:ELECTRIC POWER ASSIST SYSTEM,Electric Power Steering Failure,20110929,20140415,929,14V153000; 15V064000,recall,,,car_or_light_truck
EA11015,EA,"General Motors, LLC",SATURN,AURA,2007-2008,POWER TRAIN:AUTOMATIC TRANSMISSION:GEAR POSITION INDICATION (PRNDL); POWER TRAIN:AUTOMATIC TRANSMISSION:LEVER AND LINKAGE:FLOOR SHIFT; POWER TRAIN:AUTOMATIC TRANSMISSION:PARK/NEUTRAL START INTERLOCK SWITCH,Transmission Shift Cable Failure,20111110,20140602,935,14V224000,recall,,,car_or_light_truck
EA12001,EA,"Chrysler (FCA US, LLC)",JEEP,LIBERTY,2002-2003,AIR BAGS; AIR BAGS:FRONTAL; AIR BAGS:FRONTAL:DRIVER SIDE:INFLATOR MODULE; AIR BAGS:FRONTAL:SENSOR/CONTROL MODULE-INACTIVE,Inadvertent Air Bag Deployment,20120123,20130221,395,12V527000; 13V029000; 13V040000,recall,,,car_or_light_truck
EA12002,EA,"BMW of North America, LLC",BMW,7 SERIES; 7-SERIES; 730D; 730I; 735I; 735LI,2002-2008,ELECTRICAL SYSTEM; ELECTRICAL SYSTEM:IGNITION; ELECTRICAL SYSTEM:IGNITION:SWITCH; POWER TRAIN:AUTOMATIC TRANSMISSION,Vehicle Rollaway,20120410,20130124,289,12V502000,recall,,,car_or_light_truck
EA12003,EA,Ford Motor Company,FORD; MERCURY,FREESTAR; MONTEREY,2004-2007,SEATS; SEATS:MID/REAR ASSEMBLY; STRUCTURE; STRUCTURE:BODY,Corrosion of Third-Row Seat Attachment,20120423,20130502,374,13V081000,recall,,,car_or_light_truck
EA12004,EA,"General Motors, LLC; Isuzu Motors Limited",BUICK; CHEVROLET; GMC; ISUZU; SAAB,9-7X; ASCENDER; ENVOY; ENVOY 360; ENVOY XL; ENVOY XL 370,2005-2007,ELECTRICAL SYSTEM; VISIBILITY:POWER WINDOW DEVICES AND CONTROLS,Driver's Master Power Window Switch,20120611,20130621,375,12V406000; 13V248000,recall,,,car_or_light_truck
EA12005,EA,"Chrysler (FCA US, LLC)",JEEP,CHEROKEE; GRAND CHEROKEE; LIBERTY,1993-2007,"FUEL SYSTEM, GASOLINE:DELIVERY:HOSES, LINES/PIPING, AND FITTINGS; FUEL SYSTEM, GASOLINE:STORAGE; FUEL SYSTEM, GASOLINE:STORAGE:TANK ASSEMBLY; FUEL SYSTEM, GASOLINE:STORAGE:TANK ASSEMBLY:FILLER PIPE AND CAP",Crash Related Fuel Tank Fires,20120612,20141114,885,13V252000,recall,,,car_or_light_truck
EA12006,EA,Toyota Motor Corporation,TOYOTA,CAMRY; CAMRY HYBRID; HIGHLANDER HYBRID; RAV4; YARIS,2007-2009,ELECTRICAL SYSTEM; STRUCTURE:BODY; UNKNOWN OR OTHER,Power Window Master Switch Fire,20120614,20130212,243,12V491000,recall,,,car_or_light_truck
EA12008,EA,Hyundai Motor America,HYUNDAI,ELANTRA,2011-2013,AIR BAGS:SIDE/WINDOW; STRUCTURE:BODY:ROOF AND PILLARS; UNKNOWN OR OTHER,Headliner Bracket Detachment,20120913,20131209,452,13V115000,recall,,,car_or_light_truck
EA12009,EA,Ford Motor Company,FORD; LINCOLN; MERCURY,FUSION; FUSION HYBRID; MILAN; MKZ; MKZ HYBRID,2006-2011,VEHICLE SPEED CONTROL; VEHICLE SPEED CONTROL:ACCELERATOR PEDAL,Floor mat interference with accelerator,20121212,20140612,547,14E028000,recall,,,car_or_light_truck
EA13002,EA,Honda (American Honda Motor Co.),ACURA; HONDA,MDX; PILOT; RL,2005-2006,ELECTRONIC STABILITY CONTROL,Vehicle Stability Assist Malfunction,20130221,20130329,36,13V092000,recall,,,car_or_light_truck
EA13003,EA,"Mercedes-Benz USA, LLC",MERCEDES BENZ; MERCEDES-BENZ,AMG E55; AMG E63; E320; E350; E500; E550,2003-2008,"FUEL SYSTEM, GASOLINE; FUEL SYSTEM, GASOLINE:DELIVERY; FUEL SYSTEM, GASOLINE:DELIVERY:FUEL PUMP; FUEL SYSTEM, GASOLINE:DELIVERY:HOSES, LINES/PIPING, AND FITTINGS; FUEL SYSTEM, GASOLINE:STORAGE; FUEL SYSTEM, GASOLINE:STORAGE:TANK ASSEMBLY",Fuel Leakage From The Fuel Tank,20130315,20141219,644,,closed_no_recall,,,car_or_light_truck
EA13004,EA,Ford Motor Company,FORD,CROWN VICTORIA; CVPI,2005-2008,STEERING; STEERING:COLUMN,Loss of Steering Control,20130426,20131115,203,13V385000,recall,,,car_or_light_truck
EA13005,EA,"General Motors, LLC",PONTIAC,G6,2005-2008,EXTERIOR LIGHTING; EXTERIOR LIGHTING:BRAKE LIGHTS; EXTERIOR LIGHTING:TAIL LIGHTS,Brake Light Switch/Sensor Malfunction,20130606,20140701,390,14V252000,recall,,,car_or_light_truck
EA13006,EA,"BMW of North America, LLC",BMW,HP2 ENDURO; HP2 MEGAMOTO; HP2 SPORT; K 1200 GT; K 1200 R; K 1200 R SPORT,2005-2012,"FUEL SYSTEM, GASOLINE:DELIVERY:FUEL PUMP",Fuel Leak - Motorycle,20130712,20140131,203,13V617000,recall,,,car_or_light_truck
EA13007,EA,"General Motors, LLC",CHEVROLET,CORVETTE; CORVETTE Z06,2005-2007,EXTERIOR LIGHTING; EXTERIOR LIGHTING:HEADLIGHTS,Simultaneous Loss of Low-Beam Headlights,20130823,20140624,305,14V251000,recall,,,car_or_light_truck
EA13008,EA,"Mercedes-Benz USA, LLC",MERCEDES BENZ; MERCEDES-BENZ,AMG CLS63; C; C-CLASS; C300; C350; C36 AMG,2008-2011,ELECTRICAL SYSTEM:WIRING; ELECTRICAL SYSTEM:WIRING: REAR COMPARTMENT/TRUNK; EXTERIOR LIGHTING; EXTERIOR LIGHTING:BACK UP LIGHTS; EXTERIOR LIGHTING:BRAKE LIGHTS; EXTERIOR LIGHTING:FOG LIGHTS; EXTERIOR LIGHTING:HAZARD FLASHING WARNING LIGHTS; EXTERIOR LIGHTING:TAIL LIGHTS; EXTERIOR LIGHTING:TURN SIGNAL,Loss of rear lighting assembly,20131220,20140512,143,14V177000,recall,,,car_or_light_truck
EA14001,EA,"Chrysler (FCA US, LLC)",DODGE; JEEP,DURANGO; GRAND CHEROKEE,2011-2014,ELECTRICAL SYSTEM; ELECTRICAL SYSTEM:WIRING; ELECTRICAL SYSTEM:WIRING:FUSES AND CIRCUIT BREAKERS; ELECTRICAL SYSTEM:WIRING:INTERIOR/UNDER DASH; INTERIOR LIGHTING,Headliner Fires,20140110,20140812,214,14V391000,recall,,,car_or_light_truck
EA14002,EA,"Kia America, Inc.",KIA,SORENTO,2011-2013,VISIBILITY:SUN/MOON ROOF ASSEMBLY,Panoramic Glass Sunroof Breakage,20140512,20210115,2440,,closed_no_recall,,,car_or_light_truck
EA14004,EA,Honda (American Honda Motor Co.),HONDA,ACCORD,2008-2009,AIR BAGS; AIR BAGS:SIDE/WINDOW,Inadvertent Side Air Bag Deployment,20140729,20160104,524,,closed_no_recall,,,car_or_light_truck
EA15002,EA,Ford Motor Company,FORD; LINCOLN,FIESTA; FUSION; FUSION ENERGI; FUSION HYBRID; MKZ; MKZ HYBRID,2011-2013,LATCHES/LOCKS/LINKAGES; LATCHES/LOCKS/LINKAGES:DOORS:LATCH; STRUCTURE:BODY:DOOR,Door Latch Failure,20150227,20151113,259,15V246000; 20E010000,recall,,,car_or_light_truck
EA15003,EA,"Nissan North America, Inc.",NISSAN,VERSA; VERSA NOTE,2012-2015,"SERVICE BRAKES, HYDRAULIC; SERVICE BRAKES, HYDRAULIC:PEDALS AND LINKAGES; VEHICLE SPEED CONTROL:ACCELERATOR PEDAL",Pedal Operation Interference,20150401,20150901,153,15V507000,recall,,,car_or_light_truck
EA15004,EA,"Nissan North America, Inc.",INFINITI; NISSAN,ALTIMA; JX35; LEAF; NV200; PATHFINDER; Q50,2013-2014,AIR BAGS; AIR BAGS:FRONTAL; AIR BAGS:FRONTAL:PASSENGER SIDE:INFLATOR MODULE; AIR BAGS:FRONTAL:SENSOR/CONTROL MODULE-INACTIVE; AIR BAGS:ON-OFF SWITCH ASSEMBLY; AIR BAGS:SENSOR:OCCUPANT CLASSIFICATION,Occupant Classification System Failure,20150831,20170502,610,15V681000; 16V242000; 16V244000,recall,,,car_or_light_truck
EA15005,EA,Ford Motor Company,FORD,EXPLORER,2013-2015,"SERVICE BRAKES, HYDRAULIC:FOUNDATION COMPONENTS:HOSES, LINES/PIPING, AND FITTINGS",Front Brake Hose Failure,20150928,20181102,1131,,closed_no_recall,,,car_or_light_truck
EA15006,EA,Ford Motor Company,FORD,F-150,2011-2012,"SERVICE BRAKES, ELECTRIC; SERVICE BRAKES, HYDRAULIC:POWER ASSIST; SERVICE BRAKES, HYDRAULIC:POWER ASSIST:VACUUM",Brake Vacuum Pump Failure,20151016,20160428,195,,closed_no_recall,,,car_or_light_truck
EA15007,EA,"Chrysler (FCA US, LLC)",JEEP,WRANGLER; WRANGLER 2-DR 4X4; WRANGLER 4-DR 4X2; WRANGLER 4-DR 4X4; WRANGLER SAHARA,2007-2012,AIR BAGS; AIR BAGS:FRONTAL,Air Bag Clockspring Wiring Failure,20151204,20160706,215,16V288000; 16V290000,recall,,,car_or_light_truck
EA16002,EA,"Chrysler (FCA US, LLC)",CHRYSLER; DODGE; JEEP,300; CHARGER; GRAND CHEROKEE,2012-2015,POWER TRAIN:AUTOMATIC TRANSMISSION:GEAR POSITION INDICATION (PRNDL),"Vehicle rollaway, engine on",20160203,20160624,142,16V240000; 16V424000,recall,,,car_or_light_truck
EA17002,EA,Ford Motor Company,FORD,EXPLORER; EXPLORER POLICE INTERCEPT,2011-2017,ENGINE AND ENGINE COOLING:EXHAUST SYSTEM:MANIFOLD/HEADER/MUFFLER/TAIL PIPE; STRUCTURE:BODY,Exhaust Odor in Passenger Cab,20170727,20230117,2000,,closed_no_recall,,,car_or_light_truck
EA17004,EA,Ford Motor Company,FORD,FUSION; FUSION HYBRID,2010-2012,STEERING; STEERING:ELECTRIC POWER ASSIST SYSTEM; STEERING:RACK AND PINION; STEERING:RACK AND PINION:RACK,Power Steering Failure,20171120,20240209,2272,,closed_no_recall,,,car_or_light_truck
EA18001,EA,"Nissan North America, Inc.",NISSAN,MURANO,2009-2009,"SERVICE BRAKES, HYDRAULIC:ANTILOCK/TRACTION CONTROL/ELECTRONIC LIMITED SLIP",Extended Braking Distances,20180418,20230117,1735,18V916000,recall,,,car_or_light_truck
EA18002,EA,Ford Motor Company,FORD; LINCOLN; MERCURY,FUSION; MILAN; MKZ,2007-2009,"SERVICE BRAKES, AIR:ANTILOCK:CONTROL UNIT/MODULE",Extended Braking Distance,20180418,20210115,1003,19V904000,recall,,,car_or_light_truck
EA18004,EA,Land Rover,LAND ROVER,RANGE ROVER; RANGE ROVER SPORT,2013-2016,LATCHES/LOCKS/LINKAGES; LATCHES/LOCKS/LINKAGES:DOORS:LATCH,Door latch failure,20180702,20191017,472,19V390000; 19V392000,recall,,,car_or_light_truck
EA18005,EA,"Volkswagen Group of America, Inc.",VOLKSWAGEN,TIGUAN,2018-2018,SEAT BELTS; SEAT BELTS:FRONT; SEAT BELTS:FRONT:WEBBING,Seat Belt Webbing Failure,20180703,20230227,1700,20V724000,recall,,,car_or_light_truck
EA18006,EA,Toyota Motor Corporation,TOYOTA,HIGHLANDER; HIGHLANDER HYBRID,2008-2013,STEERING; STEERING:COLUMN,Steering Column Separation,20181116,20240402,1964,,closed_no_recall,,,car_or_light_truck
EA19001,EA,"Chrysler (FCA US, LLC); Honda (American Honda Motor Co.); Hyundai Motor America; Kia America, Inc.; Mitsubishi Motors North America, Inc.; TRW Automotive, Inc.; Toyota Motor Corporation",ACURA; DODGE; FIAT; HONDA; HYUNDAI; JEEP,1500; 500; ACCORD; AIR BAG CONTROL UNIT; AVALON; AVALON HYBRID,2009-9999,AIR BAGS: AIR BAG/RESTRAINT CONTROL MODULE,Electrical overstress,20190419,20240919,1980,20V024,recall,,,car_or_light_truck
EA19002,EA,"Nissan North America, Inc.",NISSAN,ALTIMA; MAXIMA,2013-2018,SUSPENSION:REAR,Rear Suspension Control Arm Failure,20190729,20250616,2149,,closed_no_recall,,,car_or_light_truck
EA19003,EA,"BMW of North America, LLC",BMW,K1600B,2018-2019,STEERING; STEERING: STEERING WHEEL/HANDLE BAR; SUSPENSION; SUSPENSION:FRONT,Steering Oscillation,20191011,20250116,1924,,closed_no_recall,,,car_or_light_truck
EA19004,EA,"Chrysler (FCA US, LLC)",RAM,2500; 3500,2014-2018,STEERING:LINKAGES:DRAG:LINK:CONNECTION,Steering loss due to linkage separation,20191201,20251120,2181,,closed_no_recall,,,car_or_light_truck
EA19005,EA,"General Motors, LLC",CHEVROLET; GMC,EQUINOX; TERRAIN,2010-2016,VISIBILITY; VISIBILITY/WIPER; VISIBILITY:WINDSHIELD WIPER/WASHER:LINKAGES,Front Wiper Transmission Inoperative,20191213,20221128,1081,22V165000,recall,,,car_or_light_truck
EA20001,EA,Land Rover,LAND ROVER,RANGE ROVER EVOQUE,2012-2013,"SERVICE BRAKES; SERVICE BRAKES, HYDRAULIC:POWER ASSIST:VACUUM",Loss of Brake Power Assist,20200831,20230227,910,,closed_no_recall,,,car_or_light_truck
EA20002,EA,"General Motors, LLC",BUICK; CHEVROLET; GMC; SATURN,ACADIA; ENCLAVE; OUTLOOK; TRAVERSE,2009-2014,SEAT BELTS; SEAT BELTS:FRONT; SEAT BELTS:FRONT:ANCHORAGE,Outboard Front Seat Belt Anchor Cable Failure,20200831,20240830,1460,21V245,recall,,,car_or_light_truck
EA20003,EA,"Tesla, Inc.",TESLA,MODEL S; MODEL X; VEHICLE CHARGER,2012-9999,BACK OVER PREVENTION: SENSING SYSTEM: CAMERA; ELECTRICAL SYSTEM:ADAS; EXTERIOR LIGHTING:TURN SIGNAL; VISIBILITY:DEFROSTER/DEFOGGER/HVAC SYSTEM,Loss of rearview camera,20201112,20240502,1267,21V035,recall,,,car_or_light_truck
EA21001,EA,Honda (American Honda Motor Co.),HONDA,ACCORD; ACCORD CROSSTOUR,2013-2015,STEERING,Loss of Direction Control,20210506,20230825,841,,upgraded_to_EA,EA23003,24V744,car_or_light_truck
EA21003,EA,"Hyundai Motor America; Kia America, Inc.",HYUNDAI; KIA,ELANTRA; FORTE; FORTE KOUP; OPTIMA; OPTIMA HYBRID; OPTIMA PHEV,2011-2018,ENGINE,Engine Fires,20211222,20240205,775,23V877,recall,,,car_or_light_truck
EA22001,EA,"Volkswagen Group of America, Inc.",AUDI,A8; RS7; S6; S7; S8,2013-2016,ENGINE AND ENGINE COOLING:ENGINE:GASOLINE:TURBO/SUPERCHARGER; ENGINE AND ENGINE COOLING:ENGINE:OIL/LUBRICATION:FILTER/SCREEN,Engine Stall - Turbo Failure,20220404,20230526,417,,closed_no_recall,,,car_or_light_truck
EA22002,EA,"Tesla, Inc.",TESLA,MODEL 3; MODEL S; MODEL X; MODEL Y,2012-2023,ELECTRICAL SYSTEM,Autopilot System Driver Controls,20220608,20240425,687,23V085; 23V838,recall,,,car_or_light_truck
EA23002,EA,Ford Motor Company,FORD; LINCOLN,AVIATOR; BRONCO; EDGE; EXPLORER; F-150; NAUTILUS,2021-2022,ENGINE,Loss of Motive Power,20230929,20241031,398,24V635,recall,,,car_or_light_truck
EA23003,EA,Honda (American Honda Motor Co.),ACURA; HONDA,CIVIC; CIVIC SI; CIVIC TYPE R; CR-V; CR-V HYBRID; INTEGRA,2022-2024,STEERING,Momentary Increased Steering Effort,20231129,20250128,426,24V744,recall,,,car_or_light_truck
EA24001,EA,"Tesla, Inc.",TESLA,MODEL 3; MODEL Y,2023-2023,STEERING,Loss of steering control,20240201,20260625,875,25V092,recall,,,car_or_light_truck
EA25003,EA,Honda (American Honda Motor Co.),HONDA,RIDGELINE,2017-2019,BACK OVER PREVENTION,Rear-View Camera Failure,20250211,20260918,584,,closed_no_recall,,,car_or_light_truck
EA80024,EA,"General Motors, LLC",GMC,GMC,1980-1980,WHEELS,REAR WHEEL LOCK-UP,19791126,19810701,583,,closed_no_recall,,,car_or_light_truck
EA83004,EA,"General Motors, LLC",CHEVROLET; PONTIAC,CHEVETTE; T1000,1980-1982,VEHICLE SPEED CONTROL:LINKAGES,CARBURETOR PLUG POPS OUT,19821022,19830715,266,82V106000; 83V027000,recall,,,car_or_light_truck
EA83010,EA,"General Motors, LLC",BUICK; CADILLAC; CHEVROLET; OLDSMOBILE; PONTIAC,2000; CAVALIER; CIMARRON; FIRENZA; SKYHAWK,1982-1982,ENGINE AND ENGINE COOLING,FUEL LINE LEAK,19830225,19831208,286,,closed_no_recall,,,car_or_light_truck
EA83013,EA,Ford Motor Company,FORD; MERCURY,CAPRI; ESCORT; LYNX; MUSTANG,1981-1982,SEATS,FRONT SEATBACK FAILURE,19830323,19890126,2136,84V085000,recall,EA89023,,car_or_light_truck
EA85008,EA,"Nissan North America, Inc.; RANGER INDUSTRIES INC.",NISSAN; RANGER,PULSAR; RANGER,1980-1984,SUSPENSION,REAR SUSPENSION OVERLOAD,19850214,19870427,802,85V089000,recall,,,car_or_light_truck
EA85016,EA,Ford Motor Company,FORD; MERCURY,CAPRI; MUSTANG,1979-1983,STRUCTURE,FLOOR PAN CRACKS,19850222,19870414,781,,closed_no_recall,,,car_or_light_truck
EA85018,EA,"General Motors, LLC",CHEVROLET; PONTIAC,CHEVETTE; T1000,1976-1985,ENGINE AND ENGINE COOLING,CRANKSHAFT PULLEY BOLT,19850313,19870904,905,,closed_no_recall,,,car_or_light_truck
EA85029,EA,"Nissan North America, Inc.",DATSUN; NISSAN,280Z; 300ZX,1979-1985,VEHICLE SPEED CONTROL:LINKAGES,SUDDEN ACCELERATION,19850509,19890711,1524,87V098000,recall,,,car_or_light_truck
EA85031,EA,Ford Motor Company,FORD,F250,1983-1984,SUSPENSION,REAR WHEEL LOCKUP,19850712,19881011,1187,,upgraded_to_EA,EA89013,,car_or_light_truck
EA85037,EA,"Volkswagen Group of America, Inc.",AUDI,5000,1984-1985,ENGINE AND ENGINE COOLING,ENGINE COMPARTMENT FIRES,19850731,19871223,875,86V103000; 87V157000,recall,,,car_or_light_truck
EA85038,EA,"Chrysler (FCA US, LLC)",CHRYSLER,CHRYSLER,1978-1984,ENGINE AND ENGINE COOLING,ENGINE COMPARTMENT FIRES,19850731,19870302,579,,closed_no_recall,,,car_or_light_truck
EA85040,EA,"General Motors, LLC",BUICK; CADILLAC; CHEVROLET; OLDSMOBILE; PONTIAC,BUICK; CADILLAC; CHEVROLET; OLDSMOBILE; PONTIAC,1983-1984,SEATS:FRONT ASSEMBLY:RECLINER,SEAT BACK RECLINER,19850819,19871125,828,,closed_no_recall,,,car_or_light_truck
EA85041,EA,"General Motors, LLC",BUICK; CADILLAC; CHEVROLET; OLDSMOBILE; PONTIAC,BUICK; CADILLAC; CHEVROLET; OLDSMOBILE; PONTIAC,1985-1985,SEATS:FRONT ASSEMBLY:RECLINER,SEAT BACK RECLINER,19850819,19871112,815,,closed_no_recall,,,car_or_light_truck
EA85043,EA,"Chrysler (FCA US, LLC); RENAULT, INCORPORATED",AMERICAN MOTORS; RENAULT,ALLIANCE; ENCORE,1983-1984,VEHICLE SPEED CONTROL:LINKAGES,UNWANTED VEHICLE ACCEL,19850821,19870721,699,,closed_no_recall,,,car_or_light_truck
EA85045,EA,Toyota Motor Corporation,TOYOTA,CELICA; CRESSIDA,1981-1984,VEHICLE SPEED CONTROL:LINKAGES,SUDDEN ACCELERATION,19850830,19880218,902,86V132000,recall,,,car_or_light_truck
EA85046,EA,"General Motors, LLC",BUICK; CHEVROLET; OLDSMOBILE; PONTIAC,6000; CELEBRITY; CENTURY; CIERA,1982-1984,"SERVICE BRAKES, HYDRAULIC",POWER BRAKE ASSIST,19850830,19870724,693,,upgraded_to_EA,EA88018,,car_or_light_truck
EA86003,EA,"General Motors, LLC",CADILLAC,DEVILLE; ELDORADO; FLEETWOOD,1982-1984,STRUCTURE,SIDE DOOR FIRES,19851028,19880218,843,87V167000,recall,,,car_or_light_truck
EA86005,EA,Ford Motor Company,FORD; MERCURY,COUGAR; THUNDERBIRD,1980-1980,"SERVICE BRAKES, HYDRAULIC",POWER BRAKE BOOSTER,19851125,19870723,605,,closed_no_recall,,,car_or_light_truck
EA86006,EA,"General Motors, LLC",BUICK; CHEVROLET; GMC; OLDSMOBILE; PONTIAC,CABALLERO; CENTURY; CUTLASS; EL CAMINO; GRAND AM; GRAND PRIX,1978-1982,"SERVICE BRAKES, HYDRAULIC",BRAKE BACKING PLATE,19851127,19881128,1097,,upgraded_to_EA,EA89010,,car_or_light_truck
EA86010,EA,Ford Motor Company,FORD; MERCURY,CAPRI; COUGAR; ESCORT; EXP; LTD; LYNX,1983-1986,SEATS,SEATBACK FAILURE,19860326,19890728,1220,86V082000,recall,EA90005,91V036000,car_or_light_truck
EA86015,EA,"Volkswagen Group of America, Inc.",AUDI,5000,1985-1985,"SERVICE BRAKES, HYDRAULIC",HYDRAULIC FLUID LEAKS,19860530,19890926,1215,,closed_no_recall,,,car_or_light_truck
EA86016,EA,"Volkswagen Group of America, Inc.",AUDI,5000,1984-1985,VEHICLE SPEED CONTROL:LINKAGES,SUDDEN ACCELERATION,19860530,19860818,80,,closed_no_recall,,,car_or_light_truck
EA86019,EA,"General Motors, LLC",CHEVROLET; PONTIAC,CAMARO; FIREBIRD,1982-1986,"SERVICE BRAKES, HYDRAULIC",REAR BRAKE FAILURE,19860617,19880722,766,,upgraded_to_EA,EA88035,,car_or_light_truck
EA86020,EA,"RENAULT, INCORPORATED",RENAULT,ALLIANCE,1983-1983,ENGINE AND ENGINE COOLING,ENGINE COMPARTMENT FIRES,19860702,19870520,322,87V049000,recall,,,car_or_light_truck
EA86021,EA,"General Motors, LLC",PONTIAC,FIERO,1984-1984,ENGINE AND ENGINE COOLING,ENGINE COMPARTMENT FIRES,19860718,19900508,1390,87V181000,recall,,,car_or_light_truck
EA86023,EA,"General Motors, LLC",BUICK; CADILLAC; CHEVROLET; OLDSMOBILE; PONTIAC,CAVALIER; CIMARRON; FIRENZA; SKYHAWK; SUNBIRD,1983-1984,SEATS,SEAT TRACK LOCK,19860801,19870601,304,87V079000,recall,,,car_or_light_truck
EA86024,EA,"Chrysler (FCA US, LLC)",AMERICAN MOTORS,EAGLE,1980-1983,SUSPENSION,REAR AXLE FAILURE,19860807,19871103,453,,closed_no_recall,,,car_or_light_truck
EA86025,EA,"General Motors, LLC",BUICK; CADILLAC; CHEVROLET; OLDSMOBILE; PONTIAC,6000; 98; BONNEVILLE; CALAIS; CAMARO; CELEBRITY,1985-1985,VISIBILITY,WINDSHIELD WIPERS,19860825,19880302,555,,closed_no_recall,,,car_or_light_truck
EA86033,EA,"General Motors, LLC",CHEVROLET; PONTIAC,CHEVETTE; T1000,1979-1981,"SERVICE BRAKES, HYDRAULIC",BRAKE FAILURE,19860930,19870825,329,,upgraded_to_EA,EA88018,,car_or_light_truck
EA87002,EA,Ford Motor Company,FORD,E150; E250; E350,1978-1986,VEHICLE SPEED CONTROL:LINKAGES,FILLER NECK SPURT,19861104,19870429,176,,upgraded_to_EA,EA87019,,car_or_light_truck
EA87005,EA,Ford Motor Company,FORD; MERCURY,ESCORT; EXP; LYNX,1984-1986,ENGINE AND ENGINE COOLING,FIRES,19861201,19891031,1065,89V095000,recall,,,car_or_light_truck
EA87006,EA,"General Motors, LLC",BUICK; CADILLAC; CHEVROLET; OLDSMOBILE; PONTIAC,2000; 6000; CAVALIER; CELEBRITY; CENTURY; CIERA,1980-1986,STEERING,POWER ST. ASSIST,19861216,19880919,643,,upgraded_to_EA,EA89009,,car_or_light_truck
EA87007,EA,"General Motors, LLC",BUICK; CADILLAC; CHEVROLET; OLDSMOBILE; PONTIAC,CAVALIER; CIMARRON; FIRENZA; SKYHAWK; SUNBIRD,1982-1985,VEHICLE SPEED CONTROL:LINKAGES,SUDDEN ACCEL,19861216,19870807,234,,upgraded_to_EA,EA87022,,car_or_light_truck
EA87008,EA,"General Motors, LLC",PONTIAC,FIERO,1984-1986,"SERVICE BRAKES, HYDRAULIC",REAR BRAKES,19861217,19880722,583,,upgraded_to_EA,EA88035,,car_or_light_truck
EA87009,EA,"General Motors, LLC",CHEVROLET; GMC,ASTRO; SAFARI,1985-1986,"SERVICE BRAKES, HYDRAULIC",REAR BRAKES,19870121,19880816,573,,upgraded_to_EA,EA88035,,car_or_light_truck
EA87019,EA,Ford Motor Company,FORD,E150; E250; E350,1984-1986,VEHICLE SPEED CONTROL:LINKAGES,FUEL EXPULSION,19870430,19871023,176,,closed_no_recall,,,car_or_light_truck
EA87020,EA,Ford Motor Company,FORD,AEROSTAR; BRONCO II; F150; FORD TRUCK; RANGER,1986-1987,VEHICLE SPEED CONTROL:LINKAGES,ENGINE COMPARTMENT FIRES,19870507,19870924,140,87V139000,recall,,,car_or_light_truck
EA87022,EA,"General Motors, LLC",BUICK; OLDSMOBILE; PONTIAC,88; 98; BONNEVILLE; CENTURY; CIERA; ELECTRA,1986-1987,VEHICLE SPEED CONTROL:LINKAGES,STALLING,19870827,19911127,1553,,upgraded_to_EA,EA92001,,car_or_light_truck
EA87023,EA,Ford Motor Company,FORD; MERCURY,ESCORT; LYNX,1985-1986,SEATS,SEAT TRACKS,19870924,19891116,784,89V170000,recall,EA90005,91V036000,car_or_light_truck
EA87024,EA,"SAAB CARS USA, INC.",SAAB,900,1984-1984,VEHICLE SPEED CONTROL:LINKAGES,FIRES,19870928,19880107,101,,closed_no_recall,,,car_or_light_truck
EA88001,EA,"Chrysler (FCA US, LLC)",CHRYSLER; DODGE; PLYMOUTH,B1; B100; B150; B200; B250; B300,1984-1987,"SERVICE BRAKES, HYDRAULIC",BRAKE POWER ASSIST,19871001,19880301,152,,closed_no_recall,,,car_or_light_truck
EA88003,EA,"Mercedes-Benz USA, LLC",MERCEDES BENZ,300,1986-1987,VEHICLE SPEED CONTROL:LINKAGES,SUDDEN ACCELERATION,19871029,19900731,1006,,closed_no_recall,,,car_or_light_truck
EA88005,EA,"Chrysler (FCA US, LLC)",JEEP,CHEROKEE; GRAND WAGONEER,1974-1987,VISIBILITY,ELEC. REAR WINDOW,19871023,19890328,522,87V178000,recall,,,car_or_light_truck
EA88006,EA,"Chrysler (FCA US, LLC)",DODGE,RAM 50,1982-1984,STEERING,STEERING OUTPUT SHAFT,19871103,19880401,150,,closed_no_recall,,,car_or_light_truck
EA88007,EA,"General Motors, LLC",CHEVROLET; GMC,C30; G30; K30; P30,1984-1987,SUSPENSION,LOWER CONTROL ARM,19871106,19881024,353,88V110001; 88V110002,recall,EA89003,,car_or_light_truck
EA88008,EA,"Chrysler (FCA US, LLC)",CHRYSLER; DODGE; PLYMOUTH,600; ARIES; DAYTONA; LANCER; LASER; LEBARON,1985-1986,SEATS,SEAT ATTACHMENT,19871117,19880518,183,88V061000,recall,,,car_or_light_truck
EA88009,EA,"AM GENERAL LLC; Chrysler (FCA US, LLC)",AM GENERAL; AMERICAN MOTORS; JEEP,CHEROKEE; CJ5; CJ7; CONCORD; EAGLE; FJ8C,1980-1985,ENGINE AND ENGINE COOLING:ENGINE,ENGINE COMPARTMENT FIRES,19871116,19900109,785,88V132000,recall,,,car_or_light_truck
EA88010,EA,"General Motors, LLC",OLDSMOBILE,98,1987-1987,VEHICLE SPEED CONTROL:LINKAGES,THROTTLE CONTROL,19871130,19891031,701,88V080000,recall,EA90015,,car_or_light_truck
EA88014,EA,"Subaru of America, Inc.",SUBARU,GL,1985-1985,SEAT BELTS:FRONT:RETRACTOR,SEAT BELT RETRACTOR FAILS,19880113,19900629,898,,closed_no_recall,,,car_or_light_truck
EA88015,EA,"Chrysler (FCA US, LLC); RENAULT, INCORPORATED",AMERICAN MOTORS; RENAULT,ALLIANCE; ENCORE,1983-1984,SEATS,SEAT TRACK,19880119,19880516,118,88V060000,recall,,,car_or_light_truck
EA88016,EA,"General Motors, LLC",CHEVROLET; GMC,C20; C30; G20; G30; K20; K30,1985-1988,VEHICLE SPEED CONTROL:LINKAGES,HIGH TEMP & FUEL EXP,19880119,19880630,163,,upgraded_to_EA,EA88042,89V071000,car_or_light_truck
EA88018,EA,"General Motors, LLC",CHEVROLET; GMC,C20; R20,1984-1988,"SERVICE BRAKES, HYDRAULIC",BRAKE SYSTEM,19880120,19910531,1227,,upgraded_to_EA,EA91028,,car_or_light_truck
EA88019,EA,"General Motors, LLC",BUICK; CADILLAC; CHEVROLET; OLDSMOBILE; PONTIAC,98; CAPRICE; DEVILLE; ELECTRA; ESTATE; FLEETWOOD,1983-1986,STEERING,HYDRO BOOST,19880128,19901031,1007,,upgraded_to_EA,EA91023,91V083000,car_or_light_truck
EA88020,EA,"RENAULT, INCORPORATED",RENAULT,FUEGO,1983-1985,VEHICLE SPEED CONTROL:LINKAGES,FUEL EXPULSION,19880128,19881117,294,,closed_no_recall,,,car_or_light_truck
EA88022,EA,"Chrysler (FCA US, LLC)",EAGLE,10,1983-1985,ELECTRICAL SYSTEM,ELECTRICAL FIRES,19880204,19890117,348,,closed_no_recall,,,car_or_light_truck
EA88023,EA,"General Motors, LLC",CHEVROLET; OLDSMOBILE,CAMARO; CUTLASS,1984-1985,VEHICLE SPEED CONTROL:LINKAGES,THROTTLE LINKAGE STICKING,19880202,19890306,398,,closed_no_recall,,,car_or_light_truck
EA88025,EA,"Chrysler (FCA US, LLC)",JEEP,CHEROKEE; COMANCHE; WAGONEER,1987-1987,VEHICLE SPEED CONTROL:LINKAGES,STALLING,19880310,19891003,572,,closed_no_recall,,,car_or_light_truck
EA88026,EA,"AUSTIN ROVER CARS NA, INC; Honda (American Honda Motor Co.)",ACURA; STERLING,825; LEGEND,1986-1988,POWER TRAIN,SUDDEN ACCELERATION,19880308,19910110,1038,,closed_no_recall,,,car_or_light_truck
EA88027,EA,Ford Motor Company,FORD,AEROSTAR,1986-1986,"SERVICE BRAKES, HYDRAULIC",REAR BRAKE LOCKUP,19880304,19880915,195,,closed_no_recall,,,car_or_light_truck
EA88028,EA,Ford Motor Company,FORD,AEROSTAR,1986-1987,STRUCTURE,DOOR FALLS OFF,19880323,19890731,495,,closed_no_recall,,,car_or_light_truck
EA88030,EA,Ford Motor Company,FORD,AEROSTAR,1987-1987,ELECTRICAL SYSTEM,ELECTRICAL FIRES,19880419,19880713,85,88V091000,recall,,,car_or_light_truck
EA88031,EA,"General Motors, LLC",BUICK; CADILLAC; OLDSMOBILE,98; DEVILLE; ELECTRA; FLEETWOOD,1985-1988,VEHICLE SPEED CONTROL:LINKAGES,SUDDEN ACCELERATION,19880422,19891023,549,,upgraded_to_EA,EA90015,,car_or_light_truck
EA88032,EA,Ford Motor Company,FORD; MERCURY,SABLE; TAURUS,1986-1987,VEHICLE SPEED CONTROL:LINKAGES,STALLING,19880422,19900112,630,,upgraded_to_EA,EA90009,,car_or_light_truck
EA88033,EA,Ford Motor Company,FORD,AEROSTAR; BRONCO II; RANGER,1986-1987,ELECTRICAL SYSTEM,UNDER SEAT FIRES,19880511,19890123,257,88V145000,recall,,,car_or_light_truck
EA88034,EA,"Mercedes-Benz USA, LLC",MERCEDES BENZ,190; 220; 230; 240; 250; 260E,1984-1988,VEHICLE SPEED CONTROL:LINKAGES,SUDDEN ACCELERATION,19880715,19900731,746,,closed_no_recall,,,car_or_light_truck
EA88035,EA,"General Motors, LLC",CHEVROLET; GMC,C10; C20; C30; K1500; K2500; K3500,1988-1988,"SERVICE BRAKES, HYDRAULIC",POOR BRAKE PERFORMANCE,19880718,19901031,835,,closed_no_recall,,,car_or_light_truck
EA88036,EA,"General Motors, LLC",BUICK; CADILLAC; CHEVROLET; OLDSMOBILE; PONTIAC,CAMARO; ELDORADO; FIERO; FIREBIRD; RIVIERA; TORONADO,1982-1988,"SERVICE BRAKES, HYDRAULIC",REAR DISC BRAKES,19880722,19910830,1134,,closed_no_recall,,,car_or_light_truck
EA88037,EA,"BMW of North America, LLC",BMW,R SERIES,1985-1988,"SERVICE BRAKES, HYDRAULIC",REAR BRAKE LIGHTS,19880722,19890309,230,88V192000,recall,,,car_or_light_truck
EA88038,EA,Ford Motor Company,FORD; MERCURY,ESCORT; LYNX,1984-1988,SEAT BELTS:REAR/OTHER,REAR SAFETY BELT FIT,19880829,19900511,620,,upgraded_to_EA,EA91003,92V063000,car_or_light_truck
EA88039,EA,"General Motors, LLC",CHEVROLET; GMC,ASTRO; SAFARI,1987-1988,VISIBILITY:DEFROSTER/DEFOGGER/HVAC SYSTEM,REAR A/C UNIT,19880912,19891031,414,,closed_no_recall,,,car_or_light_truck
EA88040,EA,"General Motors, LLC",CHEVROLET,BERETTA; CORSICA,1987-1988,SUSPENSION,REAR WHEEL SPINDLE,19880913,19900314,547,,closed_no_recall,,,car_or_light_truck
EA88041,EA,Ford Motor Company,FORD,AEROSTAR,1986-1987,VEHICLE SPEED CONTROL:LINKAGES,FILLER PIPE SEAL,19880915,19900511,603,90V021000,recall,EA90042,,car_or_light_truck
EA88042,EA,"General Motors, LLC",CHEVROLET; GMC,B6P042; P6T042; S7T042,1984-1989,VEHICLE SPEED CONTROL:LINKAGES,FUEL TANK LEAKS,19880916,19890728,315,89V071000,recall,,,car_or_light_truck
EA88043,EA,"General Motors, LLC",CHEVROLET; GMC,P30,1984-1988,VEHICLE SPEED CONTROL:LINKAGES,FUEL EXPULSION,19880920,19890926,371,,upgraded_to_EA,EA90015,,car_or_light_truck
EA89001,EA,"Chrysler (FCA US, LLC)",PLYMOUTH,SUNDANCE,1987-1988,VEHICLE SPEED CONTROL:LINKAGES,LOGIC MODULE,19881005,19891117,408,,closed_no_recall,,,car_or_light_truck
EA89003,EA,"General Motors, LLC",CHEVROLET; GMC,BLAZER; JIMMY; S10; S15,1983-1987,SUSPENSION,REAR AXLE SHAFT,19881107,19900824,655,,upgraded_to_EA,EA91005,,car_or_light_truck
EA89005,EA,Honda (American Honda Motor Co.),ACURA; HONDA,ACCORD; CIVIC; INTEGRA; LEGEND; PRELUDE,1986-1987,VEHICLE SPEED CONTROL:LINKAGES,FUEL SYSTEM VENTING,19881116,19891130,379,,closed_no_recall,,,car_or_light_truck
EA89006,EA,"Volkswagen Group of America, Inc.",VOLKSWAGEN,GOLF,1986-1986,VISIBILITY:DEFROSTER/DEFOGGER/HVAC SYSTEM,WINDSHIELD WIPERS,19881130,19891031,335,,closed_no_recall,,,car_or_light_truck
EA89007,EA,"BMW of North America, LLC",BMW,318; 325; 524; 528; 535; 635,1985-1985,"SERVICE BRAKES, HYDRAULIC",BRAKE LIGHT SWITCH,19881223,19890726,215,,upgraded_to_EA,EA90002,,car_or_light_truck
EA89008,EA,"General Motors, LLC",CHEVROLET,BERETTA; CORSICA,1987-1988,STRUCTURE,DOOR HINGE PINS,19890105,19900314,433,89V225000,recall,EA90026,91V135000,car_or_light_truck
EA89009,EA,"General Motors, LLC",CHEVROLET; PONTIAC,CAMARO; FIREBIRD,1987-1987,STEERING,POWER STEERING BRACKET,19890105,19900122,382,,upgraded_to_EA,EA90023,,car_or_light_truck
EA89010,EA,"General Motors, LLC",BUICK; CADILLAC; CHEVROLET; OLDSMOBILE; PONTIAC,6000; CALAIS; CAVALIER; CELEBRITY; CENTURY; CIERA,1987-1988,"SERVICE BRAKES, HYDRAULIC",BRAKE INEFFECTIVENESS,19890117,19900508,476,,upgraded_to_EA,EA90041,,car_or_light_truck
EA89013,EA,Ford Motor Company,FORD,BRONCO II,1984-1989,SUSPENSION,ROLLOVER PROPENSITY,19890209,19901031,629,,closed_no_recall,,,car_or_light_truck
EA89014,EA,"Chrysler (FCA US, LLC)",CHRYSLER; DODGE,DAYTONA; LASER,1984-1985,EXTERIOR LIGHTING,HORN MALFUNCTIONS,19890221,19890801,161,,closed_no_recall,,,car_or_light_truck
EA89015,EA,"General Motors, LLC",CHEVROLET; GMC,C10; K10,1988-1988,"SERVICE BRAKES, HYDRAULIC",BRAKE BACKING PLATES,19890223,19900109,320,,upgraded_to_EA,EA90017,,car_or_light_truck
EA89020,EA,Toyota Motor Corporation,TOYOTA,CAMRY,1987-1988,SEAT BELTS,FRONT LAP BELT JAMS,19890322,19891116,239,89V175000,recall,,,car_or_light_truck
EA89021,EA,Ford Motor Company,FORD,AEROSTAR,1986-1988,VISIBILITY,WINDSHIELD WIPER MOTOR,19890323,19900504,407,,closed_no_recall,,,car_or_light_truck
EA89022,EA,"General Motors, LLC",PONTIAC,FIERO,1985-1986,ENGINE AND ENGINE COOLING:ENGINE:GASOLINE,ENGINE COMPARTMENT FIRES,19890331,19900713,469,90V104000,recall,,,car_or_light_truck
EA89023,EA,Ford Motor Company,FORD; MERCURY,SABLE; TAURUS,1986-1987,SEATS,FRONT SEAT BRACKET,19890525,19900522,362,,closed_no_recall,,,car_or_light_truck
EA89026,EA,"General Motors, LLC",BUICK; CHEVROLET; OLDSMOBILE; PONTIAC,6000; CELEBRITY; CENTURY; CIERA,1987-1987,STEERING,LOSS OF POWER STEERING,19890612,19901009,484,,closed_no_recall,,,car_or_light_truck
EA89028,EA,"General Motors, LLC",BUICK; CADILLAC; OLDSMOBILE; PONTIAC,88; 98; BONNEVILLE; DEVILLE; ELECTRA; LESABRE,1986-1987,"SERVICE BRAKES, HYDRAULIC",REAR BRAKE PIN,19890728,19900727,364,,upgraded_to_EA,EA90041,,car_or_light_truck
EA89030,EA,Toyota Motor Corporation,TOYOTA,LAND CRUISER,1982-1982,SEAT BELTS:REAR/OTHER,REAR SAFETY BELT JAMS,19890726,19891130,127,89V155000,recall,EA90028,92V025000,car_or_light_truck
EA89031,EA,"Nissan North America, Inc.",NISSAN,200SX; 300ZX; MAXIMA; PULSAR; SENTRA; STANZA,1982-1984,SEATS,SEAT FAILURES,19890728,19901031,460,,closed_no_recall,,,car_or_light_truck
EA89032,EA,Ford Motor Company,FORD,AEROSTAR,1986-1987,SEAT BELTS,SAFETY BELT FRAYING,19890803,19900405,245,89V226000,recall,,,car_or_light_truck
EA89038,EA,Toyota Motor Corporation,TOYOTA,CARGO VAN; VAN,1984-1985,STEERING,STEERING GEAR FAILURE,19890927,19900920,358,,closed_no_recall,,,car_or_light_truck
EA90001,EA,"General Motors, LLC",CHEVROLET; PONTIAC,CAMARO; FIREBIRD,1984-1987,SEAT BELTS:FRONT:BUCKLE ASSEMBLY,SAFETY BUCKLE BREAKAGE,19891003,19900710,280,90V105000,recall,EA90033,91V143000,car_or_light_truck
EA90002,EA,"BMW of North America, LLC",BMW,325; 325E; 325I; 524; 524TD; 528,1985-1987,"SERVICE BRAKES, HYDRAULIC",MSTR CYL FAILS TO RELEASE,19891012,19901030,383,,closed_no_recall,,,car_or_light_truck
EA90004,EA,"Jaguar Cars, Ltd.",JAGUAR,XJ6,1988-1989,"SERVICE BRAKES, HYDRAULIC",ANTI-LOCK BRAKES FAIL,19891023,19900628,248,90V023000; 90V024000,recall,,,car_or_light_truck
EA90005,EA,Ford Motor Company,FORD,TAURUS; THUNDERBIRD,1987-1988,SEATS,POWER SEAT MALFUNC/FIRE,19891031,19910312,497,91V036000,recall,,,car_or_light_truck
EA90006,EA,Ford Motor Company,FORD,TAURUS,1986-1987,SEAT BELTS,SAFETY BELT FAILURE,19891031,19910228,485,,closed_no_recall,,,car_or_light_truck
EA90007,EA,"General Motors, LLC",CHEVROLET,BERETTA,1988-1988,SUSPENSION,LOSS OF STEERING,19891115,19901029,348,,upgraded_to_EA,EA91005,,car_or_light_truck
EA90008,EA,Ford Motor Company,FORD; MERCURY,ESCORT; LYNX; TEMPO; TOPAZ,1987-1990,SEAT BELTS,FAILED PASSIVE RESTRAINT,19891227,19911231,734,,closed_no_recall,,,car_or_light_truck
EA90009,EA,Ford Motor Company,FORD; MERCURY,COUGAR; THUNDERBIRD,1988-1989,VEHICLE SPEED CONTROL:LINKAGES,THROTTLE STICKING,19900208,19910228,385,,upgraded_to_EA,EA91031,91V146000,car_or_light_truck
EA90011,EA,"Chrysler (FCA US, LLC)",DODGE; PLYMOUTH,CARAVAN; VOYAGER,1984-1989,EXTERIOR LIGHTING,UNDERDASH FIRES,19900223,19910228,370,,closed_no_recall,,,car_or_light_truck
EA90012,EA,"General Motors, LLC",CHEVROLET; PONTIAC,CAMARO; FIREBIRD,1984-1988,POWER TRAIN,REAR AXLE SHAFT FAILURE,19900228,19910424,420,,closed_no_recall,,,car_or_light_truck
EA90014,EA,"General Motors, LLC",CHEVROLET,LUMINA,1990-1990,SEAT BELTS,SAFETY BELT CUT BY D-RING,19900312,19910220,345,91V005000,recall,,,car_or_light_truck
EA90015,EA,"General Motors, LLC",CHEVROLET,C SERIES; K SERIES,1984-1986,VEHICLE SPEED CONTROL:LINKAGES,FUEL TANK CORROSION,19900320,19920224,706,,upgraded_to_EA,EA92005,,car_or_light_truck
EA90016,EA,Ford Motor Company,FORD,RANGER,1986-1986,STEERING,GEAR SHIFT LEVER FAILS,19900323,19901023,214,,upgraded_to_EA,EA91014,91V126000,car_or_light_truck
EA90017,EA,"General Motors, LLC",BUICK; OLDSMOBILE; PONTIAC,88; BONNEVILLE; LESABRE,1986-1988,"SERVICE BRAKES, HYDRAULIC",BRAKE FAILURE,19900326,19910422,392,,upgraded_to_EA,EA91028,,car_or_light_truck
EA90019,EA,"General Motors, LLC",CHEVROLET; GMC,B6; B6P042,1986-1990,"SERVICE BRAKES, HYDRAULIC",PARK BRAKE DRUM LOOSE,19900329,19910222,330,91V032000,recall,EA91028,,car_or_light_truck
EA90021,EA,HYDRO FLAME CORP.; Hyundai Motor America,HYDRO FLAME; HYUNDAI,EXCEL; HYDRO FLAME,1978-1989,SUSPENSION,FRNT SUSPENSION VIBRATES,19900402,19910430,393,91E021000,recall,,,car_or_light_truck
EA90023,EA,"General Motors, LLC",CHEVROLET; GMC,ASTRO; M65; M90; SAFARI,1987-1988,STEERING,POWER STEERING FAILURE,19900416,19910430,379,,upgraded_to_EA,EA91023,91V083000,car_or_light_truck
EA90024,EA,"Chrysler (FCA US, LLC)",JEEP,CHEROKEE; WAGONEER,1989-1990,"SERVICE BRAKES, HYDRAULIC",FAILED ANTILOCK BRAKES,19900426,19910114,263,91V003000,recall,EA91029,92V017000,car_or_light_truck
EA90025,EA,Ford Motor Company,FORD,MUSTANG,1979-1983,STRUCTURE,FLOOR PAN FRACTURE,19900502,19910410,343,,upgraded_to_EA,EA91021,91V147000,car_or_light_truck
EA90026,EA,"General Motors, LLC",CHEVROLET,BERETTA; CORSICA,1987-1988,STRUCTURE,HOOD LATCH FAILURE,19900511,19910828,474,91V135000,recall,EA91046,,car_or_light_truck
EA90028,EA,Toyota Motor Corporation,TOYOTA,CAMRY,1987-1990,SEAT BELTS,PASSIVE SAFETY BELT FAILS,19900529,19920228,640,92V025000,recall,,,car_or_light_truck
EA90031,EA,Ford Motor Company,FORD,SCHOOL BUS,1985-1990,ENGINE AND ENGINE COOLING,ENGINE COMPARTMENT FIRES,19900628,19911031,490,,closed_no_recall,,,car_or_light_truck
EA90033,EA,"General Motors, LLC",CHEVROLET,CORVETTE,1985-1987,SEAT BELTS:FRONT:RETRACTOR,SAFETY BELT RETRACTOR FAIL,19900611,19910909,455,91V143000,recall,EA91045,,car_or_light_truck
EA90034,EA,Ford Motor Company,FORD; MERCURY,COUGAR; THUNDERBIRD,1989-1990,STRUCTURE,HOOD LATCHES FAIL,19900626,19920225,609,,closed_no_recall,,,car_or_light_truck
EA90036,EA,Ford Motor Company,FORD,B600; B700; F600; F700; F800; L8000,1989-1990,"SERVICE BRAKES, HYDRAULIC",BRAKE CHAMBER FAILURE,19900706,19910706,365,,upgraded_to_EA,EA91040,,car_or_light_truck
EA90040,EA,"Mercedes-Benz USA, LLC",MERCEDES BENZ,190,1984-1987,PARKING BRAKE,PARKING BRAKE LEVERS,19900829,19910830,366,91V137000,recall,,,car_or_light_truck
EA90041,EA,"General Motors, LLC",BUICK; CADILLAC; CHEVROLET; OLDSMOBILE; PONTIAC,BERETTA; CALAIS; CAVALIER; CIMARRON; CORSICA; CUTLASS,1987-1988,"SERVICE BRAKES, HYDRAULIC",BRAKE PERFORMANCE,19900829,19920330,579,,upgraded_to_EA,EA92020,93V119000,car_or_light_truck
EA90042,EA,Ford Motor Company,FORD; MERCURY,AEROSTAR; BRONCO II; RANGER; SABLE; TAURUS; TEMPO,1986-1989,VEHICLE SPEED CONTROL:LINKAGES,THROTTLE STICKING,19900831,19911231,487,,upgraded_to_EA,EA92012,92V117000,car_or_light_truck
EA90045,EA,Ford Motor Company,FORD; LINCOLN; MERCURY,CONTINENTAL; SABLE; TAURUS,1985-1990,"SERVICE BRAKES, HYDRAULIC",BRAKE DISC HUB SEPARATIONS,19900928,19910912,349,91V134001; 91V134002,recall,EA91040,,car_or_light_truck
EA91002,EA,Toyota Motor Corporation,TOYOTA,LAND CRUISER,1981-1990,VEHICLE SPEED CONTROL:LINKAGES,FUEL TANK LEAKS,19901012,19910830,322,91V110000,recall,,,car_or_light_truck
EA91003,EA,Ford Motor Company,FORD,MUSTANG,1984-1985,SEAT BELTS,SAFETY BELT TONGUE BREAKS,19901029,19920430,549,92V063000,recall,,,car_or_light_truck
EA91005,EA,"General Motors, LLC; Winnebago Industries, Inc.",BUICK; CHEVROLET; OLDSMOBILE; PONTIAC; WINNEBAGO,CENTAURI; CUTLASS; GRAND AM; LESHARO; LUMINA; PHASAR,1983-1988,SUSPENSION,REAR WHEEL BEARINGS FAIL,19901031,19911231,426,,upgraded_to_EA,EA92019,92V129000,car_or_light_truck
EA91010,EA,"Chrysler (FCA US, LLC)",CHRYSLER; DODGE; PLYMOUTH,400; 600; ARIES; CARAVAN; CARAVELLE; E CLASS,1981-1990,POWER TRAIN,TRANS PARK SYSTEM FAILURE,19901210,19911231,386,,upgraded_to_EA,EA92004,93V033000; 93V033001,car_or_light_truck
EA91011,EA,Ford Motor Company,FORD,TAURUS,1989-1990,SEAT BELTS:FRONT:BUCKLE ASSEMBLY,SEAT BELT BUCKLE FAILURE,19901218,19920813,604,92V113000,recall,,,car_or_light_truck
EA91013,EA,Honda (American Honda Motor Co.),HONDA,ACCORD,1990-1990,STRUCTURE,DOOR LOCK ACTUATOR FAILURE,19910123,19911205,316,,closed_no_recall,,,car_or_light_truck
EA91014,EA,Ford Motor Company,FORD,B600; B700; F600; F700; F800,1988-1990,STEERING,STEERING LOCKUP,19910131,19910827,208,91V126000,recall,,,car_or_light_truck
EA91015,EA,Ford Motor Company,FORD,AEROSTAR,1985-1990,STRUCTURE,LIFTGATE FAILURE,19910201,19910920,231,91V136000,recall,EA91042,92V065000,car_or_light_truck
EA91016,EA,"Volkswagen Group of America, Inc.",VOLKSWAGEN,CABRIOLET,1987-1989,VEHICLE SPEED CONTROL:LINKAGES,GAS TANK LEAKS,19910228,19911127,272,91V201000,recall,,,car_or_light_truck
EA91018,EA,Honda (American Honda Motor Co.),HONDA,ACCORD,1990-1990,STRUCTURE,TRUNK LID FAILURE,19910318,19911031,227,,closed_no_recall,,,car_or_light_truck
EA91019,EA,"General Motors, LLC",CADILLAC,DEVILLE,1990-1991,ENGINE AND ENGINE COOLING,ENGINE COMPARTMENT FIRES,19910322,19920325,369,,closed_no_recall,,,car_or_light_truck
EA91021,EA,Ford Motor Company,LINCOLN,TOWN CAR,1990-1991,STRUCTURE,HOOD LATCH FAILURE,19910329,19920316,353,91V147000,recall,,,car_or_light_truck
EA91023,EA,"General Motors, LLC",CHEVROLET,BERETTA; CORSICA,1991-1991,STEERING,STEERING WHEEL SEPARATION,19910410,19910605,56,91V083000,recall,,,car_or_light_truck
EA91024,EA,Hyundai Motor America,HYUNDAI,EXCEL,1986-1989,ENGINE AND ENGINE COOLING,ENGINE COMPARTMENT FIRES,19910503,19920107,249,91V225000,recall,,,car_or_light_truck
EA91026,EA,"Volkswagen Group of America, Inc.",VOLKSWAGEN,VANAGON,1985-1991,STRUCTURE,SLIDING DOOR LATCH FAILURE,19910604,19920127,237,,closed_no_recall,,,car_or_light_truck
EA91027,EA,Toyota Motor Corporation,TOYOTA,CAMRY,1990-1990,ENGINE AND ENGINE COOLING,ENGINE COMPARTMENT FIRES,19910606,19920529,358,,closed_no_recall,,,car_or_light_truck
EA91028,EA,"General Motors, LLC",CHEVROLET; GMC,ASTRO; BLAZER; SAFARI,1990-1991,"SERVICE BRAKES, HYDRAULIC",BRAKE FAILURE,19910610,19920630,386,,upgraded_to_EA,EA92020,93V119000,car_or_light_truck
EA91029,EA,"Chrysler (FCA US, LLC)",CHRYSLER; DODGE,DAYTONA; LEBARON,1989-1989,"SERVICE BRAKES, HYDRAULIC",DISC BRAKE LINING SPLIT,19910618,19920227,254,92V017000,recall,,,car_or_light_truck
EA91031,EA,Ford Motor Company,FORD,E-150; E-250; E-350; E150; E250; E350,1989-1991,VEHICLE SPEED CONTROL:LINKAGES,FUEL EXPULSION,19910626,19911101,128,91V146000,recall,EA92012,92V117000,car_or_light_truck
EA91033,EA,Isuzu Motors Limited,ISUZU,TROOPER,1984-1991,STRUCTURE,REAR DOOR HINGE SEPARATION,19910715,19920728,379,92V093000,recall,,,car_or_light_truck
EA91034,EA,Ford Motor Company,FORD,EXPLORER,1991-1991,VEHICLE SPEED CONTROL:LINKAGES,THROTTLE RELEASE FAILURE,19910717,19920410,268,,upgraded_to_EA,EA92012,92V117000,car_or_light_truck
EA91037,EA,"Subaru of America, Inc.",SUBARU,XT6,1988-1990,STEERING,POWER STEERING FAILURE,19910829,19911122,85,91V193000,recall,,,car_or_light_truck
EA91038,EA,"General Motors, LLC",GMC,C SERIES; K SERIES,1988-1990,EXTERIOR LIGHTING,BRAKE LIGHT SWITCH FAILURE,19910830,19920529,273,,closed_no_recall,,,car_or_light_truck
EA91039,EA,Hyundai Motor America,HYUNDAI,EXCEL,1986-1991,POWER TRAIN,TRANSMISSION LOCK-UP,19910924,19921013,385,,upgraded_to_EA,EA92032,,car_or_light_truck
EA91040,EA,Ford Motor Company,FORD,EXPLORER,1991-1991,"SERVICE BRAKES, HYDRAULIC",VACUUM BOOSTR VALVE FAILS,19911003,19920817,319,,closed_no_recall,,,car_or_light_truck
EA91042,EA,Ford Motor Company,FORD; MERCURY,SABLE; TAURUS,1986-1991,STRUCTURE,STORAGE COMPAR SUFFOCATION,19911028,19920521,206,92V065000,recall,,,car_or_light_truck
EA91043,EA,"Chrysler (FCA US, LLC)",DODGE; PLYMOUTH,SHADOW; SUNDANCE,1988-1989,SEAT BELTS,AUTO SHOULDER BELT FAILURE,19911030,19920420,173,92V053000,recall,,,car_or_light_truck
EA91044,EA,Ford Motor Company,FORD,E-150; E-250; E-350; E150; E250; E350,1988-1991,"SERVICE BRAKES, HYDRAULIC",LOSS OF BRAKE EFFECTIVENES,19911030,19921030,366,92V026000,recall,,,car_or_light_truck
EA91045,EA,"General Motors, LLC",BUICK; OLDSMOBILE; PONTIAC,CALAIS; GRAND AM; SKYLARK; SOMERSET,1985-1987,SEAT BELTS,SEAT BELT SEPARATION,19911107,19921026,354,,closed_no_recall,,,car_or_light_truck
EA91046,EA,"General Motors, LLC",GMC,RTS II TRAN BUS,1978-1979,STRUCTURE,REAR DOOR FAILURE,19911114,19921021,342,,upgraded_to_EA,EA93006,93V189000; 93V189001,car_or_light_truck
EA91048,EA,Hyundai Motor America,HYUNDAI,EXCEL,1987-1989,SEAT BELTS,AUTO SHOULDER BELT FAILURE,19911119,19921026,342,,closed_no_recall,,,car_or_light_truck
EA91051,EA,"General Motors, LLC",PONTIAC,GRAND PRIX,1988-1989,EXTERIOR LIGHTING,BRAKE LIGHT SWITCH FAILURE,19911126,19920630,217,92V086000,recall,,,car_or_light_truck
EA91052,EA,Ford Motor Company,FORD,TEMPO; TOPAZ,1985-1989,SEAT BELTS,SEAT BELT SEPARATION,19911127,19921124,363,,closed_no_recall,,,car_or_light_truck
EA91054,EA,"Volkswagen Group of America, Inc.",VOLKSWAGEN,CABRIOLET; FOX; GOLF; JETTA; QUANTUM,1985-1990,VISIBILITY:DEFROSTER/DEFOGGER/HVAC SYSTEM,HEATER CORE FAILURE,19911209,19920612,186,92V050000,recall,,,car_or_light_truck
EA91055,EA,"General Motors, LLC",BUICK; OLDSMOBILE; PONTIAC,CUTLASS SUPREME; GRAND AM; REGAL,1988-1989,STRUCTURE,W-CAR HINGE PIN FAILURE,19911205,19920817,256,,closed_no_recall,,,car_or_light_truck
EA92001,EA,"General Motors, LLC",GEO,TRACKER,1989-1991,VEHICLE SPEED CONTROL:LINKAGES,EXHAUST LEAK/FIRES,19920114,19921120,311,,upgraded_to_EA,EA92035,,car_or_light_truck
EA92002,EA,Ford Motor Company,FORD,CROWN VICTORIA,1990-1991,"SERVICE BRAKES, HYDRAULIC",BRAKE LINE PUNCTURES,19920115,19920521,127,92V075000,recall,,,car_or_light_truck
EA92003,EA,"General Motors, LLC",CHEVROLET,BERETTA; CORSICA,1988-1989,STRUCTURE,HINGE PIN FAILURE,19920117,19920909,236,,upgraded_to_EA,EA93006,93V189000; 93V189001,car_or_light_truck
EA92004,EA,"Chrysler (FCA US, LLC); Mitsubishi Motors North America, Inc.",DODGE; MITSUBISHI,3000GT; STEALTH,1991-1991,POWER TRAIN,TRANSFER CASE LOCKUP,19920123,19930326,428,93V033000; 93V033001,recall,,,car_or_light_truck
EA92005,EA,"General Motors, LLC",CHEVROLET; PONTIAC,CAMARO; CORVETTE; FIREBIRD,1985-1988,VEHICLE SPEED CONTROL:LINKAGES,THROTTLE STICKING,19920130,19930129,365,,upgraded_to_EA,EA93005,94V077000,car_or_light_truck
EA92008,EA,Mazda Motor Corp.,MAZDA,MPV,1990-1991,"SERVICE BRAKES, AIR:ANTILOCK",INCONSIST.BRK PERFORMANCE,19920203,19920316,42,92V027000,recall,,,car_or_light_truck
EA92009,EA,"General Motors, LLC",GMC,GMC,1987-1990,POWER TRAIN,TRANS FLUID LEAK/FIRES,19920212,19930225,379,93V016000,recall,,,car_or_light_truck
EA92011,EA,Toyota Motor Corporation,TOYOTA,4RUNNER,1990-1991,"SERVICE BRAKES, HYDRAULIC",LOSS OF BRK EFFECTIVENESS,19920324,19930121,303,,closed_no_recall,,,car_or_light_truck
EA92012,EA,Ford Motor Company,FORD,ESCORT,1991-1991,VEHICLE SPEED CONTROL:LINKAGES,FUEL TANK LEAKAGE,19920415,19920917,155,92V117000,recall,EA93001,93V125000,car_or_light_truck
EA92013,EA,Toyota Motor Corporation,TOYOTA,CAMRY,1987-1991,STRUCTURE,STUCK POWER DOOR LOCKS,19920508,19930512,369,92V135000,recall,,,car_or_light_truck
EA92014,EA,"Chrysler (FCA US, LLC)",JEEP,WRANGLER,1987-1990,VEHICLE SPEED CONTROL:LINKAGES,FUEL TANK/EXHAUST INTERFER,19920522,19930528,371,,closed_no_recall,,,car_or_light_truck
EA92015,EA,"General Motors, LLC",CHEVROLET; GMC,BLAZER; JIMMY; S10,1989-1991,VEHICLE SPEED CONTROL:LINKAGES,HIGH IDLE FLARE,19920522,19930528,371,,upgraded_to_EA,EA93011,,car_or_light_truck
EA92016,EA,"Volkswagen Group of America, Inc.",AUDI,4000; COUPE; QUATTRO,1985-1987,VEHICLE SPEED CONTROL:LINKAGES,FUEL TANK LEAKAGE,19920529,19930630,397,,closed_no_recall,,,car_or_light_truck
EA92017,EA,"BMW of North America, LLC",BMW,318; 325; 524; 528; 535; 635,1984-1992,VISIBILITY:DEFROSTER/DEFOGGER/HVAC SYSTEM,HEATER CORE FAILURE,19920602,19930330,301,93V015000,recall,,,car_or_light_truck
EA92018,EA,"Isuzu Motors Limited; Nissan North America, Inc.",ISUZU; NISSAN,300ZX; PICKUP TRUCK; TROOPER,1984-1991,VISIBILITY:DEFROSTER/DEFOGGER/HVAC SYSTEM,HEATER CORE FAILURE,19920602,19930402,304,,closed_no_recall,,,car_or_light_truck
EA92019,EA,"General Motors, LLC",GMC,P-30 2-TON VAN W/6.2L ENG; P3,1985-1990,SUSPENSION,P30 CHASS.ROAD WHL FAILURE,19920529,19920924,118,92V129000,recall,,,car_or_light_truck
EA92020,EA,"General Motors, LLC",CHEVROLET; GMC,K1; K15; K2; SPORT VAN,1988-1992,"SERVICE BRAKES, HYDRAULIC",BRAKE DISC/HUB SEPARATION,19920612,19930802,416,93V119000,recall,,,car_or_light_truck
EA92022,EA,"General Motors, LLC",CHEVROLET; GMC,ASTRO; SAFARI; SUBURBAN,1985-1991,SEATS,SEAT BACK BOLT BREAKAGE,19920624,19931119,513,93V187000,recall,,,car_or_light_truck
EA92024,EA,"General Motors, LLC",BUICK; CHEVROLET; OLDSMOBILE; PONTIAC,6000; BERETTA; CAVALIER; CENTURY; CORSICA; CUTLASS,1987-1991,VEHICLE SPEED CONTROL:LINKAGES,STICKING THROTTLE,19920626,19940131,584,,closed_no_recall,,,car_or_light_truck
EA92025,EA,"General Motors, LLC",CHEVROLET,BERETTA; CORSICA,1987-1990,SEAT BELTS,FR.SEAT BELT BUCKLE FAILS,19920716,19930708,357,,closed_no_recall,,,car_or_light_truck
EA92028,EA,"Volkswagen Group of America, Inc.",AUDI,4000; 5000,1985-1991,POWER TRAIN,TRANSMISSION FAILURES,19920803,19930209,190,93V006000,recall,,,car_or_light_truck
EA92029,EA,Ford Motor Company,FORD,BRONCO; F-150; F150,1990-1991,SEATS,FRONT SEAT BACK FAILURE,19920827,19931029,428,,closed_no_recall,,,car_or_light_truck
EA92031,EA,Mazda Motor Corp.; Mazda North American Operations,MAZDA,626; 929,1988-1991,STRUCTURE,INADVERTENT DOOR OPENING,19920925,19931130,431,93V174000,recall,,,car_or_light_truck
EA92032,EA,Hyundai Motor America,HYUNDAI,EXCEL,1990-1992,POWER TRAIN,TRANSMISSION MALFUNCTION,19921013,19931029,381,,closed_no_recall,,,car_or_light_truck
EA92033,EA,"Chrysler (FCA US, LLC)",CHRYSLER; DODGE; PLYMOUTH,CARAVAN; TOWN AND COUNTRY; VOYAGER,1992-1992,VISIBILITY,REAR WINDOW SHATTERING,19921009,19930429,202,,closed_no_recall,,,car_or_light_truck
EA92034,EA,"Chrysler (FCA US, LLC)",DODGE; PLYMOUTH,COLT,1985-1988,ENGINE AND ENGINE COOLING,ENGINE COMPARTMENT FIRES,19921022,19931029,372,,closed_no_recall,,,car_or_light_truck
EA92035,EA,"General Motors, LLC",CHEVROLET; OLDSMOBILE; PONTIAC,LUMINA APV; SILHOUETTE; TRANS SPORT,1990-1992,VEHICLE SPEED CONTROL:LINKAGES,APV FUEL LINE FIRES,19921030,19931130,396,,closed_no_recall,,,car_or_light_truck
EA92040,EA,Ford Motor Company,FORD; LINCOLN; MERCURY,CONTINENTAL; SABLE; TAURUS,1986-1992,STRUCTURE,SUB-FRM/UNIBODY ABSOR.FAIL,19921130,19930630,212,93V106001; 93V106002,recall,,,car_or_light_truck
EA92041,EA,"General Motors, LLC",CHEVROLET; GMC,C10; C1500; C20; C2500; C30; C3500,1970-1991,"FUEL SYSTEM, GASOLINE:STORAGE:TANK ASSEMBLY",FUEL SYSTEM INTEGRITY,19921208,19950309,821,,closed_no_recall,,,car_or_light_truck
EA92044,EA,Toyota Motor Corporation,TOYOTA,CAMRY; CELICA,1987-1989,VEHICLE SPEED CONTROL:LINKAGES,THROTTLE STICKING,19921218,19940131,409,,closed_no_recall,,,car_or_light_truck
EA92045,EA,"Chrysler (FCA US, LLC)",DODGE,D150; D250; RAM 1500; RAM 2500,1990-1992,"SERVICE BRAKES, HYDRAULIC",MASTER CYLINDER FAILURE,19921229,19931109,315,,closed_no_recall,,,car_or_light_truck
EA93001,EA,Ford Motor Company,FORD,BRONCO; F SUPER DUTY; F-150; F-250; F-350; F150,1990-1992,VEHICLE SPEED CONTROL:LINKAGES,FUEL EXPULSION,19930107,19930820,225,93V125000,recall,EA93026,94V040000,car_or_light_truck
EA93003,EA,Ford Motor Company,FORD,EXPLORER,1991-1991,VEHICLE SPEED CONTROL:LINKAGES,THROTTLE STICKING,19930115,19940106,356,,upgraded_to_EA,EA93033,,car_or_light_truck
EA93004,EA,Ford Motor Company,FORD,EXPLORER,1992-1992,POWER TRAIN,AUTO TRANS PRNDL MISALIGN,19930129,19940729,546,,closed_no_recall,,,car_or_light_truck
EA93005,EA,"General Motors, LLC",CHEVROLET; PONTIAC,CAMARO; FIREBIRD,1991-1991,VEHICLE SPEED CONTROL:LINKAGES,FUEL LEAKS,19930129,19940426,452,94V077000,recall,,,car_or_light_truck
EA93006,EA,"General Motors, LLC; Suzuki Motor USA, LLC",GEO; SUZUKI,METRO; SWIFT,1989-1992,STRUCTURE,HOOD FLY-UPS,19930226,19931126,273,93V189000; 93V189001,recall,,,car_or_light_truck
EA93007,EA,Ford Motor Company,FORD,ESCORT,1991-1991,STEERING,INADVERT. STEERING LOCKUP,19930226,19930426,59,93V057000,recall,,,car_or_light_truck
EA93008,EA,"Volkswagen Group of America, Inc.",VOLKSWAGEN,GOLF; JETTA,1990-1991,STRUCTURE,DETACHMENT OF BUMPER COVER,19930303,19930917,198,,closed_no_recall,,,car_or_light_truck
EA93009,EA,"Chrysler (FCA US, LLC)",DODGE; PLYMOUTH,SHADOW; SUNDANCE,1990-1990,STEERING,STEERING WHEEL SEPARATION,19930421,19940722,457,,closed_no_recall,,,car_or_light_truck
EA93010,EA,Toyota Motor Corporation,TOYOTA,CAMRY; PREVIA,1987-1991,VISIBILITY:DEFROSTER/DEFOGGER/HVAC SYSTEM,UNDER DASH FIRES,19930426,19930929,156,93V147000,recall,,,car_or_light_truck
EA93011,EA,"General Motors, LLC",BUICK; CADILLAC; OLDSMOBILE; PONTIAC,88; 98; BONNEVILLE; DEVILLE; FLEETWOOD; LESABRE,1991-1992,VEHICLE SPEED CONTROL:LINKAGES,FUEL LINE FAILURE,19930503,19940531,393,,closed_no_recall,,,car_or_light_truck
EA93012,EA,"General Motors, LLC",CHEVROLET,CAPRICE,1989-1990,VEHICLE SPEED CONTROL:LINKAGES,THROTTLE STICKING/BINDING,19930512,19940630,414,,closed_no_recall,,,car_or_light_truck
EA93014,EA,Ford Motor Company,FORD,E-250; E-350; E250; E350; F-250; F-350,1987-1991,ELECTRICAL SYSTEM,ALTERNATOR BELT FAILURE,19930604,19940729,420,,upgraded_to_EA,EA94020,,car_or_light_truck
EA93015,EA,Isuzu Motors Limited,ISUZU,TROOPER II,1986-1986,SEAT BELTS:FRONT:RETRACTOR,SEAT BELT RETRACTORS FAIL,19930608,19940531,357,,closed_no_recall,,,car_or_light_truck
EA93016,EA,"General Motors, LLC",SATURN,SC; SL,1991-1992,SEATS:FRONT ASSEMBLY:RECLINER,FR SEATBACK RECLINER FAILS,19930608,19940726,413,,closed_no_recall,,,car_or_light_truck
EA93017,EA,"Mitsubishi Motors North America, Inc.",MITSUBISHI,MIRAGE,1985-1988,VEHICLE SPEED CONTROL:LINKAGES,ENGINE COMPARTMENT FIRES,19930623,19931130,160,,closed_no_recall,,,car_or_light_truck
EA93018,EA,"General Motors, LLC",BUICK; PONTIAC,BONNEVILLE; LESABRE; REGAL,1993-1993,VEHICLE SPEED CONTROL:LINKAGES,FUEL LEAKS,19930713,19940624,346,,closed_no_recall,,,car_or_light_truck
EA93019,EA,Ford Motor Company,FORD,MUSTANG,1992-1992,VISIBILITY,WINDSHIELD WIPER FAILURE,19930721,19940208,202,,closed_no_recall,,,car_or_light_truck
EA93020,EA,Ford Motor Company; Mazda North American Operations,FORD; MAZDA,BRONCO; E-150; E-250; E-350; F-150; F-250,1992-1993,"SERVICE BRAKES, HYDRAULIC",PARKING BRAKE FAILURE,19930728,19940923,422,94V169001; 94V169002,recall,,,car_or_light_truck
EA93021,EA,"General Motors, LLC",CHEVROLET,SCHOOL BUSES,1984-1991,STEERING,STEER BOX PITMAN SHAFT FLS,19930730,19940831,397,,closed_no_recall,,,car_or_light_truck
EA93022,EA,Ford Motor Company,FORD; LINCOLN; MERCURY,BRONCO; CONTINENTAL; ECONOLINE; F-150; F-250; F-350,1991-1992,ENGINE AND ENGINE COOLING,IDLE AIR SPD CTRL VLV MALF,19930730,19940831,397,,closed_no_recall,,,car_or_light_truck
EA93023,EA,"General Motors, LLC",CHEVROLET; GMC,P30; P300,1990-1990,PARKING BRAKE,PARKING BRAKE SYSTEM,19930930,19940929,364,94V183000,recall,,,car_or_light_truck
EA93024,EA,"Nissan North America, Inc.",NISSAN,MAXIMA,1992-1993,AIR BAGS,INADVER.AIR BAG DEPLOYMENT,19931008,19940125,109,94V007000,recall,,,car_or_light_truck
EA93025,EA,"Chrysler (FCA US, LLC)",JEEP,CHEROKEE; WRANGLER,1989-1993,POWER TRAIN,DRIVESHAFT/UNIV.JOINT FAIL,19931029,19941125,392,,closed_no_recall,,,car_or_light_truck
EA93026,EA,Ford Motor Company,FORD,F SUPER DUTY; F250,1990-1990,VEHICLE SPEED CONTROL:LINKAGES,FUEL LINE ROUTING,19931029,19940228,122,94V040000,recall,,,car_or_light_truck
EA93031,EA,"Chrysler (FCA US, LLC)",JEEP,WRANGLER,1987-1992,VEHICLE SPEED CONTROL:LINKAGES,SENDING UNIT GASKET FAILS,19931215,19940617,184,94V106000,recall,EA94016,,car_or_light_truck
EA93032,EA,Toyota Motor Corporation,TOYOTA,CAMRY,1990-1993,ELECTRICAL SYSTEM,ALLEGED BATTERY EXPLOSIONS,19931227,19941130,338,,closed_no_recall,,,car_or_light_truck
EA93033,EA,Ford Motor Company,FORD; MERCURY,COUGAR; THUNDERBIRD,1989-1991,VEHICLE SPEED CONTROL:LINKAGES,THRTTL VLV LINKAGE BUSHING,19931230,19941230,365,,upgraded_to_EA,EA95011,,car_or_light_truck
EA94002,EA,Ford Motor Company,FORD; MERCURY,ESCORT; TRACER,1991-1993,VEHICLE SPEED CONTROL:LINKAGES,FUEL PUMP WIRING SHORTAGE,19940128,19950131,368,,upgraded_to_EA,EA95011,,car_or_light_truck
EA94003,EA,"Chrysler (FCA US, LLC)",JEEP,GRAND CHEROKEE,1993-1993,VEHICLE SPEED CONTROL:LINKAGES,FUEL TANK LEAKAGE,19940131,19950118,352,,closed_no_recall,,,car_or_light_truck
EA94004,EA,"General Motors, LLC",PONTIAC,LEMANS,1990-1993,SEAT BELTS,AUTO RESTRAINT SYSTEM FAIL,19940131,19950119,353,94V248000,recall,EA95014,95V103007,car_or_light_truck
EA94005,EA,"Chrysler (FCA US, LLC)",CHRYSLER; DODGE; PLYMOUTH,CARAVAN; GRAND CARAVAN; GRAND VOYAGER; MINI RAM VAN; ROYAL MINI RAM VAN; TOWN AND COUNTRY,1984-1994,STRUCTURE,LIFTGATE LATCHES,19940131,19951025,632,,upgraded_to_EA,EA96001,,car_or_light_truck
EA94008,EA,Ford Motor Company,FORD; LINCOLN; MERCURY,CONTINENTAL; SABLE; TAURUS,1987-1993,STEERING,BROKEN TIE RODS,19940216,19950227,376,,closed_no_recall,,,car_or_light_truck
EA94010,EA,"General Motors, LLC",BUICK; OLDSMOBILE,RIVIERA; TORONADO,1990-1993,SEAT BELTS:FRONT:RETRACTOR,SEAT BELT RETRACTOR FAILS,19940228,19950616,473,95V110000,recall,EA95031,,car_or_light_truck
EA94011,EA,"SAAB CARS USA, INC.",SAAB,900,1990-1990,VEHICLE SPEED CONTROL:LINKAGES,FUEL PUMP FAILS/TANK LEAKS,19940228,19950228,365,,closed_no_recall,,,car_or_light_truck
EA94015,EA,"Volvo Car USA, LLC",VOLVO,240; 700; 740; 760; 780; 940,1990-1993,AIR BAGS,INADVERT. AIR BAG DEPLOYS,19940420,19941012,175,94V185000,recall,,,car_or_light_truck
EA94016,EA,"Chrysler (FCA US, LLC)",JEEP,GRAND CHEROKEE,1993-1994,VEHICLE SPEED CONTROL:LINKAGES,QCK-CONNECT FUEL LINE FAIL,19940526,19950526,365,,upgraded_to_EA,EA95028,,car_or_light_truck
EA94018,EA,"Nissan North America, Inc.",NISSAN,300ZX; MAXIMA,1984-1989,"FUEL SYSTEM, GASOLINE:FUEL INJECTION SYSTEM",FUEL INJECTOR ASSEMBLY LEAKAGE,19940623,19951108,503,95I006000,recall,,,car_or_light_truck
EA94019,EA,"Chrysler (FCA US, LLC)",DODGE,RAM; RAM PICKUP,1994-1994,SEAT BELTS:FRONT:BUCKLE ASSEMBLY,SEAT BELT BUCKLE FAILURE,19940629,19950130,215,95V005000,recall,,,car_or_light_truck
EA94020,EA,Ford Motor Company,FORD,CROWN VICTORIA,1993-1993,ELECTRICAL SYSTEM,GROUNDING STRAP ROUTING,19940629,19941121,145,,upgraded_to_EA,EA95002,96V071000,car_or_light_truck
EA94022,EA,Ford Motor Company,FORD,CROWN VICTORIA,1992-1993,STEERING,STEERING POWER ASSIST FAIL,19940630,19950302,245,,closed_no_recall,,,car_or_light_truck
EA94024,EA,"General Motors, LLC",OLDSMOBILE,88,1992-1992,POWER TRAIN,INADVERTENT SHIFT OF TRANS,19940630,19950630,365,,closed_no_recall,,,car_or_light_truck
EA94025,EA,Ford Motor Company,FORD,AEROSTAR,1987-1989,SEAT BELTS:FRONT:BUCKLE ASSEMBLY,SEAT BELT BUCKLE FAILURE,19940719,19970930,1169,,closed_no_recall,,,car_or_light_truck
EA94026,EA,"Volkswagen Group of America, Inc.",AUDI,100; 200; 80; 90,1989-1992,AIR BAGS,INADVER.AIR BAG DEPLOYMENT,19940719,19950728,374,97V172000,recall,,,car_or_light_truck
EA94028,EA,"Chrysler (FCA US, LLC)",CHRYSLER; DODGE; PLYMOUTH,CARAVAN; CARAVAN C/V; GRAND CARAVAN; GRAND VOYAGER; TOWN AND COUNTRY; VOYAGER,1991-1993,"SERVICE BRAKES, HYDRAULIC",ABS BRAKING SYSTEM FAILS,19940729,19960624,696,96V099000,recall,,,car_or_light_truck
EA94029,EA,"General Motors, LLC",CHEVROLET; GMC,BLAZER; C10; C15; C20; C25; C30,1989-1993,ENGINE AND ENGINE COOLING,ENGINE COMPARTMENT FIRES,19940729,19960731,733,,closed_no_recall,,,car_or_light_truck
EA94031,EA,"Chrysler (FCA US, LLC)",JEEP,WRANGLER,1987-1990,SEAT BELTS:FRONT:BUCKLE ASSEMBLY,SEAT BELT BUCKLE FAILURE,19940830,19970930,1127,,closed_no_recall,,,car_or_light_truck
EA94032,EA,Ford Motor Company,FORD,PROBE,1990-1991,SEAT BELTS,PASSIVE RESTRAINT FAILURES,19940908,19960930,753,96V172001; 96V172002,recall,,,car_or_light_truck
EA94033,EA,"General Motors, LLC",CHEVROLET,CAVALIER,1993-1994,ELECTRICAL SYSTEM:HORN,HORN PAD FALLS OFF,19940929,19960329,547,,closed_no_recall,,,car_or_light_truck
EA94035,EA,Honda (American Honda Motor Co.),ACURA; HONDA,ACCORD; CIVIC; INTEGRA; LEGEND,1986-1991,SEAT BELTS:FRONT:BUCKLE ASSEMBLY,SEAT BELT BUCKLE FAILURE,19941027,19950731,277,95V103001,recall,,,car_or_light_truck
EA94038,EA,"General Motors, LLC",CHEVROLET; GMC; OLDSMOBILE,BLAZER; BRAVADA; JIMMY; PICKUP; PICKUP TRUCK; S10,1991-1997,"SERVICE BRAKES, HYDRAULIC",ABS BRAKING SYSTEM,19941031,20000228,1946,99I006000; 99V193000,recall,EA00008,,car_or_light_truck
EA94039,EA,Mazda Motor Corp.; Mazda North American Operations,MAZDA,323; MX-3; MX3; PROTEGE,1990-1994,SEAT BELTS,AUTO RESTRAINT SYSTEM FAIL,19941130,19971126,1092,97V211000,recall,,,car_or_light_truck
EA94040,EA,"Chrysler (FCA US, LLC)",DODGE,INTREPID,1994-1994,STRUCTURE,TRUCK LID SUPPORT FAILURE,19941130,19960517,534,,upgraded_to_EA,EA96025,,car_or_light_truck
EA95002,EA,Ford Motor Company,FORD,ESCORT,1990-1990,ELECTRICAL SYSTEM,FIRES IN STEERING COLUMN,19950224,19960930,584,96V071000,recall,,,car_or_light_truck
EA95004,EA,"Mitsubishi Motors North America, Inc.",MITSUBISHI,3000GT; CORDIA; ECLIPSE; GALANT; MIRAGE; MONTERO,1986-1991,SEAT BELTS:FRONT:BUCKLE ASSEMBLY,TAKATA SEAT BELT BUCKLE FAILURE,19950310,19950801,144,95V103004,recall,,,car_or_light_truck
EA95005,EA,Mazda Motor Corp.; Mazda North American Operations,MAZDA,323; 323 WAGON; MPV; MX-6; MX6,1988-1991,SEAT BELTS:FRONT:BUCKLE ASSEMBLY,TAKATA SEAT BELT BUCKLE FAILURE,19950310,19950801,144,95V103005,recall,,,car_or_light_truck
EA95006,EA,"Suzuki Motor USA, LLC",SUZUKI,SAMURAI; SIDEKICK; SWIFT,1988-1991,SEAT BELTS:FRONT:BUCKLE ASSEMBLY,TAKATA SEAT BELT BUCKLE FAILURE,19950310,19950802,145,95V103008,recall,,,car_or_light_truck
EA95007,EA,"Nissan North America, Inc.",INFINITI; NISSAN,200SX; 240SX; D21; M30; PATHFINDER; Q45,1987-1991,SEAT BELTS:FRONT:BUCKLE ASSEMBLY,TAKATA SEAT BELT BUCKLE FAILURE,19950310,19950802,145,95V103002,recall,,,car_or_light_truck
EA95008,EA,"SCI; Subaru of America, Inc.; TRANSIT BUS INTERNATIONAL",SCI; SUBARU; TBII,ALT 506N; JUSTY; LOYALE; SUBARU; T80206,1987-9999,"FUEL SYSTEM, OTHER:STORAGE:TANK ASSEMBLY:PRESSURE RELIEF DEVICES",TAKATA SEAT BELT BUCKLE FAILURE,19950310,19950802,145,95V103006,recall,,,car_or_light_truck
EA95009,EA,Isuzu Motors Limited,ISUZU,AMIGO; IMPULSE; ISUZU; RODEO; STYLUS,1990-9999,SEAT BELTS:FRONT:BUCKLE ASSEMBLY,TAKATA SEAT BELT BUCKLE FAILURE,19950310,19950802,145,95V103009,recall,,,car_or_light_truck
EA95011,EA,Ford Motor Company,FORD; MERCURY,CROWN VICTORIA; GRAND MARQUIS,1992-1992,VEHICLE SPEED CONTROL:LINKAGES,UNDERCARRIAGE FUEL LINE INTERFERENCE,19950329,19970130,673,,closed_no_recall,,,car_or_light_truck
EA95012,EA,Ford Motor Company,FORD,E-250; E-350; F-250; F-350; F-450 SD,1992-1994,POWER TRAIN,FAILURE OF SERPENTINE BELT,19950331,19960528,424,96I003001; 96I003002,recall,,,car_or_light_truck
EA95013,EA,"BMW of North America, LLC",BMW,318; 325; 525; 535; 735; 750,1991-1993,AIR BAGS,AIR BAG WIRING FAILURE,19950331,19960715,472,96V110000,recall,,,car_or_light_truck
EA95014,EA,"General Motors, LLC",GEO,METRO; STORM; TRACKER,1989-1991,SEAT BELTS:FRONT:BUCKLE ASSEMBLY,SEAT BELT BUCKLES FAILURE,19950425,19950728,94,95V103007,recall,EA95031,,car_or_light_truck
EA95016,EA,"Chrysler (FCA US, LLC)",CHRYSLER; DODGE; EAGLE,DYNASTY; FIFTH AVENUE; IMPERIAL; MONACO; NEW YORKER; PREMIER,1990-1993,"SERVICE BRAKES, HYDRAULIC",ABS BRAKING MALFUNCTION,19950526,19960624,395,96V099000,recall,,,car_or_light_truck
EA95017,EA,"Chrysler (FCA US, LLC)",DODGE; PLYMOUTH,SHADOW; SUNDANCE,1991-1992,SEATS,SEAT BACK BOLT FAILURE,19950531,19970519,719,97V078000,recall,,,car_or_light_truck
EA95018,EA,Ford Motor Company; Mazda Motor Corp.; Mazda North American Operations,FORD; MAZDA,B-SERIES TRUCK; EXPLORER; NAVAJO; RANGER,1991-1994,"SERVICE BRAKES, HYDRAULIC",SEPARATION OF MASTER CYLINDER,19950619,19960402,288,96V024001; 96V024002,recall,EA96004,,car_or_light_truck
EA95020,EA,"SAAB CARS USA, INC.",SAAB,9000,1986-1991,ELECTRICAL SYSTEM,PASSENGER COMPARTMENT FIRE,19950630,19960731,397,,closed_no_recall,,,car_or_light_truck
EA95021,EA,Ford Motor Company,FORD; MERCURY,COUGAR; THUNDERBIRD,1987-1988,SEAT BELTS,FAULTY SEAT BELT BUCKLES,19950731,19970930,792,,closed_no_recall,,,car_or_light_truck
EA95022,EA,Ford Motor Company,MERCURY,MARQUIS,1992-1994,AIR BAGS:FRONTAL,PASSENGER AIR BAG MODULE DETACHMENT,19950831,19960724,328,,closed_no_recall,,,car_or_light_truck
EA95023,EA,"Chrysler (FCA US, LLC)",CHRYSLER; DODGE; EAGLE,CONCORDE; INTREPID; VISION,1993-1995,VISIBILITY:DEFROSTER/DEFOGGER/HVAC SYSTEM,WATER IN DEFROSTER SYSTEM,19950831,19961231,488,,closed_no_recall,,,car_or_light_truck
EA95024,EA,Honda (American Honda Motor Co.),ACURA; HONDA,LEGEND; PRELUDE,1992-1993,AIR BAGS,OVERSENSITIVE AIR BAG DEPLOYMENTS,19950831,19960830,365,,closed_no_recall,,,car_or_light_truck
EA95025,EA,"General Motors, LLC",CADILLAC,DEVILLE,1994-1995,UNKNOWN OR OTHER,DASH TRIM SEPARATION,19950831,19960930,396,,closed_no_recall,,,car_or_light_truck
EA95026,EA,"General Motors, LLC",CHEVROLET; GMC,SUBURBAN,1992-1997,"SERVICE BRAKES, HYDRAULIC",POOR BRAKE PERFORMANCE,19950920,20010920,2192,01I006000,recall,,,car_or_light_truck
EA95028,EA,"Chrysler (FCA US, LLC)",CHRYSLER; DODGE; EAGLE,CONCORDE; INTREPID; LHS; NEW YORKER; VISION,1993-1995,VEHICLE SPEED CONTROL:LINKAGES,UNDERHOOD FUEL LEAKS,19950922,19970224,521,,upgraded_to_EA,EA97002,,car_or_light_truck
EA95029,EA,"Chrysler (FCA US, LLC)",CHRYSLER; DODGE; PLYMOUTH,CARAVAN; CARAVAN C/V; GRAND CARAVAN; GRAND VOYAGER; SHADOW; SUNDANCE,1991-1992,STEERING,STEERING WHEEL SEPARATION,19950926,19961113,414,96V229000,recall,EA97009,97V169000,car_or_light_truck
EA95030,EA,Ford Motor Company,FORD; MERCURY,COUGAR; THUNDERBIRD,1992-1992,VEHICLE SPEED CONTROL:LINKAGES,REAR FUEL LINE INTERFERENCE,19951031,19970930,700,97V159000,recall,,,car_or_light_truck
EA95031,EA,"General Motors, LLC",CHEVROLET; GMC; OLDSMOBILE,BLAZER; BRAVADA; JIMMY,1991-1991,SEAT BELTS:REAR/OTHER,REAR SEAT BELT FAILURE,19951031,19960731,274,,closed_no_recall,,,car_or_light_truck
EA95032,EA,"Nissan North America, Inc.",NISSAN,MAXIMA,1995-1995,SEATS,SEAT TRACK,19951031,19970228,486,,closed_no_recall,,,car_or_light_truck
EA95033,EA,Ford Motor Company,LINCOLN,CONTINENTAL,1989-1990,SEAT BELTS,FAULTY SEAT BELT BUCKLES,19951031,19971022,722,97V174000,recall,,,car_or_light_truck
EA96001,EA,"Chrysler (FCA US, LLC)",DODGE,VIPER,1992-1994,STRUCTURE,CANVAS SOFT-TOP FLY-OFF,19960229,19970408,404,,closed_no_recall,,,car_or_light_truck
EA96002,EA,"Porsche Cars North America, Inc.",PORSCHE,911,1996-1996,WHEELS,ALLEGED WHEEL FAILURE,19960329,19960430,32,,closed_no_recall,,,car_or_light_truck
EA96004,EA,Mazda Motor Corp.,MAZDA,B-SERIES TRUCK,1994-1994,"SERVICE BRAKES, HYDRAULIC",REAR BRAKE LOCKUP,19960416,19970409,358,,closed_no_recall,,,car_or_light_truck
EA96005,EA,Ford Motor Company,MERCURY,VILLAGER,1993-1996,ELECTRICAL SYSTEM,BATTERY EXPLOSIONS,19960530,19970529,364,,closed_no_recall,,,car_or_light_truck
EA96006,EA,"Chrysler (FCA US, LLC)",DODGE,DAKOTA,1991-1992,POWER TRAIN,ROLLAWAY IN  REVERSE WHEN PARKED,19960531,20000810,1532,00V106000,recall,,,car_or_light_truck
EA96007,EA,"General Motors, LLC",BUICK; CADILLAC; CHEVROLET,CAPRICE; FLEETWOOD; ROADMASTER,1995-1996,SUSPENSION,REAR WHEEL SEPARATION,19960531,19961224,207,,closed_no_recall,,,car_or_light_truck
EA96010,EA,"General Motors, LLC",PONTIAC,GRAND PRIX,1994-1994,VISIBILITY,WINDSHIELD WIPER FAILURES,19960618,19970219,246,97V017000,recall,,,car_or_light_truck
EA96014,EA,"Chrysler (FCA US, LLC)",DODGE; EAGLE; PLYMOUTH,COLT; SUMMIT,1989-1994,SEAT BELTS,AUTOMATIC SHOULDER BELT FAILURE,19960628,19970612,349,97V063002; 97V073001; 97V073002,recall,,,car_or_light_truck
EA96015,EA,"Mitsubishi Motors North America, Inc.",MITSUBISHI,MIRAGE,1989-1994,SEAT BELTS,AUTOMATIC SHOULDER BELT FAILURE,19960628,19970612,349,97V063001; 97V073001,recall,,,car_or_light_truck
EA96016,EA,"Chrysler (FCA US, LLC)",DODGE; PLYMOUTH,CARAVAN; VOYAGER,1991-1991,SEAT BELTS,INCONSISTENT SAFETY BELT BUCKLE,19960628,19971217,537,97V148000,recall,,,car_or_light_truck
EA96017,EA,Ford Motor Company,FORD,EXPLORER,1993-1994,"SERVICE BRAKES, HYDRAULIC",BRAKE SYSTEM MALFUNCTION,19960724,19991029,1192,,closed_no_recall,,,car_or_light_truck
EA96018,EA,"Chrysler (FCA US, LLC)",DODGE,RAM,1994-1995,VEHICLE SPEED CONTROL:LINKAGES,EVAPORATIVE CANISTER LEAKAGE,19960729,19971110,469,97V199000,recall,,,car_or_light_truck
EA96019,EA,Ford Motor Company,FORD; LINCOLN; MERCURY,MARK VIII; SABLE; TAURUS,1992-1995,EXTERIOR LIGHTING,HEADLIGHT FAILURE,19960731,19980126,544,98V009000,recall,,,car_or_light_truck
EA96020,EA,Ford Motor Company,FORD,F-150,1997-1997,SEAT BELTS:FRONT:ANCHORAGE,SEAT BELT ANCHORAGE SEPARATION,19960830,19961224,116,96V256000,recall,,,car_or_light_truck
EA96022,EA,"General Motors, LLC",CHEVROLET,CAPRICE,1994-1995,STEERING,STEERING WHEEL BREAKAGE,19960924,19970404,192,,upgraded_to_EA,EA97007,,car_or_light_truck
EA96023,EA,"General Motors, LLC",BUICK; CHEVROLET; OLDSMOBILE; PONTIAC,CUTLASS SUPREME; GRAND PRIX; LUMINA; MONTE CARLO; REGAL,1994-1996,AIR BAGS,INAPPROPRIATE AIR BAG DEPLOYMENT,19960927,19980213,504,,upgraded_to_EA,EA98001,98V146000,car_or_light_truck
EA96024,EA,Ford Motor Company,FORD; LINCOLN; MERCURY,CONTINENTAL; SABLE; TAURUS; TEMPO; TOPAZ,1984-1995,ENGINE AND ENGINE COOLING,ENGINE COOLING FAN FIRES,19960930,19970415,197,97V019000,recall,,,car_or_light_truck
EA96025,EA,"Chrysler (FCA US, LLC)",CHRYSLER; DODGE; PLYMOUTH,CARAVAN; TOWN AND COUNTRY; VOYAGER,1996-1996,STRUCTURE,SLIDING DOOR LATCH FAILURE,19961015,19980730,653,,closed_no_recall,,,car_or_light_truck
EA96026,EA,Ford Motor Company,FORD,WINDSTAR,1995-1996,"SERVICE BRAKES, HYDRAULIC",BRAKE PEDAL FADE/EXTENDED STOP DISTANCE,19961031,20000218,1205,,closed_no_recall,,,car_or_light_truck
EA96027,EA,"Chrysler (FCA US, LLC)",CHRYSLER; DODGE; PLYMOUTH,CARAVAN; TOWN AND COUNTRY; VOYAGER,1991-1993,STRUCTURE,ALLEGED REAR LIFTGATE SUPPORT FAILURE,19961031,19970516,197,97V079000,recall,,,car_or_light_truck
EA96028,EA,Ford Motor Company,FORD,F SERIES,1995-1996,ENGINE AND ENGINE COOLING,PINCHED WIRING HARNESSES,19961114,19970725,253,97V111000,recall,,,car_or_light_truck
EA96030,EA,Ford Motor Company,FORD,AEROSTAR,1988-1990,VEHICLE SPEED CONTROL:LINKAGES,CRACKED FUEL TANKS,19961220,19980813,601,98V190000,recall,EA98016,99V028000; 99V029000,car_or_light_truck
EA96031,EA,Mazda Motor Corp.,MAZDA,MPV,1991-1993,VEHICLE SPEED CONTROL:LINKAGES,FUEL LIQUID-VAPOR SEPARATOR,19961220,19980331,466,,closed_no_recall,,,car_or_light_truck
EA97001,EA,"Chrysler (FCA US, LLC)",DODGE; EAGLE; JEEP,CHEROKEE; GRAND CHEROKEE; MONACO; PREMIER,1989-1993,"SERVICE BRAKES, HYDRAULIC",BRAKE DISC/HUB SEPARATION,19970113,19980109,361,98V005000,recall,EA98005,,car_or_light_truck
EA97002,EA,"Chrysler (FCA US, LLC)",CHRYSLER; DODGE; PLYMOUTH,CARAVAN; GRAND CARAVAN; GRAND VOYAGER; TOWN AND COUNTRY; VOYAGER,1996-1996,VEHICLE SPEED CONTROL:LINKAGES,FUEL TANK LEAKS,19970131,19980210,375,,closed_no_recall,,,car_or_light_truck
EA97004,EA,"General Motors, LLC; Isuzu Motors Limited",CHEVROLET; GMC; ISUZU,BLAZER; HOMBRE; JIMMY; S10,1996-1997,SEAT BELTS:FRONT:WEBBING,SEAT BELT WEBBING SEPARATION,19970228,19970805,158,97V096001; 97V096002,recall,,,car_or_light_truck
EA97005,EA,"Chrysler (FCA US, LLC)",CHRYSLER; DODGE,CARAVAN; GRAND CARAVAN; TOWN AND COUNTRY,1991-1993,SEAT BELTS:FRONT:ANCHORAGE,SAFETY BELT ANCHORAGE FAILURES,19970410,19971223,257,97V149000,recall,,,car_or_light_truck
EA97007,EA,"General Motors, LLC",CHEVROLET,BLAZER; CHEVROLET TRUCK; PICKUP; SUBURBAN,1996-1996,STEERING,STEERING SHAFT SEPARATIONS,19970417,19980312,329,,closed_no_recall,,,car_or_light_truck
EA97008,EA,Toyota Motor Corporation,LEXUS; TOYOTA,CAMRY; ES250,1987-1991,VEHICLE SPEED CONTROL:LINKAGES,LEAKING FUEL TANK,19970423,19980422,364,,closed_no_recall,,,car_or_light_truck
EA97009,EA,"Chrysler (FCA US, LLC)",DODGE; PLYMOUTH,NEON,1995-1995,STEERING,LOSS OF STEERING CONTROL,19970430,19971008,161,97V169000,recall,,,car_or_light_truck
EA97010,EA,"Subaru of America, Inc.",SUBARU,IMPREZA; LEGACY,1994-1996,AIR BAGS,OVERSENSITIVE AIR BAG DEPLOYMENT,19970430,19981223,602,98V315000,recall,,,car_or_light_truck
EA97011,EA,Ford Motor Company,FORD,EXPLORER,1991-1994,STRUCTURE,SUNROOF SHATTERING AND SEPARATION,19970523,19980120,242,97V235001; 97V235002,recall,,,car_or_light_truck
EA97012,EA,Mazda Motor Corp.,MAZDA,626; MX-6,1995-1996,AIR BAGS,OVERSENSITIVE AIR BAG DEPLOYMENT,19970523,19981009,504,98V249000,recall,,,car_or_light_truck
EA97014,EA,Toyota Motor Corporation,TOYOTA,CAMRY,1994-1994,STEERING,STEERING WHEEL SEPARATION/DISENGAGEMENT,19970603,19980714,406,98V155000,recall,,,car_or_light_truck
EA97015,EA,"General Motors, LLC; Toyota Motor Corporation",GEO; TOYOTA,AVALON; COROLLA; PRIZM; TACOMA,1993-1996,EXTERIOR LIGHTING,TURN SIGNAL FAILURES,19970722,19980921,426,,closed_no_recall,,,car_or_light_truck
EA97016,EA,"Chrysler (FCA US, LLC)",CHRYSLER; DODGE,CIRRUS; STRATUS,1995-1997,SUSPENSION,LOWER CONTROL ARM BALL JOINT FAILURE,19970929,19971120,52,97V201000,recall,,,car_or_light_truck
EA97018,EA,Ford Motor Company,FORD,MUSTANG; WINDSTAR,1994-1996,STRUCTURE,OUTER HOOD PANEL DETACHMENT,19970930,19971022,22,97V180000,recall,EA97018,97V180000,car_or_light_truck
EA97019,EA,"General Motors, LLC",CHEVROLET; OLDSMOBILE; PONTIAC,LUMINA APV; SILHOUETTE; TRANS SPORT,1990-1991,SEATS,FRONT SEAT BACK COLLAPSE,19970930,19990608,616,99I003000,recall,,,car_or_light_truck
EA97020,EA,"Chrysler (FCA US, LLC)",CHRYSLER; DODGE; PLYMOUTH,CARAVAN; TOWN AND COUNTRY; VOYAGER,1992-1993,VISIBILITY,FRONT WINDSHIELD WIPER,19970930,19990727,665,99V189000,recall,,,car_or_light_truck
EA97022,EA,"General Motors, LLC",CHEVROLET; GMC; OLDSMOBILE,BLAZER; BRAVADA; JIMMY; S10; SONOMA,1995-1995,VISIBILITY,WINDSHIELD WIPER FAILURE,19971023,19980702,252,98V150001; 98V150002,recall,,,car_or_light_truck
EA97023,EA,"General Motors, LLC",CHEVROLET,C1500; C2500; C3500; K1500; K2500; K3500,1994-1995,SEATS,DRIVER'S SEAT FRAME FAILURE,19971031,19990601,578,,closed_no_recall,,,car_or_light_truck
EA97024,EA,"General Motors, LLC",CHEVROLET; PONTIAC,CAMARO; FIREBIRD,1994-1997,VEHICLE SPEED CONTROL:LINKAGES,FUEL TUBE RETAINING CLIP FAILURE,19971113,19980929,320,,upgraded_to_EA,EA98024,00V110000,car_or_light_truck
EA97025,EA,"Chrysler (FCA US, LLC)",CHRYSLER,SEBRING,1996-1997,STRUCTURE,CONVERTIBLE TOP COVER DISENGAGEMENT,19971124,19981117,358,99I004000,recall,,,car_or_light_truck
EA97026,EA,Ford Motor Company,FORD,TAURUS,1993-1993,SUSPENSION,FRONT SUSPENSION COIL SPRING FAILURE,19971126,19980513,168,98I002000; 98V094000,recall,,,car_or_light_truck
EA97027,EA,Ford Motor Company,FORD,F-150,1997-1997,WHEELS,WHEEL SEPARATION,19971224,19980529,156,98V095000,recall,,,car_or_light_truck
EA97028,EA,Land Rover,LAND ROVER,RANGE ROVER,1995-1996,ELECTRICAL SYSTEM,UNDERHOOD FIRES,19971230,19980702,184,98V149000,recall,,,car_or_light_truck
EA98001,EA,"General Motors, LLC",CHEVROLET; PONTIAC,CAVALIER; SUNFIRE,1996-1997,AIR BAGS,OVERSENSITIVE AIR BAG DEPLOYMENTS,19980123,19980731,189,98V146000,recall,,,car_or_light_truck
EA98002,EA,"Chrysler (FCA US, LLC); Mitsubishi Motors North America, Inc.",DODGE; EAGLE; MITSUBISHI; PLYMOUTH,COLT; COLT VISTA; ECLIPSE; EXPO; EXPO LRV; GALANT,1990-1996,WHEELS,TRANSFER CASE LOCKUP,19980130,19980430,90,98V069001; 98V069002,recall,,,car_or_light_truck
EA98003,EA,"Chrysler (FCA US, LLC)",DODGE; PLYMOUTH,NEON,1995-1995,AIR BAGS,OVERSENSITIVE AIR BAG DEPLOYMENTS,19980130,20000105,705,,closed_no_recall,,,car_or_light_truck
EA98004,EA,"General Motors, LLC",CADILLAC,DEVILLE; ELDORADO; SEVILLE,1995-1996,AIR BAGS,INADVERTENT AIR BAG DEPLOYMENT,19980224,19980616,112,98V115000,recall,,,car_or_light_truck
EA98005,EA,"Chrysler (FCA US, LLC)",DODGE,RAM,1996-1997,"SERVICE BRAKES, HYDRAULIC",CLUTCH HYDRAULIC LINE,19980227,19990524,451,,upgraded_to_EA,EA99014,00V136000; 99V340000,car_or_light_truck
EA98006,EA,"Chrysler (FCA US, LLC)",CHRYSLER; DODGE; PLYMOUTH,CARAVAN; TOWN AND COUNTRY; VOYAGER,1994-1994,AIR BAGS,INADVERTENT AIR BAG DEPLOYMENTS,19980227,19990524,451,99V113000,recall,,,car_or_light_truck
EA98007,EA,"Chrysler (FCA US, LLC)",CHRYSLER; DODGE; EAGLE,CONCORDE; INTREPID; LHS; NEW YORKER; VISION,1993-1995,"FUEL SYSTEM, GASOLINE:DELIVERY:HOSES, LINES/PIPING, AND FITTINGS; FUEL SYSTEM, GASOLINE:FUEL INJECTION SYSTEM; FUEL SYSTEM, GASOLINE:FUEL INJECTION SYSTEM:FUEL RAIL",FUEL INJECTOR ASSEMBLY LEAKAGE,19980310,19990201,328,98V184000,recall,EA99013,,car_or_light_truck
EA98008,EA,Ford Motor Company,FORD,WINDSTAR,1998-1998,"SERVICE BRAKES, HYDRAULIC",MISSING/LOOSE FRONT BRAKE,19980430,19980630,61,98I003000,recall,,,car_or_light_truck
EA98010,EA,"Chrysler (FCA US, LLC)",DODGE,RAM 1500; RAM 2500; RAM 3500,1994-1995,EXTERIOR LIGHTING,HEADLIGHT CIRCUIT,19980508,19991210,581,99V024000,recall,,,car_or_light_truck
EA98011,EA,"Volkswagen Group of America, Inc.",AUDI,100; 90,1993-1993,VEHICLE SPEED CONTROL:LINKAGES,UNDERHOOD FUEL FIRES,19980518,19981223,219,98V332000,recall,,,car_or_light_truck
EA98012,EA,"Volkswagen Group of America, Inc.",VOLKSWAGEN,CORRADO,1992-1992,VISIBILITY:DEFROSTER/DEFOGGER/HVAC SYSTEM,HEATER CORE REPTURE,19980527,19981120,177,98V295000,recall,,,car_or_light_truck
EA98013,EA,Ford Motor Company,FORD,MUSTANG,1994-1995,"SERVICE BRAKES, HYDRAULIC",PARKING BRAKE,19980527,20001031,888,00V349000,recall,,,car_or_light_truck
EA98014,EA,"Chrysler (FCA US, LLC)",CHRYSLER,SEBRING,1996-1997,POWER TRAIN,AUTOMATIC TRANSAXLE IGNITION INTERLOCK,19980529,19980914,108,98V183000,recall,,,car_or_light_truck
EA98015,EA,"Nissan North America, Inc.",INFINITI,Q45,1991-1991,ELECTRICAL SYSTEM,REAR STEREO SPEAKER FIRES,19980625,19981118,146,98V284000,recall,,,car_or_light_truck
EA98016,EA,Ford Motor Company,FORD,AEROSTAR,1993-1995,VEHICLE SPEED CONTROL:LINKAGES,FUEL SENDER ASSEMBLY FIRES,19980714,19990212,213,99V028000; 99V029000,recall,EA99010,,car_or_light_truck
EA98017,EA,"General Motors, LLC",SATURN,SC; SC1; SL; SW,1994-1994,SEATS,SEAT BACK FAILURES,19980731,19990316,228,99V045000,recall,,,car_or_light_truck
EA98018,EA,Ford Motor Company,FORD,F-150,1997-1998,VEHICLE SPEED CONTROL:LINKAGES,ALLEGED LOSS OF THROTTLE CONTROL,19980831,19990930,395,,upgraded_to_EA,EA99032,00V424000; 01I008000,car_or_light_truck
EA98019,EA,"General Motors, LLC",CHEVROLET,MONTE CARLO,1995-1998,"SERVICE BRAKES, HYDRAULIC",DEGRADED BRAKING PERFORMANCE,19980831,20011213,1200,,closed_no_recall,,,car_or_light_truck
EA98022,EA,"Jaguar Cars, Ltd.",JAGUAR,XJ12,1994-1994,VEHICLE SPEED CONTROL:LINKAGES,THROTTLE HANG-UP,19980930,19981030,30,98V271000,recall,EA98022,98V271000,car_or_light_truck
EA98023,EA,"General Motors, LLC",CHEVROLET,G SERIES,1993-1993,ELECTRICAL SYSTEM,ELECTRICAL SHORT/FIRE,19981007,19981130,54,98V299000,recall,,,car_or_light_truck
EA98024,EA,"General Motors, LLC",CHEVROLET; GMC,CHEVROLET TRUCK; G10; G30,1996-1997,VEHICLE SPEED CONTROL:LINKAGES,FUEL LEAKS FROM THE VAPOR CANISTER,19981110,20000420,527,00V110000,recall,,,car_or_light_truck
EA98025,EA,"Chrysler (FCA US, LLC)",CHRYSLER; DODGE; EAGLE,CONCORDE; INTREPID; LHS; VISION,1994-1994,SUSPENSION,ENGINE CRADLE/CONTROL ARM BRACKET WELD,19981231,19990819,231,99V215000,recall,,,car_or_light_truck
EA99001,EA,Ford Motor Company,FORD,EXPLORER,1997-1998,VEHICLE SPEED CONTROL:LINKAGES,THROTTLE STICKING,19990107,20010209,764,00V422000,recall,,,car_or_light_truck
EA99002,EA,Ford Motor Company,FORD,AEROSTAR,1990-1997,POWER TRAIN,TRANSFER CASES AND REAR DRIVE SHAFT,19990107,20001114,677,99V094000,recall,,,car_or_light_truck
EA99003,EA,"General Motors, LLC",CHEVROLET,CAPRICE; IMPALA,1994-1996,VISIBILITY:DEFROSTER/DEFOGGER/HVAC SYSTEM,COOLANT FIRES,19990113,20000817,582,,closed_no_recall,,,car_or_light_truck
EA99004,EA,Ford Motor Company,FORD,EXPLORER,1992-1994,VISIBILITY:DEFROSTER/DEFOGGER/HVAC SYSTEM,BLOWER ASSEMBLY FIRES,19990115,20000418,459,,closed_no_recall,,,car_or_light_truck
EA99005,EA,Ford Motor Company,FORD; MERCURY,COUGAR; THUNDERBIRD,1992-1993,EXTERIOR LIGHTING,HEADLIGHT SWITCH,19990120,19991214,328,99V275000,recall,,,car_or_light_truck
EA99006,EA,Ford Motor Company,LINCOLN,TOWN CAR,1992-1993,ELECTRICAL SYSTEM,UNDER HOOD FIRES,19990311,19990519,69,99V124000,recall,,,car_or_light_truck
EA99007,EA,"Chrysler (FCA US, LLC); Mitsubishi Motors North America, Inc.",DODGE; EAGLE; MITSUBISHI; PLYMOUTH,COLT; MIRAGE; SUMMIT,1994-1994,AIR BAGS,INADVERTENT AIR BAG DEPLOYMENT,19990316,20000530,441,,closed_no_recall,,,car_or_light_truck
EA99008,EA,Honda (American Honda Motor Co.); Isuzu Motors Limited,HONDA; ISUZU,AMIGO; PASSPORT; RODEO,1998-1999,"SERVICE BRAKES, HYDRAULIC",BRAKING SYSTEM/ABS,19990331,20020731,1218,02I002000; 02I002001,recall,,,car_or_light_truck
EA99010,EA,Ford Motor Company,LINCOLN,TOWN CAR,1998-1998,VEHICLE SPEED CONTROL:LINKAGES,FUEL SPIT BACK DURING REFUELING,19990409,19990504,25,,upgraded_to_EA,EA99010,,car_or_light_truck
EA99011,EA,"General Motors, LLC",CHEVROLET; GMC,SUBURBAN; TAHOE; YUKON,1997-1999,STEERING,ERRATIC POWER STEERING ASSIST WHILE DRIV,19990512,20010227,657,,closed_no_recall,,,car_or_light_truck
EA99012,EA,"General Motors, LLC",CHEVROLET,S10,1998-1998,VEHICLE SPEED CONTROL:LINKAGES,POST COLLISION FUEL SYSTEM INTEGRITY,19990611,20010810,791,,closed_no_recall,,,car_or_light_truck
EA99013,EA,"Chrysler (FCA US, LLC)",CHRYSLER; DODGE; PLYMOUTH,CARAVAN; GRAND CARAVAN; GRAND VOYAGER; TOWN AND COUNTRY; VOYAGER,1996-1999,"FUEL SYSTEM, GASOLINE:STORAGE:TANK ASSEMBLY:FILLER PIPE AND CAP",POST COLLISION FUEL SYSTEM,19990611,20010810,791,,closed_no_recall,,,car_or_light_truck
EA99014,EA,"Chrysler (FCA US, LLC)",JEEP,CHEROKEE; GRAND CHEROKEE; WRANGLER,1992-1995,"SERVICE BRAKES, HYDRAULIC",BRAKE ROTER DISC/HUD SEPARATION,19990628,20000328,274,00V136000; 99V340000,recall,,,car_or_light_truck
EA99015,EA,Ford Motor Company,MERCURY,VILLAGER,1993-1997,VEHICLE SPEED CONTROL:LINKAGES,FUEL RAIL HOSE FITTING LEAKAGE,19990629,20010418,659,,closed_no_recall,,,car_or_light_truck
EA99016,EA,Mazda Motor Corp.,MAZDA,MIATA,1995-1995,AIR BAGS,INAPPROPRIATE AIR BAG DEPLOYMENT,19990630,20000111,195,00V004000,recall,,,car_or_light_truck
EA99017,EA,"General Motors, LLC",CADILLAC,ALLANTE,1987-1992,"SERVICE BRAKES, HYDRAULIC:ANTILOCK/TRACTION CONTROL/ELECTRONIC LIMITED SLIP",BRAKING SYSTEM FAILURE,19990630,20011228,912,,closed_no_recall,,,car_or_light_truck
EA99019,EA,"General Motors, LLC",OLDSMOBILE,INTRIGUE,1998-1999,SEAT BELTS:REAR/OTHER,REAR SHOULDER BELT MALFUNCTION,19990707,20000222,230,00V044000,recall,EA00006,00V057000,car_or_light_truck
EA99020,EA,Ford Motor Company,FORD,WINDSTAR,1995-1997,"FUEL SYSTEM, GASOLINE",FUEL TANK CRACKS,19990726,19991216,143,99V309000,recall,,,car_or_light_truck
EA99021,EA,"General Motors, LLC",GMC,P3,1994-1999,"SERVICE BRAKES, HYDRAULIC",J71 AUTO-PARK INCONSISTEN OPERATION,19990727,20010726,730,,closed_no_recall,,,car_or_light_truck
EA99022,EA,"General Motors, LLC",CHEVROLET; GMC; OLDSMOBILE,BLAZER; BRAVADA; JIMMY,1996-1996,SUSPENSION,UPPER AND LOWER CONTROL ARM BALL JOINT,19990730,20010828,760,01I018000; 01V200000,recall,,,car_or_light_truck
EA99023,EA,Ford Motor Company,FORD; MERCURY,SABLE; TAURUS,1993-1993,VISIBILITY,WINDSHIELD WIPER,19990806,20010612,676,,closed_no_recall,,,car_or_light_truck
EA99024,EA,"General Motors, LLC",BUICK; OLDSMOBILE; PONTIAC,CENTURY; GRAND PRIX; INTRIGUE; REGAL,1997-1998,VISIBILITY,WINDSHIELD WIPER,19990820,20000113,146,,closed_no_recall,,,car_or_light_truck
EA99026,EA,"General Motors, LLC",BUICK; OLDSMOBILE; PONTIAC,CUTLASS SUPREME; GRAND PRIX; REGAL,1995-1996,AIR BAGS,INADVERTENT AIR BAG DEPLOYMENT,19990831,20011228,850,00V171000,recall,,,car_or_light_truck
EA99027,EA,"Chrysler (FCA US, LLC)",DODGE,RAM,1994-1996,POWER TRAIN,STEERING COLUMN FIRES,19990910,20000530,263,00V135000,recall,,,car_or_light_truck
EA99028,EA,"Chrysler (FCA US, LLC)",CHRYSLER; PLYMOUTH,BREEZE; CIRRUS; SEBRING,1997-1998,STEERING,STEERING SHAFT BINDING,19990910,20010726,685,01I012000,recall,,,car_or_light_truck
EA99029,EA,Mazda Motor Corp.,MAZDA,PROTEGE,1995-1995,VISIBILITY,HEADLIGHT WIRE BREAKAGE,19990930,20000510,223,00V118000,recall,,,car_or_light_truck
EA99030,EA,"General Motors, LLC",OLDSMOBILE,CUTLASS,1998-1998,AIR BAGS,OVERSENSITIVE AIR BAG DEPLOYMENT,19991029,20020325,878,,closed_no_recall,,,car_or_light_truck
EA99031,EA,"Chrysler (FCA US, LLC)",CHRYSLER; DODGE; EAGLE,CONCORDE; INTREPID; LHS; NEW YORKER; VISION,1994-1996,STEERING,STEERING SYSTEM RACK AND PINION,19991029,20010913,685,,closed_no_recall,,,car_or_light_truck
EA99032,EA,Ford Motor Company,FORD,F-150; F-250; F-350; F-450 SD; F150; F250,1990-1993,VEHICLE SPEED CONTROL:LINKAGES,DUAL FUEL TANK CROSSFLOW/LEAKAGE,19991104,20011206,763,00V424000; 01I008000,recall,,,car_or_light_truck
EA99034,EA,"Kia America, Inc.",KIA,SEPHIA,1998-1999,VEHICLE SPEED CONTROL:LINKAGES,REFUELING SPIT BACK,19991216,20000629,196,00V175000,recall,,,car_or_light_truck
PE00003,PE,Ford Motor Company,FORD,F SERIES,2000-2000,SEAT BELTS:FRONT:ANCHORAGE,FRONT CENTER LAP BELT ANCHORAGE,20000113,20000420,98,,closed_no_recall,,,car_or_light_truck
PE00004,PE,"Kia America, Inc.",KIA,SEPHIA; SPORTAGE,1998-1999,EXTERIOR LIGHTING,"TURN SIGNAL, TRAFFIC SAFETY HAZARD",20000113,20000629,168,,upgraded_to_EA,EA00018,02V207000,car_or_light_truck
PE00005,PE,"General Motors, LLC",CHEVROLET,IMPALA,2000-2000,ENGINE AND ENGINE COOLING,INADVERTENT ENGINE STALLING,20000119,20000229,41,,upgraded_to_EA,EA00011,00V189000,car_or_light_truck
PE00006,PE,"Volkswagen Group of America, Inc.",VOLKSWAGEN,JETTA; PASSAT,1996-1996,EXTERIOR LIGHTING; VISIBILITY,LIGHTS AND/OR WINDSHIELD WIPER OBSCURED,20000202,20000810,190,,upgraded_to_EA,EA00020,02V256000,car_or_light_truck
PE00007,PE,"Chrysler (FCA US, LLC)",CHRYSLER,SEBRING,1998-1999,STRUCTURE,DOOR PANEL/GARNISH SEPARATION,20000202,20000718,167,,closed_no_recall,,,car_or_light_truck
PE00009,PE,"General Motors, LLC",CHEVROLET; OLDSMOBILE,CUTLASS; MALIBU,1997-1998,VISIBILITY,WINDSHIELD WIPER,20000222,20000712,141,,upgraded_to_EA,EA00019,01V068000,car_or_light_truck
PE00016,PE,"Volkswagen Group of America, Inc.",AUDI,A4,1996-2000,ELECTRICAL SYSTEM,DEGRADED BRAKING WET WEATHER CONDITION,20000404,20000811,129,,closed_no_recall,,,car_or_light_truck
PE00017,PE,"General Motors, LLC",CHEVROLET; GMC,SIERRA; SUBURBAN; TAHOE; YUKON,1995-1996,EXTERIOR LIGHTING,HEADLIGHT,20000411,20000926,168,,upgraded_to_EA,EA00024,,car_or_light_truck
PE00018,PE,"Chrysler (FCA US, LLC)",JEEP,WRANGLER,2000-2000,AIR BAGS,AIR BAG MODULE DETACHMENT,20000414,20001013,182,,closed_no_recall,,,car_or_light_truck
PE00023,PE,Ford Motor Company,FORD; MERCURY,CONTOUR; MYSTIQUE,1995-1998,ELECTRICAL SYSTEM,BLOWER SWITCH/RESISTOR OR WIRING HARNESS,20000614,20010105,205,,upgraded_to_EA,EA01001,01I009000; 01V230000,car_or_light_truck
PE00024,PE,Ford Motor Company,FORD,WINDSTAR,1995-1998,SUSPENSION,SUSPENSION COIL SPRING BREAKAGE,20000623,20001208,168,,upgraded_to_EA,EA00027,01I007000; 01V199000,car_or_light_truck
PE00025,PE,"Chrysler (FCA US, LLC)",DODGE,RAM 1500,2001-2001,SEAT BELTS:REAR/OTHER,REAR SAFETY BELT ANCHORAGE DISENGAGEMENT,20000706,20001227,174,,upgraded_to_EA,EA01010,01V233000,car_or_light_truck
PE00026,PE,"Kia America, Inc.",KIA,SEPHIA; SPORTAGE,2000-2000,ELECTRICAL SYSTEM,INCORRECT BATTERY JUMP-START,20000710,20000731,21,00V205000,recall,,,car_or_light_truck
PE00027,PE,Ford Motor Company,FORD; MERCURY,CONTOUR; MYSTIQUE,1998-1998,VEHICLE SPEED CONTROL:LINKAGES,FUEL EXPULSION DURING REFUELING,20000710,20001004,86,,upgraded_to_EA,EA00025,,car_or_light_truck
PE00028,PE,"Kia America, Inc.",KIA,SEPHIA,1998-1999,POWER TRAIN,TRANSMISSION OIL COOLER LINE,20000712,20001107,118,,closed_no_recall,,,car_or_light_truck
PE00029,PE,Ford Motor Company,FORD,PICKUP,1997-1999,VEHICLE SPEED CONTROL:LINKAGES,PROPANE VEHICLE CONVERSION,20000721,20010105,168,,closed_no_recall,,,car_or_light_truck
PE00030,PE,"Chrysler (FCA US, LLC)",DODGE,DAKOTA,2000-2000,SEAT BELTS:FRONT:ANCHORAGE,FRONT SAFETY BELT ANCHORAGE DISENGAGEMEN,20000721,20010308,230,,upgraded_to_EA,EA01010,01V233000,car_or_light_truck
PE00031,PE,"Volvo Car USA, LLC",VOLVO,S70; V70,1998-1999,EXTERIOR LIGHTING,TURN SIGNAL,20000815,20001222,129,00V405000,recall,,,car_or_light_truck
PE00032,PE,"Chrysler (FCA US, LLC)",CHRYSLER; DODGE; PLYMOUTH,CARAVAN; GRAND CARAVAN; GRAND VOYAGER; TOWN AND COUNTRY; VOYAGER,1996-1996,AIR BAGS,AIR BAG CLOCKSPRING,20000808,20010221,197,02V293000,recall,,,car_or_light_truck
PE00033,PE,"Volkswagen Group of America, Inc.",VOLKSWAGEN,CABRIO; JETTA; PASSAT,1993-2000,VEHICLE SPEED CONTROL:LINKAGES,FUEL TANK PUNCTURE,20000810,20001228,140,,upgraded_to_EA,EA00028,02V026000,car_or_light_truck
PE00034,PE,"Chrysler (FCA US, LLC)",CHRYSLER,TOWN AND COUNTRY,1999-1999,ELECTRICAL SYSTEM,OVERHEATING OF FRONT SEAT HEATERS,20000831,20010105,127,,upgraded_to_EA,EA01007,02V293000,car_or_light_truck
PE00035,PE,"Chrysler (FCA US, LLC)",DODGE,DAKOTA,2000-2000,ELECTRICAL SYSTEM,STOP LAMP SWITCH,20000907,20010309,183,,upgraded_to_EA,EA01007,02V293000,car_or_light_truck
PE00038,PE,"Chrysler (FCA US, LLC)",JEEP,WRANGLER,1994-1994,"SERVICE BRAKES, HYDRAULIC",PARKING BRAKE,20000915,20010111,118,,upgraded_to_EA,EA01003,02V041000,car_or_light_truck
PE00039,PE,Ford Motor Company,FORD,EXPLORER,1995-1996,SUSPENSION,FRONT SUSPENSION STABILIZER BAR LINK,20000920,20001130,71,00V402000,recall,EA00027,01I007000; 01V199000,car_or_light_truck
PE00042,PE,Ford Motor Company,LINCOLN,CONTINENTAL,1999-2000,AIR BAGS:SIDE/WINDOW,INADVERTENT SIDE AIR BAG DEPLOYMENT,20001016,20010427,193,,upgraded_to_EA,EA01012,03V144000,car_or_light_truck
PE00043,PE,Ford Motor Company,FORD,CROWN VICTORIA,1998-1999,STRUCTURE,REAR AXLE TRAILING ARM FRAME MOUNTING,20001020,20010202,105,,closed_no_recall,,,car_or_light_truck
PE00044,PE,Ford Motor Company,FORD,EXPLORER,2000-2000,SEAT BELTS:FRONT:WEBBING,SEAT BELT WEBBING,20001103,20010226,115,,upgraded_to_EA,EA01008,,car_or_light_truck
PE00045,PE,"General Motors, LLC",CHEVROLET; OLDSMOBILE; PONTIAC,MONTANA; SILHOUETTE; TRANS SPORT; VENTURE,1998-1999,AIR BAGS,AIR BAG TEAR DURING DEPLOYMENT,20001103,20010111,69,,upgraded_to_EA,EA01014,02V027001; 02V027002,car_or_light_truck
PE00048,PE,"Chrysler (FCA US, LLC)",DODGE,RAM 2500; RAM 3500,1994-1996,VEHICLE SPEED CONTROL:LINKAGES,LOSS OF THROTTLE CONTROL,20001211,20010307,86,01V037000,recall,,,car_or_light_truck
PE01001,PE,"General Motors, LLC",CHEVROLET,C/K PICKUPS,1997-2000,"SERVICE BRAKES, HYDRAULIC",VACUUM BRAKE BOOSTER,20010108,20010522,134,,upgraded_to_EA,EA01013,,car_or_light_truck
PE01002,PE,"General Motors, LLC",PONTIAC,GRAND PRIX,1999-1999,AIR BAGS:FRONTAL,DRIVER AIR BAG MALFUNCTION,20010110,20010611,152,,upgraded_to_EA,EA01014,02V027001; 02V027002,car_or_light_truck
PE01005,PE,"General Motors, LLC",GMC,TAHOE,2001-2001,ELECTRICAL SYSTEM,FIRE BY THE REAR AUXILIARY HEAT,20010306,20010511,66,,closed_no_recall,,,car_or_light_truck
PE01006,PE,"Mitsubishi Motors North America, Inc.",MITSUBISHI,ECLIPSE,2001-2001,SEAT BELTS:FRONT:WEBBING,FRONT SHOULDER BELT WEBBING GUIDE,20010301,20011106,250,,closed_no_recall,,,car_or_light_truck
PE01008,PE,"Nissan North America, Inc.",NISSAN,ALTIMA,1994-1995,AIR BAGS:FRONTAL,PASSENGER AIR BAG-RELATED EYE INJURIES,20010313,20010809,149,,upgraded_to_EA,EA01015,03V150000,car_or_light_truck
PE01018,PE,"SAAB CARS USA, INC.",SAAB,900,1998-1998,AIR BAGS,INADVERTENT AIR BAG DEPLOYMENT,20010524,20010809,77,01V222000,recall,,,car_or_light_truck
PE01021,PE,"Chrysler (FCA US, LLC)",JEEP,GRAND CHEROKEE,1995-1999,POWER TRAIN,INADVERTENT ROLLAWAY IN REVERSE PARK,20010628,20011101,126,,upgraded_to_EA,EA01017,02V053000,car_or_light_truck
PE01022,PE,Ford Motor Company,FORD,EXPEDITION,1997-1998,SUSPENSION,FRONT STABILIZER LINK,20010702,20011109,130,,closed_no_recall,,,car_or_light_truck
PE01023,PE,"General Motors, LLC",CHEVROLET; GMC,TAHOE; YUKON,1995-1999,SEAT BELTS:FRONT:ANCHORAGE,SEAT BELT ANCHORAGE SEPARATION,20010717,20011220,156,,upgraded_to_EA,EA01018,,car_or_light_truck
PE01024,PE,Toyota Motor Corporation,TOYOTA,CAMRY,1996-1996,SUSPENSION,SUSPENSION COIL SPRING,20010718,20020129,195,,closed_no_recall,,,car_or_light_truck
PE01029,PE,"Mercedes-Benz USA, LLC",MERCEDES BENZ,C CLASS,1998-1999,ELECTRICAL SYSTEM,BATTERY EXPLOSION,20010731,20011213,135,01V366000,recall,,,car_or_light_truck
PE01031,PE,"Porsche Cars North America, Inc.",PORSCHE,911,1995-1995,ELECTRICAL SYSTEM,WIRING HARNESS,20010830,20020131,154,,closed_no_recall,,,car_or_light_truck
PE01032,PE,"General Motors, LLC",CHEVROLET; GMC; OLDSMOBILE,BLAZER; BRAVADA; JIMMY,2000-2001,EXTERIOR LIGHTING,LOSS OF STOP LAMP ILLUMINATION,20010906,20011220,105,01V364000,recall,,,car_or_light_truck
PE01033,PE,Ford Motor Company,FORD,F-150,1997-1998,STEERING,STEERING COLUMN,20010917,20020206,142,,upgraded_to_EA,EA02001,03V196000,car_or_light_truck
PE01034,PE,"Chrysler (FCA US, LLC)",DODGE,RAM PICKUP,2001-2001,ELECTRICAL SYSTEM,ENGINE COMPARTMENT ELECTRICAL FIRES,20010920,20020219,152,02V042000,recall,,,car_or_light_truck
PE01036,PE,Toyota Motor Corporation,TOYOTA,SIENNA,2002-2002,ENGINE AND ENGINE COOLING,ENGINE COMPARTMENT FIRE,20011019,20020211,115,,closed_no_recall,,,car_or_light_truck
PE01038,PE,"General Motors, LLC",CHEVROLET; OLDSMOBILE; PONTIAC,CUTLASS; GRAND PRIX; INTRIGUE; MALIBU; SILHOUETTE; TRANS SPORT,1997-1998,STEERING,STEERING RACK AND PINION,20011114,20020404,141,,upgraded_to_EA,EA02003,02V286000,car_or_light_truck
PE01043,PE,Ford Motor Company; Mazda Motor Corp.,FORD; MAZDA,ESCAPE; TRIBUTE,2001-2002,ENGINE AND ENGINE COOLING,ENGINE STALLING,20011207,20020910,277,,upgraded_to_EA,EA02025,,car_or_light_truck
PE01044,PE,"Mitsubishi Motors North America, Inc.",MITSUBISHI,ECLIPSE; ECLIPSE SPYDER,2000-2001,WHEELS,ALLOY WHEEL DENTING AND FRACTURING,20011218,20020531,164,,upgraded_to_EA,EA02007,,car_or_light_truck
PE02001,PE,"General Motors, LLC",CHEVROLET; PONTIAC,CAVALIER; SUNFIRE,1995-1997,ELECTRICAL SYSTEM,FIRE IN STEERING COLUMN AREA,20020103,20020315,71,02V070000,recall,EA02005,03V093000,car_or_light_truck
PE02002,PE,"Kia America, Inc.",KIA,SPORTAGE,1999-1999,VISIBILITY,WINDSHIELD WIPER,20020109,20020807,210,,closed_no_recall,,,car_or_light_truck
PE02003,PE,"General Motors, LLC",GMC,C/K UTILITY,9999-9999,ELECTRICAL SYSTEM,DRIVER DOOR ELECTRICAL FIRE,20020109,20020517,128,,upgraded_to_EA,EA02005,03V093000,car_or_light_truck
PE02004,PE,"Chrysler (FCA US, LLC)",DODGE; PLYMOUTH,CARAVAN; VOYAGER,1997-1998,SEAT BELTS:REAR/OTHER,REAR SEAT BELT MALFUNCTION,20020116,20020311,54,02V076000,recall,,,car_or_light_truck
PE02005,PE,"General Motors, LLC",OLDSMOBILE,INTRIGUE,1999-2001,EXTERIOR LIGHTING,HEADLAMPS DIM/FLICKER,20020118,20020415,87,,closed_no_recall,,,car_or_light_truck
PE02007,PE,Ford Motor Company,FORD,EXPLORER,1995-1995,SEAT BELTS,SAFETY BELT ASSEMBLY,20020123,20020702,160,,upgraded_to_EA,EA02011,,car_or_light_truck
PE02008,PE,"Volkswagen Group of America, Inc.",AUDI,A4; A6,1998-2001,"SERVICE BRAKES, HYDRAULIC",BRAKE AND CLUTCH PEDAL BRACKET,20020123,20020712,170,,closed_no_recall,,,car_or_light_truck
PE02009,PE,"Volvo Car USA, LLC",VOLVO,S40; V40,2000-2000,"SERVICE BRAKES, HYDRAULIC",BRAKE POWER-ASSIST,20020129,20020910,224,,upgraded_to_EA,EA02026,03V474000,car_or_light_truck
PE02010,PE,Ford Motor Company,FORD; MERCURY,ESCORT; TRACER,1997-1997,AIR BAGS,INTEGRATED AIR BAG MONITOR WATER,20020130,20020610,131,,upgraded_to_EA,EA02008,02V323000,car_or_light_truck
PE02011,PE,"BMW of North America, LLC",BMW,3 SERIES,2000-2001,AIR BAGS:SIDE/WINDOW,INADVERTENT SIDE-IMPACT AIR BAG,20020131,20020715,165,,upgraded_to_EA,EA02012,02V223000,car_or_light_truck
PE02012,PE,Hyundai Motor America,HYUNDAI,SANTA FE,2001-2001,ENGINE AND ENGINE COOLING,ENGINE SEIZURE,20020131,20020812,193,,closed_no_recall,,,car_or_light_truck
PE02013,PE,"Chrysler (FCA US, LLC); Mitsubishi Motors North America, Inc.",DODGE; MITSUBISHI,3000GT; STEALTH,1992-1999,WHEELS,TRANSFER CASE LOCKUP,20020131,20020603,123,02V143001; 02V143002,recall,EA02007,,car_or_light_truck
PE02016,PE,Ford Motor Company,FORD,FOCUS,2000-2000,WHEELS,REAR WHEEL BEARING,20020208,20021108,273,,upgraded_to_EA,EA03004,,car_or_light_truck
PE02017,PE,"General Motors, LLC",CHEVROLET; OLDSMOBILE; PONTIAC,MONTANA; SILHOUETTE; TRANS SPORT; VENTURE,1997-2000,SEAT BELTS,SHOULDER HARNESS CLIP,20020211,20020802,172,,upgraded_to_EA,EA02032,,car_or_light_truck
PE02020,PE,Ford Motor Company,FORD,FOCUS,2000-2001,AIR BAGS,AIR BAG BURN INJURIES/VEHICLE FIRES,20020211,20020816,186,,upgraded_to_EA,EA02017,,car_or_light_truck
PE02021,PE,"General Motors, LLC",CADILLAC; CHEVROLET; GMC,ESCALADE; SIERRA; SILVERADO; TAHOE,1999-2001,VEHICLE SPEED CONTROL:LINKAGES,THROTTLE STICKING,20020211,20020801,171,,upgraded_to_EA,EA02015,,car_or_light_truck
PE02022,PE,"Kia America, Inc.",KIA,RIO,2001-2001,AIR BAGS,AIR BAG NON-DEPLOYMENT FRONTAL CRASH,20020212,20020702,140,,upgraded_to_EA,EA02009,,car_or_light_truck
PE02026,PE,Ford Motor Company,FORD,FOCUS,2000-2001,AIR BAGS,INAPPROPRIATE AIR BAG DEPLOYMENT,20020228,20020918,202,,closed_no_recall,,,car_or_light_truck
PE02028,PE,"Kia America, Inc.",KIA,SEPHIA,1998-2000,ELECTRICAL SYSTEM,BATTERY CABLE CHAFING,20020306,20020806,153,,upgraded_to_EA,EA02016,,car_or_light_truck
PE02029,PE,"Volvo Car USA, LLC",VOLVO,850; S70; V70,1996-1997,ELECTRICAL SYSTEM,PASSENGER COMPARTMENT FIRES,20020307,20020822,168,,upgraded_to_EA,EA02019,02V314000,car_or_light_truck
PE02032,PE,Ford Motor Company,FORD,FOCUS,2000-2000,ELECTRICAL SYSTEM,ENGINE COMPARTMENT FIRES,20020312,20020731,141,02V288000,recall,EA02014,02V288000,car_or_light_truck
PE02034,PE,"Nissan North America, Inc.",NISSAN,MAXIMA,1997-1997,ELECTRICAL SYSTEM,ALTERNATOR FIRES,20020315,20020722,129,02V171000,recall,,,car_or_light_truck
PE02035,PE,Ford Motor Company,FORD; MERCURY,SABLE; TAURUS,2000-2001,"SERVICE BRAKES, HYDRAULIC",BRAKE/ACCEL PEDAL SEPARATION,20020315,20021022,221,02V266000,recall,,,car_or_light_truck
PE02036,PE,"General Motors, LLC",CHEVROLET; GMC; OLDSMOBILE,BRAVADA; ENVOY; TRAILBLAZER,2002-2002,STEERING,PINCHER/CHAFED WIRING,20020318,20021003,199,,upgraded_to_EA,EA02031,04V060000,car_or_light_truck
PE02038,PE,"Nissan North America, Inc.",NISSAN,XTERRA,2002-2002,AIR BAGS:FRONTAL,DRIVER'S AIR BAG SYSTEM MALFUNCTION,20020326,20020829,156,,upgraded_to_EA,EA02020,03V061000,car_or_light_truck
PE02039,PE,Toyota Motor Corporation,TOYOTA,T100,1993-1998,POWER TRAIN,CLUTCH PEDAL BRACKET/FIREWALL,20020401,20020730,120,,closed_no_recall,,,car_or_light_truck
PE02040,PE,Ford Motor Company,FORD,FOCUS,2000-2001,ENGINE AND ENGINE COOLING,ENGINE STALLING,20020404,20020909,158,,upgraded_to_EA,EA02025,,car_or_light_truck
PE02044,PE,Ford Motor Company,FORD,FOCUS,2000-2002,SUSPENSION,FRONT SUSPENSION LOWER CONTROL ARM,20020501,20020909,131,,upgraded_to_EA,EA02023,,car_or_light_truck
PE02045,PE,"Chrysler (FCA US, LLC)",JEEP,GRAND CHEROKEE,1996-1998,STRUCTURE,HOOD LATCH,20020517,20021016,152,,upgraded_to_EA,EA02029,,car_or_light_truck
PE02048,PE,"General Motors, LLC",GMC,U-VAN,1998-1998,SEAT BELTS,SAFETY BELT ASSEMBLY,20020605,20021118,166,,upgraded_to_EA,EA02032,,car_or_light_truck
PE02050,PE,"General Motors, LLC",BUICK; PONTIAC,BONNEVILLE; GRAND PRIX; LESABRE; PARK AVENUE; REGAL,1996-2000,ENGINE AND ENGINE COOLING,ENGINE COMPARTMENT FIRES,20020613,20021022,131,,closed_no_recall,,,car_or_light_truck
PE02051,PE,"Kia America, Inc.",KIA,SEPHIA; SPORTAGE,1995-1998,SEAT BELTS:FRONT:BUCKLE ASSEMBLY,SAFETY BELT BUCKLE MALFUNCTION,20020617,20020920,95,02V216000,recall,,,car_or_light_truck
PE02052,PE,"Nissan North America, Inc.",NISSAN,FRONTIER; XTERRA,2001-2001,VEHICLE SPEED CONTROL:LINKAGES,FUEL SPILL DURING REFUELING,20020620,20021203,166,02V300000,recall,,,car_or_light_truck
PE02054,PE,"General Motors, LLC",CHEVROLET,CORVETTE,1997-2001,STEERING,STEERING COLUMN LOCKUP,20020701,20021115,137,,upgraded_to_EA,EA02031,04V060000,car_or_light_truck
PE02055,PE,Hyundai Motor America,HYUNDAI,ACCENT,1995-1996,SUSPENSION; SUSPENSION:FRONT:CONTROL ARM; SUSPENSION:FRONT:CONTROL ARM:LOWER ARM,FRONT SUSPENSION LOWER CONTROL ARM,20020702,20021220,171,02V341000,recall,,,car_or_light_truck
PE02058,PE,"Chrysler (FCA US, LLC)",CHRYSLER,PT CRUISER,2001-2001,VEHICLE SPEED CONTROL:LINKAGES,FUEL HOSE ABRASION,20020719,20021004,77,02V214000,recall,,,car_or_light_truck
PE02062,PE,"Chrysler (FCA US, LLC)",PLYMOUTH,PROWLER,1999-1999,SUSPENSION,BALL JOINT,20020813,20021126,105,,upgraded_to_EA,EA02033,03V034000,car_or_light_truck
PE02064,PE,"General Motors, LLC",CHEVROLET,MALIBU,2000-2001,EXTERIOR LIGHTING:HAZARD FLASHING WARNING LIGHTS; EXTERIOR LIGHTING:HAZARD FLASHING WARNING LIGHTS:SWITCH; EXTERIOR LIGHTING:TURN SIGNAL; EXTERIOR LIGHTING:TURN SIGNAL:SWITCH,TURN SIGNAL FAILURE,20020822,20021223,123,,upgraded_to_EA,EA02037,03V327000,car_or_light_truck
PE02066,PE,"General Motors, LLC",CHEVROLET; GMC; OLDSMOBILE; PONTIAC,ALERO; CAVALIER; GRAND AM; MALIBU; S10; SONOMA,2000-2001,"FUEL SYSTEM, GASOLINE; FUEL SYSTEM, GASOLINE:DELIVERY:FUEL PUMP; FUEL SYSTEM, OTHER; FUEL SYSTEM, OTHER:DELIVERY:FUEL PUMP",ENGINE STALL DUE TO FUEL STARVATION,20020906,20031103,423,,upgraded_to_EA,EA04003,04V110000,car_or_light_truck
PE02067,PE,"General Motors, LLC",CHEVROLET; GMC,C/K PICKUPS; DENALI; SUBURBAN; TAHOE; YUKON; YUKON DENALI,2000-2001,SEAT BELTS; SEAT BELTS:REAR/OTHER,ALLEGED FAILURE OF 2ND ROW SEATBELT ALR,20020925,20030211,139,,closed_no_recall,,,car_or_light_truck
PE02068,PE,"Chrysler (FCA US, LLC)",CHRYSLER; DODGE; PLYMOUTH,CARAVAN; GRAND CARAVAN; GRAND VOYAGER; TOWN AND COUNTRY; VOYAGER,2002-2002,VEHICLE SPEED CONTROL:LINKAGES,FUEL TANK LEAK,20020924,20021009,15,02V274000,recall,,,car_or_light_truck
PE02070,PE,Ford Motor Company,FORD,E-350,1996-1997,"SERVICE BRAKES, HYDRAULIC",ALLEGED BRAKE HOSE FAILURES,20021001,20030109,100,,closed_no_recall,,,car_or_light_truck
PE02071,PE,Ford Motor Company,FORD,CROWN VICTORIA,1996-2003,"FUEL SYSTEM, GASOLINE:STORAGE:TANK ASSEMBLY",CNG TANK EXPLODING IN A FIRE,20021001,20030127,118,,upgraded_to_EA,EA03001,03V472000,car_or_light_truck
PE02072,PE,Honda (American Honda Motor Co.),HONDA,ACCORD,1998-2002,SEATS,SEAT FRAME BRACKET FAILURE,20021002,20030328,177,,closed_no_recall,,,car_or_light_truck
PE02076,PE,Ford Motor Company,FORD,AEROSTAR,1992-1994,STRUCTURE:BODY:HATCHBACK/LIFTGATE:SUPPORT DEVICE/STRUT,LUGGAGE COMPARTMENT DOOR DROPS ABRUPTLY,20021010,20030310,151,,closed_no_recall,,,car_or_light_truck
PE02078,PE,"Nissan North America, Inc.",NISSAN,ALTIMA,2002-2002,ENGINE AND ENGINE COOLING:EXHAUST SYSTEM; ENGINE AND ENGINE COOLING:EXHAUST SYSTEM:EMISSION CONTROL:CATALYTIC CONVERTOR,ENGINE COMPARTMENT FIRES,20021018,20030325,158,03V084000,recall,,,car_or_light_truck
PE02079,PE,Toyota Motor Corporation,TOYOTA,CAMRY,1997-2002,ENGINE AND ENGINE COOLING,ENGINE COMPARTMENT FIRE,20021022,20030318,147,,closed_no_recall,,,car_or_light_truck
PE02080,PE,Ford Motor Company,FORD; MERCURY,SABLE; TAURUS,1999-1999,SUSPENSION; SUSPENSION:FRONT:SPRINGS:COIL SPRINGS,FRONT SUSPENSION COIL SPRING FRACTURE,20021022,20030429,189,,closed_no_recall,,,car_or_light_truck
PE02081,PE,Honda (American Honda Motor Co.),ACURA,CL; TL,2000-2003,POWER TRAIN:AUTOMATIC TRANSMISSION,AUTOMATIC TRANSMISSION SUDDEN DOWNSHIFT,20021028,20030305,128,,closed_no_recall,,,car_or_light_truck
PE02082,PE,"Chrysler (FCA US, LLC)",CHRYSLER; DODGE; PLYMOUTH,DURANGO; NEON; PT CRUISER; RAM VAN; SEBRING; STRATUS,1995-2003,SEAT BELTS,SAFETY BELT CINCHING LATCH PLATE,20021106,20030423,168,,closed_no_recall,,,car_or_light_truck
PE02084,PE,"Volkswagen Group of America, Inc.",VOLKSWAGEN,BEETLE,1998-2000,EXTERIOR LIGHTING; EXTERIOR LIGHTING:BRAKE LIGHTS:SWITCH,BRAKE LIGHT SWITCH OPERATION,20021118,20030408,141,,upgraded_to_EA,EA03002,03V265000,car_or_light_truck
PE02085,PE,Ford Motor Company,FORD,WINDSTAR,1998-2000,WHEELS; WHEELS:LUGS/NUTS/BOLTS/STUDS,WHEEL STUD FRACTURE,20021118,20030410,143,,upgraded_to_EA,EA03004,,car_or_light_truck
PE02086,PE,"General Motors, LLC",CHEVROLET; OLDSMOBILE; PONTIAC,SILHOUETTE; TRANS SPORT; VENTURE,1998-1999,SUSPENSION; SUSPENSION:REAR,REAR AXLE TRAILING ARM FAILURE,20021118,20030409,142,,upgraded_to_EA,EA03005,,car_or_light_truck
PE02093,PE,"General Motors, LLC",CHEVROLET; GMC,ENVOY; TRAILBLAZER,2002-2002,"FUEL SYSTEM, GASOLINE:STORAGE; FUEL SYSTEM, GASOLINE:STORAGE:TANK ASSEMBLY",2002 TRAILBLAZER/ENVOY FUEL TANK LEAKS,20021217,20030409,113,,closed_no_recall,,,car_or_light_truck
PE02096,PE,"Chrysler (FCA US, LLC)",DODGE,RAM; RAM 1500; RAM CLUB CAB; RAM PICKUP; RAM QUAD CAB,2002-2002,POWER TRAIN:AXLE ASSEMBLY; POWER TRAIN:DRIVELINE:DIFFERENTIAL UNIT,REAR AXLE FAILURE,20021226,20030515,140,,upgraded_to_EA,EA03011,04V021000,car_or_light_truck
PE03001,PE,"General Motors, LLC",GMC; OLDSMOBILE,BRAVADA; ENVOY,2002-2002,ENGINE AND ENGINE COOLING; POWER TRAIN; POWER TRAIN:AUTOMATIC TRANSMISSION:CONTROL MODULE (TCM/PCM/TECM),ENGINE STALL,20030103,20030506,123,,upgraded_to_EA,EA03007,04V289000,car_or_light_truck
PE03002,PE,Ford Motor Company,FORD; MERCURY,SABLE; TAURUS,2000-2001,AIR BAGS:FRONTAL,FRONTAL AIR BAG NON-DEPLOYMENT IN CRASH,20030106,20030702,177,,upgraded_to_EA,EA03010,,car_or_light_truck
PE03003,PE,"Volvo Car USA, LLC",VOLVO,850; 854,1993-1996,"FUEL SYSTEM, GASOLINE:STORAGE:TANK ASSEMBLY",FUEL TANK LEAKS,20030116,20030611,146,,upgraded_to_EA,EA03008,04V368000,car_or_light_truck
PE03006,PE,"Mercedes-Benz USA, LLC",MERCEDES BENZ,ML320,1999-2001,"STEERING:HYDRAULIC POWER ASSIST:HOSE, PIPING, AND CONNECTIONS; STEERING:HYDRAULIC POWER ASSIST:POWER STEERING FLUID",POWER STEERING HOSE ASSEMBLY LEAKAGE,20030213,20030404,50,03V121000,recall,,,car_or_light_truck
PE03009,PE,Ford Motor Company,FORD; MERCURY,CROWN VICTORIA; GRAND MARQUIS,2003-2003,WHEELS,FRACTURE OF THE STEEL WHEEL RIM,20030225,20030808,164,03V279000,recall,,,car_or_light_truck
PE03010,PE,"Chrysler (FCA US, LLC)",CHRYSLER; DODGE,300M; CONCORDE; INTREPID; LHS,1998-2003,VEHICLE SPEED CONTROL; VEHICLE SPEED CONTROL:ACCELERATOR PEDAL; VEHICLE SPEED CONTROL:CABLES; VEHICLE SPEED CONTROL:LINKAGES,THROTTLE CONTROL FAILURE,20030227,20030902,187,,closed_no_recall,,,car_or_light_truck
PE03011,PE,Ford Motor Company,LINCOLN,TOWN CAR,1999-2003,AIR BAGS:SIDE/WINDOW,INADVERTENT SIDE AIR BAG DEPLOYMENT,20030314,20030822,161,,upgraded_to_EA,EA03014,,car_or_light_truck
PE03012,PE,"Chrysler (FCA US, LLC)",CHRYSLER; DODGE,CARAVAN; TOWN AND COUNTRY; VOYAGER,2002-2002,"STEERING:HYDRAULIC POWER ASSIST SYSTEM; STEERING:HYDRAULIC POWER ASSIST:HOSE, PIPING, AND CONNECTIONS; STEERING:HYDRAULIC POWER ASSIST:POWER STEERING FLUID; STEERING:HYDRAULIC POWER ASSIST:PUMP; STEERING:LINKAGES:DRAG:POWER ASSIST SYSTEM",POWER STEERING HOSE FAILURE,20030409,20030529,50,04V386000,recall,,,car_or_light_truck
PE03013,PE,Honda (American Honda Motor Co.),HONDA,CR-V,2002-2002,ELECTRICAL SYSTEM:IGNITION:SWITCH; POWER TRAIN:AUTOMATIC TRANSMISSION:GEAR POSITION INDICATION (PRNDL); STEERING:COLUMN LOCKING:ANTI-THEFT DEVICE,IGNITION-PARK INTERLOCK SYSTEM,20030415,20030909,147,,upgraded_to_EA,EA03017,03V423000,car_or_light_truck
PE03014,PE,Honda (American Honda Motor Co.),HONDA,ACCORD,1998-1999,POWER TRAIN:AUTOMATIC TRANSMISSION:GEAR POSITION INDICATION (PRNDL),IGNITION-PARK INTERLOCK SYSTEM,20030415,20030905,143,,upgraded_to_EA,EA03017,03V423000,car_or_light_truck
PE03015,PE,"Volkswagen Group of America, Inc.",VOLKSWAGEN,EUROVAN,1998-2000,ENGINE AND ENGINE COOLING:COOLING SYSTEM:FAN,ENGINE COOLING FAN BLADE SEPARATION,20030415,20030815,122,,closed_no_recall,,,car_or_light_truck
PE03016,PE,"Kia America, Inc.",KIA,RIO,2001-2001,"FUEL SYSTEM, GASOLINE; FUEL SYSTEM, GASOLINE:DELIVERY; FUEL SYSTEM, GASOLINE:DELIVERY:HOSES, LINES/PIPING, AND FITTINGS; FUEL SYSTEM, GASOLINE:FUEL INJECTION SYSTEM; FUEL SYSTEM, GASOLINE:FUEL INJECTION SYSTEM:FUEL RAIL; FUEL SYSTEM, GASOLINE:FUEL INJECTION SYSTEM:INJECTORS",ENGINE COMPARTMENT FIRES,20030415,20030828,135,,upgraded_to_EA,EA03015,03V352000; 04V179000,car_or_light_truck
PE03017,PE,"General Motors, LLC",SATURN,LS,2001-2002,EXTERIOR LIGHTING; EXTERIOR LIGHTING:HEADLIGHTS; EXTERIOR LIGHTING:HEADLIGHTS:CONCEALMENT DEVICES; EXTERIOR LIGHTING:HEADLIGHTS:HIGH/LOW BEAM DIMMER SWITCH; EXTERIOR LIGHTING:HEADLIGHTS:SWITCH; EXTERIOR LIGHTING:TAIL LIGHTS:SWITCH; EXTERIOR LIGHTING:TURN SIGNAL; EXTERIOR LIGHTING:TURN SIGNAL:SWITCH,HEADLAMPS FLICKER OFF AND ON,20030417,20030825,130,,closed_no_recall,,,car_or_light_truck
PE03019,PE,"Volkswagen Group of America, Inc.",AUDI,A6; AUDI,1998-1999,STEERING: STEERING WHEEL/HANDLE BAR,STEERING WHEEL HEATER OVERHEATS,20030515,20030917,125,,closed_no_recall,,,car_or_light_truck
PE03020,PE,Ford Motor Company,FORD; MERCURY,EXPLORER; EXPLORER SPORT; EXPLORER SPORT TRAC; MOUNTAINEER,1998-2002,SEATS:FRONT ASSEMBLY:RECLINER,FRONT SEAT BACK RECLINER ATTACHMENT,20030521,20030905,107,03V281000,recall,,,car_or_light_truck
PE03021,PE,"Volkswagen Group of America, Inc.",VOLKSWAGEN,PASSAT,1998-2002,AIR BAGS:FRONTAL,PASSENGER SIR DOOR MOUNTING STUD FAILURE,20030523,20031007,137,,upgraded_to_EA,EA03020,,car_or_light_truck
PE03026,PE,"General Motors, LLC",CHEVROLET,SIERRA; SILVERADO; SUBURBAN; TAHOE; YUKON,1999-2003,WHEELS; WHEELS:MULTI PIECE; WHEELS:RIM,STEEL WHEEL RIM FRACTURE,20030612,20031103,144,,closed_no_recall,,,car_or_light_truck
PE03029,PE,"Subaru of America, Inc.",SUBARU,WRX,2002-2003,"SERVICE BRAKES, HYDRAULIC:ANTILOCK/TRACTION CONTROL/ELECTRONIC LIMITED SLIP",BRAKING SYSTEM/ABS,20030708,20031119,134,,upgraded_to_EA,EA03024,,car_or_light_truck
PE03030,PE,Ford Motor Company; Mazda Motor Corp.,FORD; MAZDA,ESCAPE; TRIBUTE,2001-2001,SEAT BELTS:FRONT:BUCKLE ASSEMBLY,SAFETY BELT BUCKLE FAILURE,20030714,20031231,170,03V507000; 03V515000,recall,,,car_or_light_truck
PE03031,PE,"General Motors, LLC",CHEVROLET; PONTIAC,GRAND AM; MALIBU,1999-1999,SUSPENSION:FRONT; SUSPENSION:FRONT:SPRINGS:COIL SPRINGS,FRONT SUSPENSION COIL SPRING FRACTURE,20030714,20031104,113,,upgraded_to_EA,EA03021,,car_or_light_truck
PE03032,PE,"Chrysler (FCA US, LLC)",DODGE,DURANGO,1998-2003,SUSPENSION:FRONT; SUSPENSION:FRONT:CONTROL ARM; SUSPENSION:FRONT:CONTROL ARM:UPPER ARM; SUSPENSION:FRONT:CONTROL ARM:UPPER BALL JOINT,FRONT SUSP. UPPER BALL JOINT FAILURE,20030716,20031119,126,,upgraded_to_EA,EA03023,04V596000,car_or_light_truck
PE03035,PE,"Volkswagen Group of America, Inc.",AUDI,A6,1999-2000,ELECTRICAL SYSTEM; ELECTRICAL SYSTEM:WIRING; ELECTRICAL SYSTEM:WIRING:FUSES AND CIRCUIT BREAKERS; ELECTRICAL SYSTEM:WIRING:INTERIOR/UNDER DASH,DRIVERS SIDE DASHBOARD FIRE,20030725,20031125,123,,upgraded_to_EA,EA03025,04V133000; 06V198000,car_or_light_truck
PE03042,PE,"General Motors, LLC",CHEVROLET; GMC; OLDSMOBILE,BRAVADA; ENVOY; TRAILBLAZER,2002-2003,VISIBILITY:WINDSHIELD WIPER/WASHER; VISIBILITY:WINDSHIELD WIPER/WASHER:MOTOR,WINDSHIELD WIPER FAILURE,20030917,20040106,111,,upgraded_to_EA,EA04002,04V046000; 04V061000,car_or_light_truck
PE03044,PE,Ford Motor Company,FORD,EXCURSION; F SUPER DUTY,2002-2003,VEHICLE SPEED CONTROL; VEHICLE SPEED CONTROL:ACCELERATOR PEDAL,ACCELERATOR PEDAL SENSOR FAILURE (ETC),20030926,20040218,145,,upgraded_to_EA,EA04006,,car_or_light_truck
PE03047,PE,Mazda Motor Corp.,MAZDA,MAZDA6,2003-2003,"FUEL SYSTEM, GASOLINE:DELIVERY:FUEL PUMP; FUEL SYSTEM, GASOLINE:STORAGE:TANK ASSEMBLY",FUEL TANK SENDING UNIT SEAL LEAK,20031014,20031224,71,03V531000,recall,,,car_or_light_truck
PE03049,PE,"General Motors, LLC",CHEVROLET,SILVERADO,1999-2002,LATCHES/LOCKS/LINKAGES:TAILGATE:LATCH,TAILGATE CABLE BREAKAGE,20031023,20040219,119,,upgraded_to_EA,EA04005,04E067000; 04V129000,car_or_light_truck
PE03050,PE,"General Motors, LLC",CADILLAC; OLDSMOBILE,AURORA; DEVILLE; ELDORADO; SEVILLE,1995-1997,"FUEL SYSTEM, GASOLINE:FUEL INJECTION SYSTEM:FUEL RAIL",FUEL RAIL LEAKAGE,20031030,20040203,96,,upgraded_to_EA,EA04003,04V110000,car_or_light_truck
PE03052,PE,"Volkswagen Group of America, Inc.",VOLKSWAGEN,JETTA,2002-2003,SEATS:FRONT ASSEMBLY:SEAT HEATER/COOLER,DRIVER SEAT OVERHEATS/BURNS,20031119,20040330,132,,upgraded_to_EA,EA04010,,car_or_light_truck
PE03054,PE,"BMW of North America, LLC",BMW,BMW MOTORCYCLE; K 1200 RS; K SERIES; K1200LT; K1200RS; R 1100 S,2000-9999,"FUEL SYSTEM, GASOLINE:DELIVERY:HOSES, LINES/PIPING, AND FITTINGS",FUEL LINE LEAKAGE,20031201,20040123,53,04V028000,recall,,,car_or_light_truck
PE03057,PE,"General Motors, LLC",CHEVROLET; GMC,C PICKUP; C SERIES; C SERIES (LIGHT); C/K PICKUP; C/K PICKUPS; C/K SERIES,1999-2003,PARKING BRAKE,PARKING BRAKE FAILURE,20031208,20040409,123,,upgraded_to_EA,EA04011,05V161000,car_or_light_truck
PE03058,PE,"Mercedes-Benz USA, LLC",MERCEDES BENZ,202; 208; 210; 215; 220; C CLASS,1998-2000,ENGINE AND ENGINE COOLING:ENGINE:GASOLINE:BELTS AND ASSOCIATED PULLEYS,ENGINE CRANKSHAFT PULLEY FAILURE,20031217,20040422,127,,closed_no_recall,,,car_or_light_truck
PE03059,PE,"SAAB CARS USA, INC.",SAAB,9-3,2003-2003,ELECTRICAL SYSTEM:IGNITION:MODULE; ENGINE AND ENGINE COOLING,ENGINE STALL,20031230,20040319,80,,upgraded_to_EA,EA04008,,car_or_light_truck
PE04001,PE,"General Motors, LLC",CHEVROLET; GMC; OLDSMOBILE,BRAVADA; ENVOY; ENVOY XL; TRAILBLAZER; TRAILBLAZER EXT,2003-2003,"FUEL SYSTEM, GASOLINE:STORAGE; FUEL SYSTEM, GASOLINE:STORAGE:TANK ASSEMBLY:FILLER PIPE AND CAP",FUEL SPILLAGE DURING REFUELING,20040105,20040507,123,,upgraded_to_EA,EA04026,05V155000,car_or_light_truck
PE04002,PE,"Subaru of America, Inc.",SUBARU,IMPREZA; WRX,2002-2003,"FUEL SYSTEM, GASOLINE; FUEL SYSTEM, GASOLINE:DELIVERY:HOSES, LINES/PIPING, AND FITTINGS",FUEL LINE LEAKAGE IN ENGINE COMPARTMENT,20040107,20040527,141,,closed_no_recall,,,car_or_light_truck
PE04004,PE,"General Motors, LLC",CHEVROLET; GMC,SIERRA 2500; SIERRA 2500 HD; SIERRA 3500; SIERRA 3500 HD; SILVERADO 2500; SILVERADO 2500 HD,2000-2002,"SERVICE BRAKES, HYDRAULIC; SERVICE BRAKES, HYDRAULIC:POWER ASSIST; SERVICE BRAKES, HYDRAULIC:POWER ASSIST:HYDRAULIC; STEERING:HYDRAULIC POWER ASSIST SYSTEM; STEERING:HYDRAULIC POWER ASSIST:PUMP",HYDRAULIC PUMP SHAFT FAILURES,20040108,20040430,113,,upgraded_to_EA,EA04012,05V005000,car_or_light_truck
PE04010,PE,Ford Motor Company,FORD; LINCOLN; MERCURY,CROWN VICTORIA; GRAND MARQUIS; TOWN CAR,2003-2003,POWER TRAIN:AXLE ASSEMBLY:AXLE SHAFT,REAR AXLE FRACTURE,20040122,20040708,168,04V328000,recall,,,car_or_light_truck
PE04017,PE,"Chrysler (FCA US, LLC)",CHRYSLER,TOWN AND COUNTRY,1999-2000,SEATS:FRONT ASSEMBLY:SEAT HEATER/COOLER,OVERHEATING OF SEAT HEATERS,20040218,20040621,124,,closed_no_recall,,,car_or_light_truck
PE04018,PE,Honda (American Honda Motor Co.),HONDA,CR-V,2003-2003,ENGINE AND ENGINE COOLING:ENGINE; ENGINE AND ENGINE COOLING:EXHAUST SYSTEM,OIL FILTER FIRES,20040219,20040701,133,,upgraded_to_EA,EA04027,,car_or_light_truck
PE04020,PE,"Ford Motor Company; Nissan North America, Inc.",MERCURY; NISSAN,QUEST; VILLAGER,1999-2000,EXTERIOR LIGHTING:HEADLIGHTS,FAILING HEADLIGHTS,20040226,20040624,119,,closed_no_recall,,,car_or_light_truck
PE04021,PE,Toyota Motor Corporation,LEXUS; TOYOTA,CAMRY; CAMRY SOLARA; ES300,2002-2003,VEHICLE SPEED CONTROL,THROTTLE CONTROL SYSTEM,20040303,20040722,141,,closed_no_recall,,,car_or_light_truck
PE04022,PE,Ford Motor Company,FORD,WINDSTAR,1999-2002,STRUCTURE:BODY:DOOR; STRUCTURE:BODY:DOOR:HINGE AND ATTACHMENTS,POWER SLIDING DOOR OPENING,20040303,20040701,120,,closed_no_recall,,,car_or_light_truck
PE04023,PE,"Volkswagen Group of America, Inc.",AUDI,A6,1998-1999,"FUEL SYSTEM, GASOLINE; VEHICLE SPEED CONTROL; VEHICLE SPEED CONTROL:CABLES; VEHICLE SPEED CONTROL:LINKAGES",STUCK-OPEN THROTTLE,20040305,20040630,117,,upgraded_to_EA,EA04017,04V495000,car_or_light_truck
PE04027,PE,"Nissan North America, Inc.",NISSAN,QUEST,2004-2004,LATCHES/LOCKS/LINKAGES:DOORS:LATCH; STRUCTURE:BODY:DOOR,POWER-SLIDING DOOR OPENING,20040315,20040602,79,04V186000,recall,,,car_or_light_truck
PE04028,PE,"Chrysler (FCA US, LLC)",CHRYSLER,PT CRUISER,2001-2005,"STEERING; STEERING:HYDRAULIC POWER ASSIST SYSTEM; STEERING:HYDRAULIC POWER ASSIST:HOSE, PIPING, AND CONNECTIONS; STEERING:HYDRAULIC POWER ASSIST:POWER STEERING FLUID",ENGINE COMPARTMENT FIRES,20040315,20040618,95,04V268000,recall,,,car_or_light_truck
PE04030,PE,"Kia America, Inc.",KIA,RIO,2001-2001,WHEELS; WHEELS:HUBCAP/COVER,STEEL WHEEL FRACTURE,20040324,20040722,120,,upgraded_to_EA,EA04020,05V159000,car_or_light_truck
PE04031,PE,"General Motors, LLC",CHEVROLET,MALIBU; MALIBU MAXX,2004-2004,STEERING; STEERING:ELECTRIC POWER ASSIST SYSTEM,LOSS OF ELECTRIC POWER STEERING,20040330,20040701,93,,upgraded_to_EA,EA04018,,car_or_light_truck
PE04032,PE,"General Motors, LLC",CHEVROLET,TRAILBLAZER,2002-2004,EXTERIOR LIGHTING:BRAKE LIGHTS,BRAKE LAMP FAILURE,20040406,20040803,119,,upgraded_to_EA,EA04021,04V527000,car_or_light_truck
PE04033,PE,Ford Motor Company,FORD,FOCUS,2000-2000,LATCHES/LOCKS/LINKAGES:DOORS:LATCH,REAR DOOR LATCH FAILURE,20040408,20040820,134,,upgraded_to_EA,EA04023,05V030000,car_or_light_truck
PE04035,PE,"Nissan North America, Inc.",NISSAN,MAXIMA,2004-2004,VISIBILITY:SUN/MOON ROOF ASSEMBLY,GLASS ROOF SHATTERING,20040412,20040713,92,04V326000,recall,,,car_or_light_truck
PE04039,PE,"Chrysler (FCA US, LLC)",DODGE,RAM 2500; RAM 3500,2003-2004,POWER TRAIN:AUTOMATIC TRANSMISSION; POWER TRAIN:AUTOMATIC TRANSMISSION:GEAR POSITION INDICATION (PRNDL); POWER TRAIN:AUTOMATIC TRANSMISSION:LEVER AND LINKAGE:COLUMN SHIFT; POWER TRAIN:AUTOMATIC TRANSMISSION:LEVER AND LINKAGE:FLOOR SHIFT; POWER TRAIN:AUTOMATIC TRANSMISSION:PARK/NEUTRAL START INTERLOCK SWITCH,FALSE PARK,20040413,20040826,135,,upgraded_to_EA,EA04025,05V462000,car_or_light_truck
PE04040,PE,Toyota Motor Corporation,TOYOTA,TUNDRA,2002-2002,SUSPENSION:FRONT:CONTROL ARM:LOWER BALL JOINT; SUSPENSION:FRONT:CONTROL ARM:UPPER BALL JOINT,FRONT SUSPENSION BALL JOINT BREAKAGE,20040413,20040820,129,,upgraded_to_EA,EA04024,05V225000,car_or_light_truck
PE04041,PE,Hyundai Motor America,HYUNDAI,ELANTRA,2004-2004,"FUEL SYSTEM, GASOLINE:STORAGE:TANK ASSEMBLY",POST-CRASH FUEL TANK LEAK,20040416,20040713,88,04V208000; 04V370000,recall,,,car_or_light_truck
PE04042,PE,"General Motors, LLC",CHEVROLET; GMC,SUBURBAN; YUKON XL,2000-2001,"FUEL SYSTEM, GASOLINE:DELIVERY:FUEL PUMP",OVERHEATED FUEL PUMP WIRING,20040503,20040909,129,05V155000,recall,EA04026,05V155000,car_or_light_truck
PE04043,PE,"General Motors, LLC",CHEVROLET; PONTIAC,CAVALIER; SUNFIRE,2003-2003,EXTERIOR LIGHTING:TURN SIGNAL,TURN SIGNAL MALFUNCTION,20040514,20040914,123,,upgraded_to_EA,EA04028,04V524000,car_or_light_truck
PE04044,PE,Ford Motor Company,FORD; MERCURY,SABLE; SHO (TAURUS); TAURUS; TAURUS SHO,1999-2000,SUSPENSION:FRONT; SUSPENSION:FRONT:SPRINGS:COIL SPRINGS,FRONT SUSPENSION COIL SPRING FRACTURE,20040524,20040816,84,04V332000,recall,,,car_or_light_truck
PE04045,PE,Ford Motor Company,FORD; MERCURY,EXPLORER; EXPLORER SPORT; MOUNTAINEER,2002-2002,STRUCTURE:BODY:HATCHBACK/LIFTGATE:HINGE AND ATTACHMENTS,REAR LIFTGATE GLASS ASSEMBLY,20040602,20040928,118,04V442000,recall,,,car_or_light_truck
PE04049,PE,"Chrysler (FCA US, LLC)",CHRYSLER; DODGE,CARAVAN; GRAND CARAVAN; TOWN AND COUNTRY; VOYAGER,2002-2002,ELECTRICAL SYSTEM:WIRING: REAR COMPARTMENT/TRUNK; EQUIPMENT:ELECTRICAL:RADIO/TAPE DECK/CD ETC.,SPEAKER FIRE IN THE REAR OF THE VEHICLE,20040707,20041105,121,04V531000,recall,,,car_or_light_truck
PE04050,PE,"Kia America, Inc.",KIA,OPTIMA,2001-2001,LATCHES/LOCKS/LINKAGES:DOORS:LATCH,POWER DOOR LOCK FAILURE,20040707,20041104,120,,upgraded_to_EA,EA04030,,car_or_light_truck
PE04052,PE,"General Motors, LLC",SATURN,VUE,2002-2004,SUSPENSION; SUSPENSION:REAR,REAR SUSPENSION TOE CONTROL LINK,20040722,20041101,102,,closed_no_recall,,,car_or_light_truck
PE04053,PE,Honda (American Honda Motor Co.),HONDA,ACCORD,2004-2004,AIR BAGS:FRONTAL,FRONTAL DRIVER AIR BAG,20040726,20041122,119,04V551000,recall,,,car_or_light_truck
PE04054,PE,"Chrysler (FCA US, LLC)",CHRYSLER; DODGE,GRAND CARAVAN; TOWN AND COUNTRY,2003-2003,LATCHES/LOCKS/LINKAGES; LATCHES/LOCKS/LINKAGES:HATCHBACK/LIFTGATE:LOCK,POWER LIFTGATE LATCH,20040730,20041122,115,,upgraded_to_EA,EA04031,05V134000,car_or_light_truck
PE04055,PE,"Suzuki Motor USA, LLC",SUZUKI,DR350SE,1994-1999,ENGINE AND ENGINE COOLING,REAR WHEEL LOCKUP,20040803,20041112,101,,closed_no_recall,,,car_or_light_truck
PE04060,PE,"General Motors, LLC",CADILLAC,DEVILLE,2000-2001,SEAT BELTS; SEAT BELTS:FRONT; SEAT BELTS:FRONT:BUCKLE ASSEMBLY,FAILING SEAT BELT BUCKLES,20040817,20050203,170,,closed_no_recall,,,car_or_light_truck
PE04061,PE,"General Motors, LLC",SATURN,ION,2003-2004,EXTERIOR LIGHTING:TURN SIGNAL,FRONT TURN SIGNAL/DRL FAILURE,20040817,20041222,127,04V547000,recall,EA04035,,car_or_light_truck
PE04063,PE,Honda (American Honda Motor Co.),HONDA,VTX1800,2002-2002,STRUCTURE:MOTORCYCLE:KICKSTAND/CENTER STAND,UNINTENDED SIDE-STAND DEPLOYMENT,20040915,20050121,128,04V564000,recall,,,car_or_light_truck
PE04064,PE,"General Motors, LLC",CHEVROLET; OLDSMOBILE; PONTIAC,MONTANA; SILHOUETTE; TRANS SPORT; VENTURE,1998-2004,STRUCTURE:BODY:DOOR,POWER-SLIDING DOOR,20040917,20041222,96,04V597000,recall,EA05007,06V066000,car_or_light_truck
PE04065,PE,"Kia America, Inc.",KIA,SPECTRA,2002-2002,"SERVICE BRAKES, HYDRAULIC; SERVICE BRAKES, HYDRAULIC:FOUNDATION COMPONENTS:DRUM:WHEEL CYLINDERS",REAR DRUM BRAKE WHEEL CYLINDER LEAKAGE,20040921,20050208,140,,closed_no_recall,,,car_or_light_truck
PE04067,PE,"Kia America, Inc.",KIA,SEDONA,2002-2004,VEHICLE SPEED CONTROL; VEHICLE SPEED CONTROL:CABLES; VEHICLE SPEED CONTROL:LINKAGES,THROTTLE CABLE BINDING,20040924,20050127,125,05V013000; 05V329000,recall,,,car_or_light_truck
PE04070,PE,Ford Motor Company,FORD,EXCURSION; F SUPER DUTY; F-250; F-250 SD; F-350; F-350 SD,2003-2004,ENGINE AND ENGINE COOLING:ENGINE:DIESEL,ENGINE STALLING,20041007,20050215,131,,upgraded_to_EA,EA05003,05V270000,car_or_light_truck
PE04072,PE,"General Motors, LLC",CHEVROLET; GMC,ASTRO; SAFARI,2001-2002,EXTERIOR LIGHTING:BRAKE LIGHTS; EXTERIOR LIGHTING:HAZARD FLASHING WARNING LIGHTS,LOSS OF BRAKE LAMP ILLUMINATION,20041019,20050321,153,05V099000,recall,,,car_or_light_truck
PE04073,PE,"Volkswagen Group of America, Inc.",VOLKSWAGEN,GOLF; GTI; JETTA,2000-2002,EXTERIOR LIGHTING:HAZARD FLASHING WARNING LIGHTS; EXTERIOR LIGHTING:HAZARD FLASHING WARNING LIGHTS:SWITCH; EXTERIOR LIGHTING:TURN SIGNAL; EXTERIOR LIGHTING:TURN SIGNAL:FLASHER UNIT,TURN SIGNAL/HAZARD FLASHER FAILURE,20041019,20041216,58,04V584000,recall,,,car_or_light_truck
PE04075,PE,"General Motors, LLC",BUICK; PONTIAC,AZTEK; RENDEZVOUS,2004-2004,ELECTRICAL SYSTEM:IGNITION; ELECTRICAL SYSTEM:IGNITION:MODULE,IGNITION RELAY FAILURE,20041110,20050428,169,,closed_no_recall,,,car_or_light_truck
PE04076,PE,"General Motors, LLC",CHEVROLET; GMC,CANYON; COLORADO,2004-2004,AIR BAGS; AIR BAGS:FRONTAL,INADVERTENT FRONT AIRBAG DEPLOYMENT,20041110,20050314,124,,closed_no_recall,,,car_or_light_truck
PE04077,PE,"Nissan North America, Inc.",NISSAN,MURANO,2003-2004,ELECTRICAL SYSTEM; ELECTRICAL SYSTEM:ALTERNATOR/GENERATOR/REGULATOR,ALTERNATOR FAILURE/ ENGINE STALLING,20041119,20050325,126,,upgraded_to_EA,EA05006,05V319000,car_or_light_truck
PE04078,PE,Ford Motor Company,FORD; LINCOLN,EXPEDITION; F-150; NAVIGATOR,2000-2000,VEHICLE SPEED CONTROL:CRUISE CONTROL,SPEED CONTROL DEACTIVATION SWITCH FIRE,20041119,20050322,123,05V017000,recall,EA05005,05V388000; 06V286000; 07V078000; 07V336000; 07V347000; 07V488000; 08V025000,car_or_light_truck
PE04079,PE,"Volkswagen Group of America, Inc.",VOLKSWAGEN,GOLF; GTI,1999-2000,"FUEL SYSTEM, GASOLINE:DELIVERY:FUEL PUMP; FUEL SYSTEM, GASOLINE:DELIVERY:HOSES, LINES/PIPING, AND FITTINGS",FUEL PUMP LEAKS,20041129,20050419,141,05V154000,recall,,,car_or_light_truck
PE04080,PE,"General Motors, LLC",HUMMER,H2,2003-2004,STEERING:LINKAGES:TIE ROD ASSEMBLY; SUSPENSION:FRONT; SUSPENSION:FRONT:CONTROL ARM:LOWER BALL JOINT,STEERING KNUCKLE FRACTURE,20041202,20051028,330,,upgraded_to_EA,EA05017,,car_or_light_truck
PE04081,PE,"Volkswagen Group of America, Inc.",VOLKSWAGEN,GOLF; GTI; JETTA,2001-2003,AIR BAGS:SIDE/WINDOW,INADVERTENT SIDE-AIRBAG DEPLOYMENT,20041216,20050401,106,,closed_no_recall,,,car_or_light_truck
PE05002,PE,Honda (American Honda Motor Co.),ACURA; HONDA,ACCORD; PRELUDE; TL,1997-2002,ELECTRICAL SYSTEM; ELECTRICAL SYSTEM:IGNITION; ELECTRICAL SYSTEM:IGNITION:SWITCH,IGNITION-PARK INTERLOCK,20050113,20050202,20,05V025000,recall,,,car_or_light_truck
PE05004,PE,"Chrysler (FCA US, LLC)",CHRYSLER; DODGE,CARAVAN; GRAND CARAVAN; TOWN AND COUNTRY; VOYAGER,2001-2002,ELECTRICAL SYSTEM; EXTERIOR LIGHTING:HEADLIGHTS; EXTERIOR LIGHTING:HEADLIGHTS:SWITCH,HEADLIGHT MALFUNCTION,20050202,20050601,119,,upgraded_to_EA,EA05009,,car_or_light_truck
PE05005,PE,"Mercedes-Benz USA, LLC",MERCEDES BENZ,ML320,2003-2003,SEATS:FRONT ASSEMBLY:SEAT HEATER/COOLER,ELECTRIC SEAT WARMER OVERHEATS/BURNS,20050202,20050629,147,,closed_no_recall,,,car_or_light_truck
PE05006,PE,"General Motors, LLC",GMC,ENVOY; ENVOY XL; ENVOY XUV,2004-2004,EXTERIOR LIGHTING:TURN SIGNAL; EXTERIOR LIGHTING:TURN SIGNAL:FLASHER UNIT; EXTERIOR LIGHTING:TURN SIGNAL:SWITCH,TURN SIGNAL FAILURES,20050204,20050506,91,05V198000,recall,,,car_or_light_truck
PE05007,PE,"Mitsubishi Motors North America, Inc.",MITSUBISHI,ECLIPSE,2000-2001,EXTERIOR LIGHTING:HEADLIGHTS; EXTERIOR LIGHTING:HEADLIGHTS:CONCEALMENT DEVICES,HEADLIGHTS FAILURE,20050210,20050608,118,,closed_no_recall,,,car_or_light_truck
PE05008,PE,Toyota Motor Corporation,TOYOTA,SIENNA,2004-2004,SEAT BELTS; SEAT BELTS:REAR/OTHER,SEATBELT MALFUNCTION,20050210,20050613,123,,upgraded_to_EA,EA05010,05V327000,car_or_light_truck
PE05009,PE,Toyota Motor Corporation,LEXUS,RX330,2004-2004,"SERVICE BRAKES, HYDRAULIC; SERVICE BRAKES, HYDRAULIC:FOUNDATION COMPONENTS; SERVICE BRAKES, HYDRAULIC:FOUNDATION COMPONENTS:MASTER CYLINDER; SERVICE BRAKES, HYDRAULIC:POWER ASSIST; SERVICE BRAKES, HYDRAULIC:POWER ASSIST:VACUUM; SERVICE BRAKES, HYDRAULIC:POWER ASSIST:VACUUM:HOSES, LINES/PIPING, AND FITTINGS",VACUUM BRAKE BOOSTER FAILURE,20050210,20050615,125,,closed_no_recall,,,car_or_light_truck
PE05010,PE,"General Motors, LLC",SATURN,LS,2000-2002,ELECTRICAL SYSTEM; EXTERIOR LIGHTING; EXTERIOR LIGHTING:BRAKE LIGHTS; EXTERIOR LIGHTING:TAIL LIGHTS,INOPERATIVE TAIL LAMPS,20050215,20050603,108,05V245000,recall,,,car_or_light_truck
PE05017,PE,"SAAB CARS USA, INC.",SAAB,9-3; 9-3 CONVERTIBLE; 9-5,1999-2002,ELECTRICAL SYSTEM; ELECTRICAL SYSTEM:IGNITION; ELECTRICAL SYSTEM:IGNITION:MODULE,ENGINE STALL/ ENGINE COMPARTMENT FIRES,20050407,20050923,169,05V399000; 06V410000,recall,,,car_or_light_truck
PE05019,PE,"Nissan North America, Inc.",NISSAN,QUEST,2004-2004,SEATS:MID/REAR ASSEMBLY,FINGER PINCH POINT,20050421,20050819,120,,upgraded_to_EA,EA05012,05V474000,car_or_light_truck
PE05020,PE,"General Motors, LLC",CADILLAC; CHEVROLET; GMC,AVALANCHE; ESCALADE; ESCALADE EXT; SIERRA; SILVERADO; SUBURBAN,1999-2002,"SERVICE BRAKES, HYDRAULIC:ANTILOCK/TRACTION CONTROL/ELECTRONIC LIMITED SLIP; SERVICE BRAKES, HYDRAULIC:ANTILOCK/TRACTION CONTROL/ELECTRONIC LIMITED SLIP:CONTROL UNIT/MODULE",UNWANTED LOW-SPEED ABS ACTIVATION,20050428,20050913,138,05V379000,recall,,,car_or_light_truck
PE05021,PE,Toyota Motor Corporation,SCION,TC,2005-2005,VISIBILITY:SUN/MOON ROOF ASSEMBLY,SUN/MOON ROOF WIND DEFLECTOR BREAKAGE,20050428,20050826,120,,upgraded_to_EA,EA05013,05V483000,car_or_light_truck
PE05027,PE,"Chrysler (FCA US, LLC)",DODGE,DURANGO; RAM 1500; RAM 2500; RAM 3500,2004-9999,POWER TRAIN:AUTOMATIC TRANSMISSION:CONTROL MODULE (TCM/PCM/TECM),ENGINE STALL,20050516,20051103,171,,upgraded_to_EA,EA05018,,car_or_light_truck
PE05029,PE,Toyota Motor Corporation,TOYOTA,PRIUS,2004-2005,ENGINE AND ENGINE COOLING; ENGINE AND ENGINE COOLING:ENGINE; UNKNOWN OR OTHER,ENGINE STALLING,20050531,20051012,134,,closed_no_recall,,,car_or_light_truck
PE05033,PE,Ford Motor Company,FORD,EXPEDITION,1999-2001,ELECTRICAL SYSTEM; EQUIPMENT:ELECTRICAL; VISIBILITY:WINDSHIELD,ELECTRICAL SYSTEM FAILURE,20050615,20051013,120,,upgraded_to_EA,EA05015,,car_or_light_truck
PE05034,PE,Land Rover,LAND ROVER,DISCOVERY II,2004-2004,EXTERIOR LIGHTING:BRAKE LIGHTS; EXTERIOR LIGHTING:BRAKE LIGHTS:SWITCH,BRAKE LIGHT SWITCH FAILURE,20050616,20051014,120,,upgraded_to_EA,EA05016,07V041000,car_or_light_truck
PE05035,PE,"Kia America, Inc.",KIA,SEDONA,2003-2003,ELECTRICAL SYSTEM:WIRING:INTERIOR/UNDER DASH,ELECTRICAL FIRE,20050628,20051019,113,05V463000,recall,,,car_or_light_truck
PE05036,PE,"Chrysler (FCA US, LLC)",CHRYSLER; DODGE; PLYMOUTH,BREEZE; CIRRUS; STRATUS,1999-2000,ENGINE AND ENGINE COOLING:ENGINE:GASOLINE,ENGINE COMPARTMENT FIRES,20050629,20051107,131,06V001000,recall,EA05019,,car_or_light_truck
PE05037,PE,Ford Motor Company,FORD; MERCURY,EXPLORER; EXPLORER SPORT; MOUNTAINEER,2002-2002,VEHICLE SPEED CONTROL; VEHICLE SPEED CONTROL:ACCELERATOR PEDAL; VEHICLE SPEED CONTROL:CABLES,STUCK ENGINE THROTTLE,20050707,20051102,118,,closed_no_recall,,,car_or_light_truck
PE05038,PE,Ford Motor Company,FORD,MUSTANG; MUSTANG CONVERTIBLE; MUSTANG GT,2003-2004,VEHICLE SPEED CONTROL:ACCELERATOR PEDAL,ACCELERATOR PEDAL INTERFERENCE,20050707,20050913,68,,upgraded_to_EA,EA05014,06V108000,car_or_light_truck
PE05039,PE,"Chrysler (FCA US, LLC)",JEEP,GRAND CHEROKEE,2002-2002,ENGINE AND ENGINE COOLING:COOLING SYSTEM:FAN,ENGINE COOLING FAN BLADE FAILURE,20050713,20051114,124,06V199000,recall,EA05019,,car_or_light_truck
PE05040,PE,Honda (American Honda Motor Co.),ACURA,MDX,2001-2002,SUSPENSION:FRONT:SPRINGS:COIL SPRINGS; TIRES,FRONT COIL SPRING BREAKAGE,20050714,20050914,62,05V385000,recall,,,car_or_light_truck
PE05041,PE,"Volvo Car USA, LLC",VOLVO,C70; C70 CONVERTIBLE; S60; S70; S80; V70,1999-2002,VEHICLE SPEED CONTROL,THROTTLE CONTROL MALFUNCTION,20050726,20051207,134,,upgraded_to_EA,EA05021,06V441000,car_or_light_truck
PE05042,PE,"Volkswagen Group of America, Inc.",VOLKSWAGEN,TOUAREG,2004-2005,LATCHES/LOCKS/LINKAGES:DOORS:LATCH,EXTERIOR DOOR HANDLE MALFUNCTION,20050811,20051221,132,,closed_no_recall,,,car_or_light_truck
PE05043,PE,Honda (American Honda Motor Co.),HONDA,ACCORD,2000-2001,AIR BAGS:FRONTAL:SENSOR/CONTROL MODULE-INACTIVE; AIR BAGS:SIDE/WINDOW,SRS READINESS INDICATOR ILLUMINATION,20050812,20060324,224,,closed_no_recall,,,car_or_light_truck
PE05046,PE,"Chrysler (FCA US, LLC)",JEEP,LIBERTY,2002-2002,SEAT BELTS:FRONT:BUCKLE ASSEMBLY,FRONT SEAT BELT BUCKLE MALFUNCTION,20050826,20051227,123,,upgraded_to_EA,EA05022,,car_or_light_truck
PE05050,PE,"Nissan North America, Inc.",NISSAN,MURANO,2003-2006,"FUEL SYSTEM, GASOLINE:STORAGE:TANK ASSEMBLY; FUEL SYSTEM, OTHER:STORAGE:TANK ASSEMBLY",FUEL TANK PUNCTURES FROM ROAD DEBRIS,20050913,20060131,140,06V003000,recall,,,car_or_light_truck
PE05051,PE,"Mercedes-Benz USA, LLC",MERCEDES BENZ,SLK; SLK230,1998-2004,EXTERIOR LIGHTING:BRAKE LIGHTS,BRAKE LAMP FAILURE,20050922,20051202,71,05V505000,recall,,,car_or_light_truck
PE05052,PE,"General Motors, LLC",CADILLAC,SRX,2004-2005,VISIBILITY:SUN/MOON ROOF ASSEMBLY,SUN ROOF GLASS FAILURE,20050922,20060120,120,,upgraded_to_EA,EA06001,,car_or_light_truck
PE05053,PE,"BMW of North America, LLC",MINI,COOPER; COOPER S,2002-2003,AIR BAGS; AIR BAGS:SIDE/WINDOW,AIR BAG WARNING LAMP ILLUMINATION,20050927,20060301,155,,closed_no_recall,,,car_or_light_truck
PE05054,PE,Ford Motor Company,FORD; MERCURY,SABLE; TAURUS,2000-2001,SUSPENSION:REAR:SPRINGS; SUSPENSION:REAR:SPRINGS:COIL SPRINGS,REAR COIL SPRING FRACTURE,20050927,20060124,119,,upgraded_to_EA,EA06002,,car_or_light_truck
PE05055,PE,"General Motors, LLC",CHEVROLET; OLDSMOBILE; PONTIAC,ALERO; GRAND AM; MALIBU,2002-2002,EXTERIOR LIGHTING:HAZARD FLASHING WARNING LIGHTS:SWITCH; EXTERIOR LIGHTING:TURN SIGNAL:SWITCH,TURN SIGNAL FAILURES,20050927,20060113,108,,closed_no_recall,,,car_or_light_truck
PE05056,PE,"Chrysler (FCA US, LLC)",DODGE,DAKOTA; DURANGO,2004-2005,STEERING; STEERING: STEERING WHEEL/HANDLE BAR; STEERING:COLUMN; STEERING:LINKAGES,STEERING WHEEL AND SHAFT BOLTS,20051026,20060309,134,,upgraded_to_EA,EA06004,,car_or_light_truck
PE05057,PE,"Volvo Car USA, LLC",VOLVO,XC90,2005-2005,ELECTRICAL SYSTEM:12V/24V/48V BATTERY:CABLES; ELECTRICAL SYSTEM:STARTER ASSEMBLY; ELECTRICAL SYSTEM:WIRING; ELECTRICAL SYSTEM:WIRING:FRONT UNDERHOOD,VOLVO XC90 BATTERY CABLE FAILURES,20051102,20060323,141,05V529000,recall,EA06006,07V221000,car_or_light_truck
PE05059,PE,Hyundai Motor America,HYUNDAI,SONATA,2002-2003,TIRES; TIRES:VALVE; WHEELS:HUB,TIRE VALVE STEM FAILURES,20051107,20060511,185,,closed_no_recall,,,car_or_light_truck
PE05060,PE,"Porsche Cars North America, Inc.",PORSCHE,CAYENNE; CAYENNE S; CAYENNE TURBO,2003-2005,AIR BAGS; AIR BAGS:FRONTAL:SENSOR/CONTROL MODULE-INACTIVE; AIR BAGS:SIDE/WINDOW,SRS WARNING LIGHT ILLUMINATION,20051110,20060315,125,,upgraded_to_EA,EA06005,,car_or_light_truck
PE05061,PE,"Chrysler (FCA US, LLC)",CHRYSLER; DODGE,CARAVAN; GRAND CARAVAN; TOWN AND COUNTRY,2005-2005,AIR BAGS:FRONTAL; AIR BAGS:FRONTAL:SENSOR/CONTROL MODULE-INACTIVE,FRONT AIR BAG CRASH SENSOR FAILURE,20051110,20060308,118,,upgraded_to_EA,EA06003,07V192000,car_or_light_truck
PE05062,PE,"Mercedes-Benz USA, LLC",MERCEDES BENZ,430; 500; 600; S CLASS; S430; S500,2000-2001,INTERIOR LIGHTING,INSTRUMENT CLUSTER FAILURE,20051110,20060208,90,06V028000,recall,,,car_or_light_truck
PE05063,PE,"General Motors, LLC",BUICK; CHEVROLET; PONTIAC; SATURN,MONTANA; RELAY; TERRAZA; UPLANDER,2005-2005,ELECTRICAL SYSTEM; ELECTRICAL SYSTEM:WIRING:FRONT UNDERHOOD; ELECTRICAL SYSTEM:WIRING:FUSES AND CIRCUIT BREAKERS,ELECTRICAL HARNESS DAMAGE,20051129,20060306,97,,closed_no_recall,,,car_or_light_truck
PE05064,PE,"Volvo Car USA, LLC",VOLVO,XC90,2004-2005,VISIBILITY:WINDSHIELD WIPER/WASHER:LINKAGES,WINDSHIELD WIPER ARM PERFORMANCE,20051202,20060510,159,06V144000,recall,,,car_or_light_truck
PE05065,PE,"General Motors, LLC",CHEVROLET; GMC,CANYON; COLORADO,2005-2005,EXTERIOR LIGHTING:BRAKE LIGHTS:SWITCH,BRAKE LAMP SWITCH FAILURE,20051202,20060501,150,06V139000,recall,,,car_or_light_truck
PE05066,PE,Ford Motor Company; Mazda Motor Corp.,FORD; MAZDA,B-SERIES TRUCK; RANGER,2003-2005,EXTERIOR LIGHTING; EXTERIOR LIGHTING:BRAKE LIGHTS; EXTERIOR LIGHTING:TAIL LIGHTS,BRAKE LIGHTS INOPERATIVE,20051205,20060324,109,,closed_no_recall,,,car_or_light_truck
PE06002,PE,"Kia America, Inc.",KIA,SPORTAGE,1999-2000,"FUEL SYSTEM, GASOLINE:STORAGE:TANK ASSEMBLY",FUEL TANK LEAKAGE,20060104,20060509,125,,upgraded_to_EA,EA06007,,car_or_light_truck
PE06004,PE,"Chrysler (FCA US, LLC)",JEEP,LIBERTY,2004-2004,SUSPENSION:FRONT:CONTROL ARM:LOWER BALL JOINT,FRONT SUSPENSION BALL JOINT SEPARATION,20060106,20060531,145,,upgraded_to_EA,EA06008,06V288000,car_or_light_truck
PE06006,PE,"General Motors, LLC",SATURN,ION; L200; L300; LS; VUE,2000-2003,ENGINE AND ENGINE COOLING,TIMING CHAIN FAILURE,20060124,20060606,133,,upgraded_to_EA,EA06009,07V519000,car_or_light_truck
PE06007,PE,Honda (American Honda Motor Co.),HONDA,ODYSSEY,2000-2001,SUSPENSION:FRONT:SPRINGS:COIL SPRINGS,FRONT COIL SPRING FRACTURE,20060124,20060524,120,,closed_no_recall,,,car_or_light_truck
PE06008,PE,"Chrysler (FCA US, LLC)",DODGE,DURANGO,2001-2003,ELECTRICAL SYSTEM:WIRING:INTERIOR/UNDER DASH; SEATS,FIRE UNDER THE DRIVER'S SEAT,20060202,20060619,137,06V339000,recall,EA06011,,car_or_light_truck
PE06009,PE,"Chrysler (FCA US, LLC)",CHRYSLER,PACIFICA,2004-2005,"FUEL SYSTEM, GASOLINE:STORAGE:TANK ASSEMBLY",FUEL TANK PUNCTURES,20060222,20060615,113,,upgraded_to_EA,EA06010,,car_or_light_truck
PE06011,PE,Ford Motor Company,FORD,EXCURSION; F SUPER DUTY; F-250 SD; F-350 SD,1999-2001,ENGINE AND ENGINE COOLING:ENGINE:DIESEL,ENGINE STALLING,20060227,20060623,116,,upgraded_to_EA,EA06012,07V553000,car_or_light_truck
PE06015,PE,"Chrysler (FCA US, LLC)",JEEP,WRANGLER,2006-2006,POWER TRAIN:CLUTCH ASSEMBLY; POWER TRAIN:CLUTCH ASSEMBLY:PEDAL/HAND LEVER(MOTORCYCLE),CLUTCH LINKAGE FAILURE,20060420,20060613,54,06V147000,recall,EA06013,06V432000,car_or_light_truck
PE06016,PE,"General Motors, LLC",CHEVROLET; GMC,AVALANCHE; SIERRA; SILVERADO; SUBURBAN,2001-2002,ENGINE AND ENGINE COOLING; ENGINE AND ENGINE COOLING:ENGINE,CRANK POSITION SENSOR FAILURE - STALL,20060504,20060914,133,,upgraded_to_EA,EA06016,07V521000,car_or_light_truck
PE06017,PE,"General Motors, LLC",CHEVROLET,IMPALA,2001-2003,EXTERIOR LIGHTING; EXTERIOR LIGHTING:HEADLIGHTS; EXTERIOR LIGHTING:HEADLIGHTS:SWITCH,ALLEGED HEADLIGHT FAILURE,20060515,20061025,163,,closed_no_recall,,,car_or_light_truck
PE06018,PE,"Suzuki Motor USA, LLC",SUZUKI,SV1000,2003-2003,ELECTRICAL SYSTEM:WIRING,MOTORCYCLE STALLING,20060517,20061005,141,,closed_no_recall,,,car_or_light_truck
PE06021,PE,"General Motors, LLC",CHEVROLET,TRACKER,2000-2000,SUSPENSION:FRONT,CROSSMEMBER CORROSION FAILURE,20060612,20061030,140,,upgraded_to_EA,EA06018,,car_or_light_truck
PE06022,PE,"Volkswagen Group of America, Inc.",VOLKSWAGEN,TOUAREG,2004-2005,AIR BAGS; AIR BAGS:SIDE/WINDOW,SRS WARNING LIGHT ILLUMINATION,20060619,20061030,133,,closed_no_recall,,,car_or_light_truck
PE06024,PE,Toyota Motor Corporation,SCION,TC,2005-2006,STRUCTURE:BODY:ROOF AND PILLARS; VISIBILITY:SUN/MOON ROOF ASSEMBLY,GLASS MOONROOF SHATTERS,20060707,20061206,152,,upgraded_to_EA,EA06020,08V244000,car_or_light_truck
PE06028,PE,"Chrysler (FCA US, LLC)",DODGE,NEON,2002-2003,EXTERIOR LIGHTING:FOG LIGHTS; EXTERIOR LIGHTING:FOG LIGHTS:SWITCH; EXTERIOR LIGHTING:HEADLIGHTS; EXTERIOR LIGHTING:HEADLIGHTS:SWITCH,HEADLIGHT FAILURE,20060728,20061122,117,,upgraded_to_EA,EA06019,,car_or_light_truck
PE06029,PE,Toyota Motor Corporation,TOYOTA,SIENNA,2004-2005,LATCHES/LOCKS/LINKAGES:HATCHBACK/LIFTGATE:LOCK; STRUCTURE:BODY:HATCHBACK/LIFTGATE; STRUCTURE:BODY:HATCHBACK/LIFTGATE:HINGE AND ATTACHMENTS; STRUCTURE:BODY:HATCHBACK/LIFTGATE:SUPPORT DEVICE/STRUT,UNEXPECTED LIFTGATE CLOSING,20060802,20061201,121,,upgraded_to_EA,EA06020,08V244000,car_or_light_truck
PE06030,PE,"Jaguar Cars, Ltd.",JAGUAR,XJ; XJ SEDAN,2006-2007,"FUEL SYSTEM, GASOLINE:STORAGE:TANK ASSEMBLY",FUEL TANK LEAKAGE,20060816,20061018,63,06V358000,recall,,,car_or_light_truck
PE06042,PE,"Kia America, Inc.",KIA,SPORTAGE,2002-2002,ENGINE AND ENGINE COOLING:COOLING SYSTEM:FAN,FAN BLADE CRACKING/SEPARATION,20060921,20070122,123,,upgraded_to_EA,EA07001,07V161000,car_or_light_truck
PE06043,PE,"Suzuki Motor USA, LLC",SUZUKI,VZR1800,2006-2006,STRUCTURE:MOTORCYCLE:KICKSTAND/CENTER STAND,MOTORCYCLE SIDESTAND ROLL-OFF,20061018,20070209,114,,closed_no_recall,,,car_or_light_truck
PE06045,PE,"Chrysler (FCA US, LLC)",DODGE,DURANGO,2006-2006,AIR BAGS:SIDE/WINDOW,SIDE CURTAIN AIR BAG FAILURE,20061019,20070214,118,,upgraded_to_EA,EA07003,,car_or_light_truck
PE06046,PE,"Chrysler (FCA US, LLC)",CHRYSLER,PT CRUISER,2006-2006,"VISIBILITY:GLASS, SIDE/REAR",REAR QUARTER PANEL GLASS SEPARATION,20061020,20070216,119,,upgraded_to_EA,EA07004,07V149000,car_or_light_truck
PE06048,PE,Ford Motor Company; Mazda Motor Corp.,FORD; MAZDA,ESCAPE; TRIBUTE,2001-2003,"SERVICE BRAKES, HYDRAULIC:ANTILOCK/TRACTION CONTROL/ELECTRONIC LIMITED SLIP; SERVICE BRAKES, HYDRAULIC:ANTILOCK/TRACTION CONTROL/ELECTRONIC LIMITED SLIP:CONTROL UNIT/MODULE",ENGINE COMPARTMENT FIRE,20061030,20070417,169,07V156000; 07V157000,recall,,,car_or_light_truck
PE06050,PE,"Nissan North America, Inc.",NISSAN,350Z,2006-2006,WHEELS; WHEELS:HUBCAP/COVER; WHEELS:LUGS/NUTS/BOLTS/STUDS; WHEELS:RIM,WHEEL FAILURE,20061109,20070409,151,,upgraded_to_EA,EA07005,,car_or_light_truck
PE06053,PE,"Volvo Car USA, LLC",VOLVO,S60,2001-2001,"FUEL SYSTEM, GASOLINE; FUEL SYSTEM, GASOLINE:DELIVERY:FUEL PUMP; FUEL SYSTEM, GASOLINE:STORAGE:TANK ASSEMBLY",FUEL PUMP LEAKAGE,20061115,20070405,141,07V152000,recall,,,car_or_light_truck
PE06055,PE,Toyota Motor Corporation,TOYOTA,HIGHLANDER,2006-2006,STEERING; STEERING:ELECTRIC POWER ASSIST SYSTEM,SUDDEN LOSS OF POWER STEERING ASSIST,20061121,20070328,127,,closed_no_recall,,,car_or_light_truck
PE06056,PE,"Chrysler (FCA US, LLC)",JEEP,LIBERTY,2006-2007,ELECTRICAL SYSTEM; ELECTRICAL SYSTEM:WIRING:INTERIOR/UNDER DASH; VISIBILITY:DEFROSTER/DEFOGGER/HVAC SYSTEM:FAN/MOTOR,"INTERIOR FIRE, PASSENGER SIDE DASH AREA",20061121,20070312,111,07V089000,recall,EA07004,07V149000,car_or_light_truck
PE07001,PE,"General Motors, LLC",PONTIAC,GRAND PRIX,2000-2002,ELECTRICAL SYSTEM; EXTERIOR LIGHTING:BRAKE LIGHTS,LOSS OF BRAKE LAMP ILLUMINATION,20070117,20070430,103,,closed_no_recall,,,car_or_light_truck
PE07006,PE,"General Motors, LLC",PONTIAC,GRAND PRIX,1999-2002,ENGINE AND ENGINE COOLING,ENGINE COMPARTMENT FIRE,20070129,20070612,134,,upgraded_to_EA,EA07008,08V118000; 09V116000,car_or_light_truck
PE07007,PE,"Mercedes-Benz USA, LLC",MERCEDES BENZ,M CLASS; ML320; ML430; ML55,2000-2001,ELECTRONIC STABILITY CONTROL:AUTOMATIC (ASC),ELECTRONIC STABILITY CONTROL MALFUNCTION,20070201,20070711,160,,closed_no_recall,,,car_or_light_truck
PE07009,PE,"Chrysler (FCA US, LLC)",JEEP,COMMANDER; COMMANDER 4X2; COMMANDER 4X4,2006-2007,ELECTRICAL SYSTEM; POWER TRAIN:AUTOMATIC TRANSMISSION:CONTROL MODULE (TCM/PCM/TECM),ENGINE STALL,20070212,20070427,74,,upgraded_to_EA,EA07007,08V203000,car_or_light_truck
PE07010,PE,"General Motors, LLC",PONTIAC,GTO,2004-2006,SUSPENSION; SUSPENSION:FRONT; SUSPENSION:FRONT:MACPHERSON STRUT; TIRES; TIRES:SIDEWALL,FRONT STRUT TO TIRE INTERFERENCE,20070216,20070808,173,,closed_no_recall,,,car_or_light_truck
PE07011,PE,"General Motors, LLC",SATURN,ION,2003-2003,VISIBILITY:WINDSHIELD WIPER/WASHER; VISIBILITY:WINDSHIELD WIPER/WASHER:LINKAGES,WINDSHIED WIPER LINKAGE FAILURE,20070228,20070809,162,,upgraded_to_EA,EA08004,08V162000,car_or_light_truck
PE07013,PE,"General Motors, LLC",CHEVROLET; GMC,ENVOY; ENVOY 360; ENVOY XL; ENVOY XL 370; ENVOY XUV; TRAILBLAZER,2002-2003,"FUEL SYSTEM, GASOLINE:DELIVERY:FUEL PUMP",FUEL PUMP MODULE LEAKS GASOLINE,20070312,20070710,120,,upgraded_to_EA,EA07009,,car_or_light_truck
PE07014,PE,"General Motors, LLC",CHEVROLET; GMC,ENVOY XL; ENVOY XL 370; TRAILBLAZER EXT; TRAILBLAZER EXT 370,2002-2003,"FUEL SYSTEM, GASOLINE:STORAGE:TANK ASSEMBLY; FUEL SYSTEM, OTHER:DELIVERY:HOSES, LINES/PIPING, AND FITTINGS",FUEL TANK LEAK,20070313,20070612,91,,upgraded_to_EA,EA07009,,car_or_light_truck
PE07015,PE,Mazda Motor Corp.,MAZDA,MAZDASPEED3,2007-2007,ENGINE AND ENGINE COOLING:ENGINE:GASOLINE; POWER TRAIN:MANUAL TRANSMISSION,FAILURE OF ENGINE/TRANSMISSION MOUNT,20070313,20070713,122,07V295000,recall,,,car_or_light_truck
PE07016,PE,Toyota Motor Corporation,LEXUS,ES350,2007-2007,VEHICLE SPEED CONTROL:ACCELERATOR PEDAL,ACCESSORY FLOOR MAT,20070329,20070808,132,,upgraded_to_EA,EA07010,07E082000,car_or_light_truck
PE07018,PE,"Volkswagen Group of America, Inc.",VOLKSWAGEN,PASSAT,2002-2002,"SERVICE BRAKES, HYDRAULIC:POWER ASSIST:VACUUM",WATER/ICE IN BRAKE BOOSTER,20070403,20070904,154,,closed_no_recall,,,car_or_light_truck
PE07019,PE,Land Rover,LAND ROVER,NEW RANGE ROVER; RANGE ROVER,2002-2004,POWER TRAIN:AXLE ASSEMBLY:AXLE SHAFT; POWER TRAIN:DRIVELINE:DIFFERENTIAL UNIT; POWER TRAIN:DRIVELINE:DRIVESHAFT,FRONT DIFFERENTIAL/DRIVESHAFT FAILURE,20070404,20070815,133,,upgraded_to_EA,EA07012,08V635000,car_or_light_truck
PE07021,PE,"Mercedes-Benz USA, LLC",MERCEDES BENZ,E CLASS; E300; E320; E430,1996-1999,SUSPENSION:FRONT:SPRINGS:COIL SPRINGS,FRONT SUSPENSION COIL SPRING EJECTION,20070419,20070809,112,,closed_no_recall,,,car_or_light_truck
PE07022,PE,"BMW of North America, LLC",MINI,COOPER; COOPER S,2002-2003,"STEERING:ELECTRIC POWER ASSIST SYSTEM; STEERING:HYDRAULIC POWER ASSIST SYSTEM; STEERING:HYDRAULIC POWER ASSIST:HOSE, PIPING, AND CONNECTIONS; STEERING:HYDRAULIC POWER ASSIST:PUMP",ENGINE COMPARTMENT FIRE,20070419,20070815,118,,upgraded_to_EA,EA07011,,car_or_light_truck
PE07023,PE,"General Motors, LLC",PONTIAC,G6,2005-2006,STEERING:ELECTRIC POWER ASSIST SYSTEM,LOSS OF POWER STEERING ASSIST,20070425,20070925,153,,closed_no_recall,,,car_or_light_truck
PE07024,PE,"Volkswagen Group of America, Inc.",VOLKSWAGEN,PASSAT,2000-2003,ELECTRICAL SYSTEM:IGNITION,PASSENGER/ENGINE COMPARTMENT FIRES,20070510,20070928,141,,upgraded_to_EA,EA07014,08V156000,car_or_light_truck
PE07025,PE,"General Motors, LLC",CHEVROLET; GMC,AVALANCHE 2500; SIERRA 2500; SIERRA 2500 HD; SILVERADO 2500; SUBURBAN 2500; YUKON XL 2500,2002-2002,TRAILER HITCHES,TRAILER HITCH RECEIVER FAILURE,20070514,20070914,123,,upgraded_to_EA,EA07013,,car_or_light_truck
PE07026,PE,"Nissan North America, Inc.",NISSAN,ALTIMA,2007-2007,ENGINE AND ENGINE COOLING,ENGINE COMPARTMENT FIRE,20070522,20070627,36,07V267000,recall,,,car_or_light_truck
PE07027,PE,"Chrysler (FCA US, LLC)",DODGE; JEEP,NITRO; NITRO 4X2; NITRO 4X4; WRANGLER; WRANGLER 2-DR 4X4; WRANGLER 4-DR 4X2,2007-2007,ELECTRICAL SYSTEM; ENGINE AND ENGINE COOLING; POWER TRAIN:AUTOMATIC TRANSMISSION; POWER TRAIN:MANUAL TRANSMISSION,ENGINE STALLING & ELECTRIC POWER LOSS,20070529,20070802,65,07V291000,recall,,,car_or_light_truck
PE07028,PE,Honda (American Honda Motor Co.),HONDA,CIVIC,2003-2003,"FUEL SYSTEM, OTHER; FUEL SYSTEM, OTHER:STORAGE; FUEL SYSTEM, OTHER:STORAGE:TANK ASSEMBLY; FUEL SYSTEM, OTHER:STORAGE:TANK ASSEMBLY:PRESSURE RELIEF DEVICES",CNG TANK EXPLODING IN A FIRE,20070611,20071120,162,,closed_no_recall,,,car_or_light_truck
PE07031,PE,"BMW of North America, LLC",BMW,R SERIES,2000-2007,ENGINE AND ENGINE COOLING,MOTORCYCLE FIRES,20070621,20071023,124,,closed_no_recall,,,car_or_light_truck
PE07033,PE,"General Motors, LLC",CHEVROLET,CAVALIER,2003-2003,"FUEL SYSTEM, GASOLINE; FUEL SYSTEM, GASOLINE:DELIVERY; FUEL SYSTEM, GASOLINE:DELIVERY:FUEL PUMP",FUEL PUMP FAILURE,20070628,20071101,126,,upgraded_to_EA,EA07015,,car_or_light_truck
PE07036,PE,Land Rover,LAND ROVER,FREELANDER,2003-2003,"FUEL SYSTEM, GASOLINE:DELIVERY; FUEL SYSTEM, GASOLINE:DELIVERY:FUEL PUMP",FUEL PUMP FAILURE,20070717,20071210,146,,upgraded_to_EA,EA07018,,car_or_light_truck
PE07037,PE,"General Motors, LLC",CADILLAC; PONTIAC; SATURN,CTS; SKY; SOLSTICE; SRX; STS,2004-2007,POWER TRAIN:DRIVELINE:DIFFERENTIAL UNIT,FAILURE OF THE REAR DIFFERENTIAL,20070717,20071227,163,07V589000,recall,EA07017,,car_or_light_truck
PE07039,PE,"Suzuki Motor USA, LLC",SUZUKI,FORENZA,2004-2005,EXTERIOR LIGHTING:HEADLIGHTS,HEADLIGHT / DRL MALFUNCTION,20070724,20071002,70,07V452000,recall,,,car_or_light_truck
PE07041,PE,"Chrysler (FCA US, LLC)",JEEP,LIBERTY,2005-2006,"FUEL SYSTEM, DIESEL; FUEL SYSTEM, DIESEL: PRE-HEATER",DIESEL FUEL LEAK,20070808,20071207,121,,closed_no_recall,,,car_or_light_truck
PE07042,PE,"Mercedes-Benz USA, LLC",MERCEDES BENZ,S CLASS; S430; S500; S55; S600; SL CLASS,2000-2004,SUSPENSION; SUSPENSION:FRONT:SPRINGS:AIR SUSPENSION SYSTEM; SUSPENSION:FRONT:SPRINGS:AIR SUSPENSION:LINES AND FITTINGS; SUSPENSION:FRONT:SPRINGS:AIR SUSPENSION:SPRINGS/BAGS; SUSPENSION:REAR; SUSPENSION:REAR:SPRINGS:AIR SUSPENSION SYSTEM; SUSPENSION:REAR:SPRINGS:AIR SUSPENSION SYSTEM:LINES AND FITTINGS; SUSPENSION:REAR:SPRINGS:AIR SUSPENSION SYSTEM:SPRINGS/BAGS,AIR SUSPENSION SYSTEM FAILURE,20070814,20071120,98,,closed_no_recall,,,car_or_light_truck
PE07044,PE,"General Motors, LLC",BUICK; CHEVROLET; PONTIAC; SATURN,MONTANA; RELAY; TERRAZA; UPLANDER; VENTURE,2005-2006,LATCHES/LOCKS/LINKAGES:DOORS:LATCH; STRUCTURE:BODY:DOOR; STRUCTURE:BODY:DOOR:HINGE AND ATTACHMENTS,POWER SLIDING DOOR OPENING,20070816,20071211,117,,upgraded_to_EA,EA07019,,car_or_light_truck
PE07045,PE,"BMW of North America, LLC",BMW,5 SERIES; 525I; 530I; 545I; 7 SERIES; 745I,2005-2006,AIR BAGS; AIR BAGS:FRONTAL; AIR BAGS:FRONTAL:SENSOR/CONTROL MODULE-INACTIVE,BMW AIRBAG LIGHT ILLUMINATION,20070904,20080104,122,,upgraded_to_EA,EA08001,08V384000,car_or_light_truck
PE07049,PE,"General Motors, LLC",PONTIAC,VIBE,2003-2004,"VISIBILITY; VISIBILITY:GLASS, SIDE/REAR; VISIBILITY:POWER WINDOW DEVICES AND CONTROLS",SIDE FRONT WINDOW SHATTERS,20070927,20080205,131,,upgraded_to_EA,EA08004,08V162000,car_or_light_truck
PE07051,PE,"General Motors, LLC",CHEVROLET,AVEO,2004-2005,ENGINE AND ENGINE COOLING:EXHAUST SYSTEM:EMISSION CONTROL:CRANKCASE (PCV); VEHICLE SPEED CONTROL,STUCK THROTTLE VALVE,20071019,20080214,118,,upgraded_to_EA,EA08005,,car_or_light_truck
PE07052,PE,"Chrysler (FCA US, LLC)",CHRYSLER,PACIFICA; PACIFICA AWD,2007-2007,STEERING:HYDRAULIC POWER ASSIST:POWER STEERING FLUID,ENGINE COMPARTMENT FIRE,20071019,20080221,125,,upgraded_to_EA,EA08006,,car_or_light_truck
PE07057,PE,Ford Motor Company,FORD,F-250; F-250 SD; F-350; F-350 SD,2005-2007,SUSPENSION; SUSPENSION:FRONT,VIOLENT FRONT END OSCILLATION,20071115,20080314,120,,upgraded_to_EA,EA08007,,car_or_light_truck
PE07058,PE,Ford Motor Company,FORD,FIVE HUNDRED; FREESTYLE,2005-2005,ELECTRICAL SYSTEM: INSTRUMENT CLUSTER/PANEL,INSTRUMENT CLUSTER FAILURE,20071116,20080311,116,,closed_no_recall,,,car_or_light_truck
PE07060,PE,Honda (American Honda Motor Co.),ACURA,TL,2004-2005,VISIBILITY:WINDSHIELD WIPER/WASHER:MOTOR,WINDSHIELD WIPER MOTOR FAILURE,20071129,20080305,97,08V092000; 08V169000,recall,,,car_or_light_truck
PE07062,PE,"Chrysler (FCA US, LLC)",JEEP,LIBERTY,2002-2003,SUSPENSION; SUSPENSION:FRONT:CONTROL ARM:UPPER BALL JOINT,UPPER BALL JOINT SEPARATION,20071217,20080418,123,,upgraded_to_EA,EA08008,09V119000,car_or_light_truck
PE08001,PE,Ford Motor Company,FORD,F-150,2005-2006,"SERVICE BRAKES, HYDRAULIC:POWER ASSIST; SERVICE BRAKES, HYDRAULIC:POWER ASSIST:VACUUM; SERVICE BRAKES, HYDRAULIC:POWER ASSIST:VACUUM:HOSES, LINES/PIPING, AND FITTINGS",LOSS OF BRAKE POWER-ASSIST,20080108,20080509,122,08V208000,recall,EA08021,09V399000,car_or_light_truck
PE08002,PE,"Mercedes-Benz USA, LLC",MERCEDES BENZ,ML500; ML55,2002-2002,"SERVICE BRAKES, HYDRAULIC; SERVICE BRAKES, HYDRAULIC:FOUNDATION COMPONENTS:HOSES, LINES/PIPING, AND FITTINGS",BRAKE LINE RUPTURE,20080110,20080428,109,,upgraded_to_EA,EA08009,,car_or_light_truck
PE08004,PE,"Nissan North America, Inc.",NISSAN,ARMADA; QUEST,2004-2005,AIR BAGS:SIDE/WINDOW,SIDE AIR BAG NON-DEPLOYMENT,20080125,20080530,126,,closed_no_recall,,,car_or_light_truck
PE08005,PE,"General Motors, LLC",SAAB,9-3,2006-2008,"SERVICE BRAKES, HYDRAULIC:POWER ASSIST:VACUUM; SERVICE BRAKES, HYDRAULIC:POWER ASSIST:VACUUM:HOSES, LINES/PIPING, AND FITTINGS",REDUCED BRAKE POWER-ASSIST,20080128,20080603,127,,closed_no_recall,,,car_or_light_truck
PE08006,PE,"Mitsubishi Motors North America, Inc.",MITSUBISHI,ENDEAVOR,2004-2008,ELECTRICAL SYSTEM:IGNITION:SWITCH; POWER TRAIN:MANUAL TRANSMISSION:FLOOR SHIFT ASSEMBLY,IGNITION-PARK INTERLOCK SYSTEM,20080129,20080414,76,08V139000; 08V276000,recall,EA08011,,car_or_light_truck
PE08008,PE,"Volkswagen Group of America, Inc.",AUDI; VOLKSWAGEN,A6; ALLROAD; PASSAT; QUATTRO,2001-2005,"FUEL SYSTEM, GASOLINE:STORAGE:TANK ASSEMBLY; FUEL SYSTEM, OTHER:STORAGE:TANK ASSEMBLY:PRESSURE RELIEF DEVICES",FUEL TANK LEAK,20080131,20080530,120,08V156000; 08V157000,recall,,,car_or_light_truck
PE08010,PE,"General Motors, LLC",CADILLAC; CHEVROLET; GMC; HUMMER,AVALANCHE 1500; AVALANCHE 2500; ESCALADE; ESCALADE ESV; ESCALADE EXT; H2,2007-2008,ELECTRICAL SYSTEM; ELECTRICAL SYSTEM:12V/24V/48V BATTERY; ELECTRICAL SYSTEM:12V/24V/48V BATTERY:CABLES; ELECTRICAL SYSTEM:WIRING; ELECTRICAL SYSTEM:WIRING:FRONT UNDERHOOD; ENGINE AND ENGINE COOLING; ENGINE AND ENGINE COOLING:ENGINE,NON-CRASH ENGINE COMPARTMENT FIRES,20080204,20080612,129,,upgraded_to_EA,EA08010,08V441000,car_or_light_truck
PE08012,PE,"Volkswagen Group of America, Inc.",VOLKSWAGEN,BEETLE,2003-2004,AIR BAGS:FRONTAL:SENSOR/CONTROL MODULE-INACTIVE,FRONT AIR BAG CRASH SENSOR FAILURE,20080215,20080424,69,08V178000,recall,,,car_or_light_truck
PE08014,PE,"Mitsubishi Motors North America, Inc.",MITSUBISHI,GALANT,2002-2003,"ELECTRICAL SYSTEM; ELECTRICAL SYSTEM:WIRING; ELECTRICAL SYSTEM:WIRING:INTERIOR/UNDER DASH; VISIBILITY; VISIBILITY:GLASS, SIDE/REAR; VISIBILITY:POWER WINDOW DEVICES AND CONTROLS",PASSENGER DOOR FIRE,20080304,20080701,119,,upgraded_to_EA,EA08011,,car_or_light_truck
PE08016,PE,"General Motors, LLC",PONTIAC; SATURN,SKY; SOLSTICE,2008-2008,"SERVICE BRAKES, HYDRAULIC; SERVICE BRAKES, HYDRAULIC:ANTILOCK/TRACTION CONTROL/ELECTRONIC LIMITED SLIP; SERVICE BRAKES, HYDRAULIC:ANTILOCK/TRACTION CONTROL/ELECTRONIC LIMITED SLIP:CONTROL UNIT/MODULE; SERVICE BRAKES, HYDRAULIC:POWER ASSIST; SERVICE BRAKES, HYDRAULIC:POWER ASSIST:HYDRAULIC; SERVICE BRAKES, HYDRAULIC:POWER ASSIST:VACUUM",INADEQUATE BRAKE POWER ASSIST,20080306,20080624,110,,closed_no_recall,,,car_or_light_truck
PE08017,PE,Hyundai Motor America,HYUNDAI,ELANTRA,2001-2003,AIR BAGS; AIR BAGS:FRONTAL; AIR BAGS:FRONTAL:SENSOR/CONTROL MODULE-INACTIVE,AIR BAG LIGHT ILLUMINATION,20080310,20080710,122,,upgraded_to_EA,EA08012,08V532000; 08V533000,car_or_light_truck
PE08025,PE,Toyota Motor Corporation,TOYOTA,SIENNA,2004-2004,VEHICLE SPEED CONTROL; VEHICLE SPEED CONTROL:ACCELERATOR PEDAL,ACCELERATOR PEDAL INTERFERENCE,20080410,20080808,120,,upgraded_to_EA,EA08014,09V023000,car_or_light_truck
PE08026,PE,Honda (American Honda Motor Co.),HONDA,ODYSSEY,2005-2005,STRUCTURE:BODY:HATCHBACK/LIFTGATE; STRUCTURE:BODY:HATCHBACK/LIFTGATE:SUPPORT DEVICE/STRUT,UNEXPECTED CLOSING OF POWER LIFTGATE,20080410,20080808,120,,upgraded_to_EA,EA08015,10V055000,car_or_light_truck
PE08027,PE,"Volkswagen Group of America, Inc.",AUDI,A4,2004-2004,"FUEL SYSTEM, GASOLINE; FUEL SYSTEM, GASOLINE:DELIVERY; FUEL SYSTEM, GASOLINE:DELIVERY:FUEL PUMP",ENGINE STALLING - FUEL PUMP FAILURE,20080414,20080806,114,,closed_no_recall,,,car_or_light_truck
PE08029,PE,Hyundai Motor America,HYUNDAI,SONATA,1999-2002,STRUCTURE:FRAME AND MEMBERS; SUSPENSION; SUSPENSION:FRONT; SUSPENSION:FRONT:CONTROL ARM,FRONT SUB-FRAME CORROSION,20080422,20080821,121,,upgraded_to_EA,EA08016,09V124000,car_or_light_truck
PE08030,PE,"Mercedes-Benz USA, LLC",MERCEDES BENZ,ML350; ML500,2007-2007,SEATS:FRONT ASSEMBLY:SEAT HEATER/COOLER,SEAT BACK WARMER OVERHEATS/BURNS,20080425,20080909,137,,closed_no_recall,,,car_or_light_truck
PE08031,PE,"BMW of North America, LLC",MINI,COOPER S,2007-2007,ENGINE AND ENGINE COOLING:EXHAUST SYSTEM,EXHAUST PIPE BURNS,20080428,20080829,123,,upgraded_to_EA,EA08020,08V657000,car_or_light_truck
PE08032,PE,"BMW of North America, LLC",BMW,335I,2007-2007,"FUEL SYSTEM, GASOLINE; FUEL SYSTEM, GASOLINE:DELIVERY; FUEL SYSTEM, GASOLINE:DELIVERY:FUEL PUMP",ENGINE STALLING - FUEL PUMP FAILURE,20080428,20080815,109,,closed_no_recall,,,car_or_light_truck
PE08033,PE,"Kia America, Inc.",KIA,SEDONA; SEDONA EX,2002-2004,STEERING,STEERING BINDING,20080428,20080828,122,,upgraded_to_EA,EA08017,,car_or_light_truck
PE08035,PE,Ford Motor Company,FORD,WINDSTAR,1995-2003,ELECTRICAL SYSTEM; ELECTRICAL SYSTEM:WIRING; VEHICLE SPEED CONTROL,ENGINE COMPARTMENT FIRES,20080513,20080917,127,,upgraded_to_EA,EA08021,09V399000,car_or_light_truck
PE08037,PE,"Nissan North America, Inc.",NISSAN,ARMADA; TITAN,2005-2006,ELECTRICAL SYSTEM:WIRING; ELECTRICAL SYSTEM:WIRING:FRONT UNDERHOOD; ENGINE AND ENGINE COOLING; ENGINE AND ENGINE COOLING:ENGINE,ENGINE COMPARTMENT FIRE,20080530,20080825,87,08V284000,recall,,,car_or_light_truck
PE08040,PE,Hyundai Motor America,HYUNDAI,SANTA FE,2001-2001,SUSPENSION; SUSPENSION:REAR,REAR SUSPENSION TRAILING ARM FAILURE,20080702,20081029,119,,upgraded_to_EA,EA08023,09V123000,car_or_light_truck
PE08041,PE,Toyota Motor Corporation,TOYOTA,SIENNA,2004-2004,STEERING; STEERING:COLUMN; STEERING:LINKAGES,STEERING INTERMEDIATE SHAFT BINDING,20080709,20081028,111,,upgraded_to_EA,EA08024,,car_or_light_truck
PE08042,PE,"General Motors, LLC",HUMMER,H2,2003-2003,VISIBILITY:WINDSHIELD WIPER/WASHER:MOTOR,WINDSHIELD WIPER MOTOR MODULE FAILURE,20080716,20081015,91,08V456000,recall,,,car_or_light_truck
PE08044,PE,Hyundai Motor America,HYUNDAI,ELANTRA,2007-2008,"FUEL SYSTEM, GASOLINE; FUEL SYSTEM, GASOLINE:DELIVERY:FUEL PUMP",ENGINE STALLING - FUEL PUMP FAILURE,20080717,20080903,48,08V429000,recall,,,car_or_light_truck
PE08045,PE,"Nissan North America, Inc.",NISSAN,MAXIMA,2007-2008,POWER TRAIN:AUTOMATIC TRANSMISSION; POWER TRAIN:AUTOMATIC TRANSMISSION:COOLING UNIT AND LINES,TRANSMISSION HOSE LEAK,20080723,20081024,93,,closed_no_recall,,,car_or_light_truck
PE08047,PE,"Chrysler (FCA US, LLC)",DODGE,RAM; RAM 1500; RAM 2500; RAM 3500; RAM PICKUP; RAM QUAD CAB,2000-2001,LATCHES/LOCKS/LINKAGES:HOOD:LATCH; STRUCTURE:BODY:HOOD:HINGE AND ATTACHMENTS,2000-2001 DODGE RAM PICKUP HOOD LATCH,20080725,20081217,145,,closed_no_recall,,,car_or_light_truck
PE08051,PE,"General Motors, LLC; SAAB CARS USA, INC.",SAAB,9-3,2003-2006,SUSPENSION:FRONT:SPRINGS:COIL SPRINGS,FRONT SUSPENSION COIL SPRING FRACTURE,20080828,20081223,117,,upgraded_to_EA,EA08026,,car_or_light_truck
PE08052,PE,"Chrysler (FCA US, LLC)",DODGE,CHARGER; MAGNUM,2007-2009,POWER TRAIN:AUTOMATIC TRANSMISSION:LEVER AND LINKAGE:COLUMN SHIFT,PRNDL MISALIGNMENT,20080902,20081110,69,08V583000,recall,,,car_or_light_truck
PE08054,PE,"General Motors, LLC",PONTIAC,G6,2005-2007,ELECTRICAL SYSTEM:SOFTWARE; EXTERIOR LIGHTING:BRAKE LIGHTS:SWITCH,STOP LAMP MALFUNCTION,20080915,20090130,137,09V036000,recall,EA09004,,car_or_light_truck
PE08056,PE,"General Motors, LLC",CHEVROLET,CORVETTE; CORVETTE Z06,2005-2006,ELECTRONIC STABILITY CONTROL,ELECTRONIC STABILITY CONTROL MALFUNCTION,20080917,20090114,119,,upgraded_to_EA,EA09002,10V172000,car_or_light_truck
PE08059,PE,"Chrysler (FCA US, LLC)",DODGE,RAM 3500,2006-2006,EXTERIOR LIGHTING:TURN SIGNAL; EXTERIOR LIGHTING:TURN SIGNAL:SWITCH,TURN SIGNAL MALFUNCTION,20081007,20090417,192,,closed_no_recall,,,car_or_light_truck
PE08061,PE,"General Motors, LLC",SATURN,LS,2000-2002,ENGINE AND ENGINE COOLING,"TIMING CHAIN BREAKS, ENGINE STALL",20081016,20090408,174,,closed_no_recall,,,car_or_light_truck
PE08062,PE,"General Motors, LLC",CHEVROLET,MALIBU; MALIBU MAXX,2004-2004,EXTERIOR LIGHTING:TAIL LIGHTS; EXTERIOR LIGHTING:TURN SIGNAL,TURN SIGNAL LAMPS,20081021,20090320,150,,upgraded_to_EA,EA09004,,car_or_light_truck
PE08063,PE,Ford Motor Company,FORD,F-150,2003-2004,"FUEL SYSTEM, OTHER; FUEL SYSTEM, OTHER:DELIVERY; FUEL SYSTEM, OTHER:DELIVERY:HOSES, LINES/PIPING, AND FITTINGS; FUEL SYSTEM, OTHER:FUEL INJECTION SYSTEM",CNG REGULATOR LEAK,20081031,20090227,119,,closed_no_recall,,,car_or_light_truck
PE08064,PE,"Subaru of America, Inc.",SUBARU,BAJA,2004-2006,"FUEL SYSTEM, GASOLINE; FUEL SYSTEM, GASOLINE:DELIVERY; FUEL SYSTEM, GASOLINE:DELIVERY:FUEL PUMP; FUEL SYSTEM, GASOLINE:DELIVERY:HOSES, LINES/PIPING, AND FITTINGS",FUEL PUMP LEAK,20081114,20090521,188,,upgraded_to_EA,EA09007,09V277000,car_or_light_truck
PE08065,PE,"Nissan North America, Inc.",NISSAN,MURANO,2003-2007,SEATS,DRIVER SEAT ANCHOR FAILURE,20081118,20090702,226,,closed_no_recall,,,car_or_light_truck
PE08066,PE,Ford Motor Company,FORD; MERCURY,CROWN VICTORIA; GRAND MARQUIS,2003-2005,EXTERIOR LIGHTING:HEADLIGHTS,LOSS OF HEADLIGHT FUNCTION,20081126,20090324,118,,closed_no_recall,,,car_or_light_truck
PE08067,PE,"Nissan North America, Inc.",INFINITI,M45; Q45,2003-2005,AIR BAGS:SIDE/WINDOW,SIDE AIR BAG NON-DEPLOYMENT,20081202,20090401,120,,upgraded_to_EA,EA09005,12V079000,car_or_light_truck
PE08070,PE,Ford Motor Company,FORD,EXPEDITION,2004-2006,WHEELS; WHEELS:RIM,STEEL WHEEL FRACTURE,20081209,20090415,127,,closed_no_recall,,,car_or_light_truck
PE08071,PE,Hyundai Motor America,HYUNDAI,SONATA,2002-2003,LATCHES/LOCKS/LINKAGES:DOORS:LATCH,INTERIOR DOOR HANDLE LACERATION HAZARD,20081215,20090529,165,09V171000,recall,,,car_or_light_truck
PE08072,PE,Toyota Motor Corporation,TOYOTA,SEQUOIA,2003-2003,ELECTRONIC STABILITY CONTROL,ELECTRONIC STABILITY CONTROL AND/OR TRAC,20081216,20090415,120,,upgraded_to_EA,EA09006,10V176000,car_or_light_truck
PE09003,PE,Hyundai Motor America,HYUNDAI,ACCENT; AZERA; ELANTRA; ENTOURAGE; SANTA FE; SONATA,2005-2008,"ELECTRONIC STABILITY CONTROL; EXTERIOR LIGHTING:BRAKE LIGHTS; EXTERIOR LIGHTING:BRAKE LIGHTS:SWITCH; POWER TRAIN:AUTOMATIC TRANSMISSION:LEVER AND LINKAGE:COLUMN SHIFT; POWER TRAIN:AUTOMATIC TRANSMISSION:LEVER AND LINKAGE:FLOOR SHIFT; POWER TRAIN:MANUAL TRANSMISSION:COLUMN SHIFT ASSEMBLY; POWER TRAIN:MANUAL TRANSMISSION:FLOOR SHIFT ASSEMBLY; SERVICE BRAKES, HYDRAULIC:ANTILOCK/TRACTION CONTROL/ELECTRONIC LIMITED SLIP; SERVICE BRAKES, HYDRAULIC:PEDALS AND LINKAGES; VEHICLE SPEED CONTROL:CRUISE CONTROL",STOP LAMP SWITCH FAILURE,20090114,20090424,100,09V122000,recall,,,car_or_light_truck
PE09008,PE,Honda (American Honda Motor Co.),HONDA,RIDGELINE,2006-2006,ELECTRICAL SYSTEM: INSTRUMENT CLUSTER/PANEL,FIRE,20090212,20090616,124,10V001000,recall,,,car_or_light_truck
PE09011,PE,Hyundai Motor America,HYUNDAI,ELANTRA,2001-2003,SUSPENSION:FRONT; SUSPENSION:FRONT:CONTROL ARM; SUSPENSION:FRONT:CONTROL ARM:LOWER ARM,FRONT LOWER CONTROL ARMS RUSTING,20090218,20090421,62,09V125000,recall,,,car_or_light_truck
PE09016,PE,"General Motors, LLC",SATURN,VUE; VUE HYBRID,2008-2008,LATCHES/LOCKS/LINKAGES:DOORS:LATCH,OUTSIDE DOOR HANDLES STICK UNLATCHED,20090310,20090702,114,09V233000,recall,,,car_or_light_truck
PE09017,PE,"Subaru of America, Inc.",SUBARU,IMPREZA; WRX,2002-2004,"FUEL SYSTEM, GASOLINE; FUEL SYSTEM, GASOLINE:CARBURETOR SYSTEM; FUEL SYSTEM, GASOLINE:DELIVERY; FUEL SYSTEM, GASOLINE:DELIVERY:FUEL PUMP; FUEL SYSTEM, GASOLINE:DELIVERY:HOSES, LINES/PIPING, AND FITTINGS; FUEL SYSTEM, GASOLINE:FUEL INJECTION SYSTEM; FUEL SYSTEM, GASOLINE:FUEL INJECTION SYSTEM:FUEL RAIL; FUEL SYSTEM, GASOLINE:FUEL INJECTION SYSTEM:INJECTORS; FUEL SYSTEM, OTHER; FUEL SYSTEM, OTHER:DELIVERY:HOSES, LINES/PIPING, AND FITTINGS; FUEL SYSTEM, OTHER:FUEL INJECTION SYSTEM",FUEL LINE LEAK,20090310,20090702,114,,upgraded_to_EA,EA09011,09V468000,car_or_light_truck
PE09019,PE,Toyota Motor Corporation,TOYOTA,PRIUS,2006-2007,EXTERIOR LIGHTING; EXTERIOR LIGHTING:HEADLIGHTS,HEADLIGHT FAILURE,20090417,20090827,132,,closed_no_recall,,,car_or_light_truck
PE09020,PE,Ford Motor Company,FORD,EXPLORER; EXPLORER SPORT; EXPLORER SPORT TRAC,2002-2005,STEERING; STEERING:COLUMN; STEERING:COLUMN LOCKING:ANTI-THEFT DEVICE,VEHICLE ROLLAWAY ALLEGATIONS,20090421,20090819,120,,upgraded_to_EA,EA09013,,car_or_light_truck
PE09022,PE,"Volkswagen Group of America, Inc.",VOLKSWAGEN,PASSAT,2009-2009,POWER TRAIN:AUTOMATIC TRANSMISSION:COOLING UNIT AND LINES,TRANSMISSION FLUID HOSE CHAFE,20090504,20090709,66,,closed_no_recall,,,car_or_light_truck
PE09024,PE,Honda (American Honda Motor Co.),HONDA,ODYSSEY,2006-2008,"SERVICE BRAKES, HYDRAULIC:ANTILOCK/TRACTION CONTROL/ELECTRONIC LIMITED SLIP",AIR IN BRAKE SYSTEM,20090513,20091019,159,10V098000,recall,EA09014,10V098000,car_or_light_truck
PE09025,PE,"General Motors, LLC",CHEVROLET; PONTIAC,GRAND PRIX; IMPALA; IMPALA (GMX 211); MONTE CARLO,2005-2006,"STEERING:HYDRAULIC POWER ASSIST SYSTEM; STEERING:HYDRAULIC POWER ASSIST:HOSE, PIPING, AND CONNECTIONS; STEERING:HYDRAULIC POWER ASSIST:POWER STEERING FLUID",POWER STEERING FLUID LEAKS - FIRES,20090513,20091002,142,,closed_no_recall,,,car_or_light_truck
PE09026,PE,"BMW of North America, LLC",BMW,BMW MOTORCYCLE; F650 GS; F650GS; F650GS DAKAR,2000-2003,SUSPENSION:FRONT,MOTORCYCLE FRONT WHEEL SEPARATION,20090518,20090918,123,,closed_no_recall,,,car_or_light_truck
PE09028,PE,"General Motors, LLC",SATURN,LS,2002-2002,"FUEL SYSTEM, GASOLINE:DELIVERY:FUEL PUMP; FUEL SYSTEM, GASOLINE:DELIVERY:HOSES, LINES/PIPING, AND FITTINGS",FUEL PUMP LEAKS,20090521,20091027,159,,closed_no_recall,,,car_or_light_truck
PE09030,PE,Honda (American Honda Motor Co.); Isuzu Motors Limited,HONDA; ISUZU,PASSPORT; RODEO; RODEO SPORT; RODEO SPORTS,1998-2002,SUSPENSION; SUSPENSION:REAR,REAR SUSPENSION LOWER LINK FAILURE,20090616,20091208,175,10V436000,recall,EA09018,10V436000,car_or_light_truck
PE09031,PE,Ford Motor Company,FORD; LINCOLN,EDGE; MKX,2007-2008,SUSPENSION:FRONT:CONTROL ARM:LOWER BALL JOINT,FRONT SUSPENSION LOWER BALL JOINT,20090713,20091119,129,,closed_no_recall,,,car_or_light_truck
PE09032,PE,"General Motors, LLC",SAAB,9-3,2007-2007,ELECTRICAL SYSTEM:IGNITION,ENGINE COMPARTMENT FIRE,20090715,20091216,154,,closed_no_recall,,,car_or_light_truck
PE09033,PE,Ford Motor Company,FORD; MERCURY,FREESTAR; MONTEREY,2004-2005,POWER TRAIN:AUTOMATIC TRANSMISSION; POWER TRAIN:AUTOMATIC TRANSMISSION:TORQUE CONVERTER,TORQUE CONVERTER OUTPUT SHAFT FAILURE,20090715,20091117,125,,upgraded_to_EA,EA09016,12V006000,car_or_light_truck
PE09034,PE,"Kia America, Inc.",KIA,SORENTO,2007-2008,AIR BAGS; AIR BAGS:FRONTAL; AIR BAGS:FRONTAL:SENSOR/CONTROL MODULE-INACTIVE,AIR BAG OCS,20090717,20091130,136,,upgraded_to_EA,EA09017,11V473000,car_or_light_truck
PE09035,PE,"Volkswagen Group of America, Inc.",AUDI; VOLKSWAGEN,A3; EOS; GTI; JETTA; R32; TT,2008-2010,POWER TRAIN:MANUAL TRANSMISSION,VEHICLE STALL/LOSS MOTIVE POWER,20090717,20091119,125,09V333000,recall,,,car_or_light_truck
PE09036,PE,"BMW of North America, LLC",BMW,3 SERIES; 3-SERIES; 318I; 325; 325I; 325XI,2002-2005,EXTERIOR LIGHTING; EXTERIOR LIGHTING:BRAKE LIGHTS; EXTERIOR LIGHTING:TAIL LIGHTS; EXTERIOR LIGHTING:TURN SIGNAL,REAR LAMP ILLUMINATION,20090807,20091222,137,11V438000,recall,EA09019,11V438000,car_or_light_truck
PE09037,PE,"Chrysler (FCA US, LLC)",JEEP,WRANGLER; WRANGLER 2-DR 4X4; WRANGLER 4-DR 4X2; WRANGLER 4-DR 4X4,2007-2008,POWER TRAIN; POWER TRAIN:AUTOMATIC TRANSMISSION; POWER TRAIN:MANUAL TRANSMISSION,TRANSMISSION OVERHEATING / FIRE,20090812,20091117,97,09V436000,recall,,,car_or_light_truck
PE09039,PE,"Volvo Car USA, LLC",VOLVO,XC90,2004-2004,"FUEL SYSTEM, GASOLINE; FUEL SYSTEM, GASOLINE:DELIVERY; FUEL SYSTEM, GASOLINE:DELIVERY:FUEL PUMP; FUEL SYSTEM, GASOLINE:DELIVERY:HOSES, LINES/PIPING, AND FITTINGS",FUEL PUMP LEAK,20090831,20091222,113,09V483000,recall,,,car_or_light_truck
PE09044,PE,"General Motors, LLC",CHEVROLET; GMC,TAHOE; YUKON,2007-2008,LATCHES/LOCKS/LINKAGES:DOORS:LATCH; STRUCTURE:BODY:DOOR,Interior Door Handle Laceration Risk,20090914,20100523,251,,upgraded_to_EA,EA10004,,car_or_light_truck
PE09045,PE,Mazda Motor Corp.,MAZDA,RX-8,2004-2006,POWER TRAIN:CLUTCH ASSEMBLY; POWER TRAIN:CLUTCH ASSEMBLY:PEDAL/HAND LEVER(MOTORCYCLE); POWER TRAIN:MANUAL TRANSMISSION,CLUTCH PEDAL BRACKET FAILURE,20090923,20100819,330,,closed_no_recall,,,car_or_light_truck
PE09046,PE,Ford Motor Company,FORD,F-150,2005-2005,AIR BAGS; AIR BAGS:FRONTAL; AIR BAGS:FRONTAL:DRIVER SIDE:INFLATOR MODULE; AIR BAGS:FRONTAL:SENSOR/CONTROL MODULE-INACTIVE,INADVERTENT AIRBAG DEPLOYMENT,20090924,20100119,117,11V107000,recall,EA10001,11V107000,car_or_light_truck
PE09048,PE,"General Motors, LLC; SAAB CARS USA, INC.",SAAB,9-3,2004-2004,SEAT BELTS; SEAT BELTS:FRONT; SEAT BELTS:FRONT:RETRACTOR,SEAT BELT RETRACTOR,20090930,20100225,148,10V043000,recall,,,car_or_light_truck
PE09049,PE,Toyota Motor Corporation,TOYOTA,TUNDRA,2000-2006,"FUEL SYSTEM, GASOLINE; FUEL SYSTEM, GASOLINE:STORAGE:TANK ASSEMBLY; FUEL SYSTEM, GASOLINE:STORAGE:TANK ASSEMBLY:MOUNTING; SERVICE BRAKES, HYDRAULIC; SERVICE BRAKES, HYDRAULIC:FOUNDATION COMPONENTS:DIFFERENTIAL PROPORTIONAL VALVE; SERVICE BRAKES, HYDRAULIC:FOUNDATION COMPONENTS:HOSES, LINES/PIPING, AND FITTINGS; STRUCTURE:FRAME AND MEMBERS; TIRES:TEMPORARY/EMERGENCY SPARE TIRE",FRAME CORROSION,20091006,20100126,112,09V444000,recall,,,car_or_light_truck
PE09051,PE,"BMW of North America, LLC",BMW,F 650 GS,2009-2009,VEHICLE SPEED CONTROL,MOTORCYCLE STALLING,20091105,20100104,60,09V499000,recall,,,car_or_light_truck
PE09052,PE,"BMW of North America, LLC",BMW,K1300 GT; K1300 S,2009-2009,VEHICLE SPEED CONTROL,MOTORCYCLE STALLING,20091106,20100104,59,09V471000,recall,,,car_or_light_truck
PE09054,PE,Toyota Motor Corporation,TOYOTA,COROLLA; COROLLA MATRIX,2006-2006,ENGINE AND ENGINE COOLING,Engine Stalling,20091130,20100819,262,10V384000; 10V387000,recall,EA10006,10V384000; 10V387000,car_or_light_truck
PE09055,PE,Ford Motor Company,FORD,E-350; E-350 BUS; E-450,1997-2008,ELECTRICAL SYSTEM:WIRING:INTERIOR/UNDER DASH,HVAC Switch Failures,20091207,20100421,135,,upgraded_to_EA,EA10003,,car_or_light_truck
PE09056,PE,"Mitsubishi Motors North America, Inc.",MITSUBISHI,ENDEAVOR,2004-2004,"FUEL SYSTEM, GASOLINE:STORAGE:TANK ASSEMBLY:FILLER PIPE AND CAP",GASOLINE LEAKS,20091230,20100312,72,10V065000,recall,,,car_or_light_truck
PE10005,PE,"General Motors, LLC",CHEVROLET; PONTIAC,COBALT; COBALT SS; G5,2005-2010,STEERING:ELECTRIC POWER ASSIST SYSTEM,Electric Power Steering Failure,20100127,20100719,173,10V073000,recall,,,car_or_light_truck
PE10006,PE,Toyota Motor Corporation,TOYOTA,PRIUS,2010-2010,"SERVICE BRAKES, HYDRAULIC; SERVICE BRAKES, HYDRAULIC:ANTILOCK/TRACTION CONTROL/ELECTRONIC LIMITED SLIP; SERVICE BRAKES, HYDRAULIC:ANTILOCK/TRACTION CONTROL/ELECTRONIC LIMITED SLIP:CONTROL UNIT/MODULE; SERVICE BRAKES, HYDRAULIC:FOUNDATION COMPONENTS; SERVICE BRAKES, HYDRAULIC:FOUNDATION COMPONENTS:DISC; SERVICE BRAKES, HYDRAULIC:POWER ASSIST; SERVICE BRAKES, HYDRAULIC:POWER ASSIST:HYDRAULIC","Braking Performance, Hybrid Vehicle",20100203,20100712,159,,closed_no_recall,,,car_or_light_truck
PE10008,PE,Toyota Motor Corporation,TOYOTA,COROLLA; COROLLA MATRIX,2009-2010,STEERING,Steering Wander or Drift,20100218,20110504,440,,closed_no_recall,,,car_or_light_truck
PE10010,PE,"General Motors, LLC",CHEVROLET; GMC,AVALANCHE; SIERRA; SILVERADO; SUBURBAN; TAHOE; YUKON,1999-2003,"SERVICE BRAKES, HYDRAULIC; SERVICE BRAKES, HYDRAULIC:POWER ASSIST:HYDRAULIC:HOSES, LINES/PIPING, AND FITTINGS",Brake line corrosion failure,20100330,20110105,281,,upgraded_to_EA,EA11001,,car_or_light_truck
PE10012,PE,"Chrysler (FCA US, LLC)",DODGE,CALIBER; CALIBER AWD,2007-2007,VEHICLE SPEED CONTROL:ACCELERATOR PEDAL,Sticking Accelerator Pedal,20100429,20100826,119,10V234000,recall,,,car_or_light_truck
PE10015,PE,"General Motors, LLC",CHEVROLET,CORVETTE,2004-2004,"FUEL SYSTEM, GASOLINE; FUEL SYSTEM, GASOLINE:DELIVERY:HOSES, LINES/PIPING, AND FITTINGS; FUEL SYSTEM, GASOLINE:STORAGE; FUEL SYSTEM, GASOLINE:STORAGE:TANK ASSEMBLY; FUEL SYSTEM, GASOLINE:STORAGE:TANK ASSEMBLY:FILLER PIPE AND CAP",Fuel Tank Leak,20100512,20100910,121,,closed_no_recall,,,car_or_light_truck
PE10016,PE,Ford Motor Company,FORD,WINDSTAR,1998-2003,SUSPENSION,Rear Axle Cracking,20100513,20100922,132,10V385000,recall,EA10007,11V030000,car_or_light_truck
PE10017,PE,"Mercedes-Benz USA, LLC",MERCEDES BENZ; MERCEDES-BENZ,AMG E55; E; E CLASS; E320; E350; E500,2005-2006,AIR BAGS; AIR BAGS:FRONTAL; ELECTRICAL SYSTEM; ELECTRICAL SYSTEM:WIRING; ELECTRICAL SYSTEM:WIRING:INTERIOR/UNDER DASH,Driver Air Bag Circuit High Resistance,20100514,20101124,194,,closed_no_recall,,,car_or_light_truck
PE10019,PE,Ford Motor Company,FORD; LINCOLN; MERCURY,FUSION; MILAN; MKZ,2008-2010,VEHICLE SPEED CONTROL:ACCELERATOR PEDAL,Accel Pedal Interference - Acc Floormat,20100528,20130111,959,,upgraded_to_EA,EA12009,14E028000,car_or_light_truck
PE10020,PE,"BMW of North America, LLC",BMW,Z4,2003-2005,STEERING; STEERING:COLUMN; STEERING:ELECTRIC POWER ASSIST SYSTEM,Sticky Steering,20100628,20110628,365,,closed_no_recall,,,car_or_light_truck
PE10021,PE,Mazda Motor Corp.,MAZDA,MAZDA3; MAZDA5,2007-2009,"STEERING; STEERING:ELECTRIC POWER ASSIST SYSTEM; STEERING:HYDRAULIC POWER ASSIST SYSTEM; STEERING:HYDRAULIC POWER ASSIST:HOSE, PIPING, AND CONNECTIONS; STEERING:HYDRAULIC POWER ASSIST:POWER STEERING FLUID; STEERING:HYDRAULIC POWER ASSIST:PUMP",Loss of Electric Power Steering Assist,20100628,20101129,154,10V374000,recall,,,car_or_light_truck
PE10022,PE,"Chrysler (FCA US, LLC)",CHRYSLER; DODGE,CARAVAN; GRAND CARAVAN; TOWN AND COUNTRY; VOYAGER,2005-2005,ELECTRICAL SYSTEM; EXTERIOR LIGHTING:HEADLIGHTS; EXTERIOR LIGHTING:HEADLIGHTS:SWITCH,Loss of Headlight Illumination,20100712,20110913,428,,upgraded_to_EA,EA11010,,car_or_light_truck
PE10023,PE,"Kia America, Inc.",KIA,SORENTO,2003-2003,"FUEL SYSTEM, GASOLINE; FUEL SYSTEM, GASOLINE:STORAGE; FUEL SYSTEM, GASOLINE:STORAGE:TANK ASSEMBLY; FUEL SYSTEM, GASOLINE:STORAGE:TANK ASSEMBLY:FILLER PIPE AND CAP",Fuel Spill During Refueling,20100712,20111221,527,,closed_no_recall,,,car_or_light_truck
PE10024,PE,"Chrysler (FCA US, LLC)",DODGE,MAGNUM,2005-2005,LATCHES/LOCKS/LINKAGES:HATCHBACK/LIFTGATE:LOCK; LATCHES/LOCKS/LINKAGES:TAILGATE:LATCH; STRUCTURE:BODY:HATCHBACK/LIFTGATE; STRUCTURE:BODY:HATCHBACK/LIFTGATE:HINGE AND ATTACHMENTS; STRUCTURE:BODY:HATCHBACK/LIFTGATE:SUPPORT DEVICE/STRUT; STRUCTURE:BODY:TAILGATE; STRUCTURE:BODY:TAILGATE:HINGE AND ATTACHMENTS,Rear Hatch Strut Support Failure,20100719,20101124,128,,closed_no_recall,,,car_or_light_truck
PE10025,PE,"Volvo Car USA, LLC",VOLVO,XC90,2004-2005,ELECTRICAL SYSTEM,Central Electronic Module Failure,20100720,20101122,125,,closed_no_recall,,,car_or_light_truck
PE10026,PE,Ford Motor Company,FORD,WINDSTAR,1999-2003,STRUCTURE:FRAME AND MEMBERS; SUSPENSION,Front Subframe Corrosion Failures,20100720,20101220,153,11V030000,recall,EA10007,11V030000,car_or_light_truck
PE10027,PE,"Volkswagen Group of America, Inc.",VOLKSWAGEN,PASSAT,2002-2003,ELECTRICAL SYSTEM; ENGINE AND ENGINE COOLING,Engine Compartment Fire,20100726,20110207,196,,upgraded_to_EA,EA11002,,car_or_light_truck
PE10030,PE,"Kia America, Inc.",KIA,SOUL,2010-2010,STEERING; STEERING:COLUMN,Steering Shaft Separation,20100812,20101214,124,,closed_no_recall,,,car_or_light_truck
PE10031,PE,"Chrysler (FCA US, LLC)",JEEP,GRAND CHEROKEE,1993-2004,"FUEL SYSTEM, GASOLINE:DELIVERY:HOSES, LINES/PIPING, AND FITTINGS; FUEL SYSTEM, GASOLINE:STORAGE; FUEL SYSTEM, GASOLINE:STORAGE:TANK ASSEMBLY; FUEL SYSTEM, GASOLINE:STORAGE:TANK ASSEMBLY:FILLER PIPE AND CAP",Crash Related Fuel Tank Fires,20100823,20120614,661,,upgraded_to_EA,EA12005,13V252000,car_or_light_truck
PE10032,PE,"Chrysler (FCA US, LLC)",JEEP,WRANGLER; WRANGLER 2-DR 4X4; WRANGLER 2-DR 4X4 RHD; WRANGLER 4-DR 4X2; WRANGLER 4-DR 4X4; WRANGLER SAHARA,2007-2008,"FUEL SYSTEM, GASOLINE; FUEL SYSTEM, GASOLINE:STORAGE; FUEL SYSTEM, GASOLINE:STORAGE:TANK ASSEMBLY; FUEL SYSTEM, GASOLINE:STORAGE:TANK ASSEMBLY:FILLER PIPE AND CAP; FUEL SYSTEM, OTHER; FUEL SYSTEM, OTHER:STORAGE; FUEL SYSTEM, OTHER:STORAGE:TANK ASSEMBLY; FUEL SYSTEM, OTHER:STORAGE:TANK ASSEMBLY:FILLING/CHARGING",Fuel Spill During Refueling,20100823,20110216,177,,closed_no_recall,,,car_or_light_truck
PE10033,PE,Ford Motor Company,FORD; MERCURY,FREESTAR; MONTEREY,2004-2007,POWER TRAIN:AUTOMATIC TRANSMISSION:CONTROL MODULE (TCM/PCM/TECM); VEHICLE SPEED CONTROL,Engine Stalling,20100823,20110715,326,,closed_no_recall,,,car_or_light_truck
PE10034,PE,"Volkswagen Group of America, Inc.",AUDI; VOLKSWAGEN,A3; GOLF; JETTA,2009-2010,"FUEL SYSTEM, DIESEL",High Pressure Fuel Pump Failure (HPFP),20100826,20110208,166,,upgraded_to_EA,EA11003,,car_or_light_truck
PE10035,PE,Hyundai Motor America,HYUNDAI,SONATA,2011-2011,STEERING; STEERING:COLUMN,Steering Shaft Separation,20100827,20110207,164,10V426000; 10V457000,recall,,,car_or_light_truck
PE10036,PE,Ford Motor Company,FORD,F-150,1997-2001,"FUEL SYSTEM, GASOLINE:STORAGE:TANK ASSEMBLY; FUEL SYSTEM, GASOLINE:STORAGE:TANK ASSEMBLY:MOUNTING; FUEL SYSTEM, OTHER:STORAGE:TANK ASSEMBLY; FUEL SYSTEM, OTHER:STORAGE:TANK ASSEMBLY:MOUNTING",Fuel Tank Strap Corrosion/Rust,20100907,20110523,258,,upgraded_to_EA,EA11006,11V385000,car_or_light_truck
PE10037,PE,Honda (American Honda Motor Co.),HONDA,FIT,2007-2008,EXTERIOR LIGHTING:HEADLIGHTS; EXTERIOR LIGHTING:HEADLIGHTS:HIGH/LOW BEAM DIMMER SWITCH; EXTERIOR LIGHTING:HEADLIGHTS:SWITCH,Low Beam Headlights,20100916,20101220,95,10V624000,recall,,,car_or_light_truck
PE10038,PE,"BMW of North America, LLC",BMW; MINI,COOPER; COOPER CONVERTIBLE; COOPER S; MINI COOPER,2004-2005,STEERING; STEERING:ELECTRIC POWER ASSIST SYSTEM; STEERING:HYDRAULIC POWER ASSIST SYSTEM; STEERING:HYDRAULIC POWER ASSIST:PUMP,Loss of Power Steering Assist,20100924,20110510,228,,upgraded_to_EA,EA11005,15V660000,car_or_light_truck
PE10046,PE,"Kia America, Inc.",KIA,OPTIMA,2006-2008,POWER TRAIN:AUTOMATIC TRANSMISSION; POWER TRAIN:AUTOMATIC TRANSMISSION:GEAR POSITION INDICATION (PRNDL); POWER TRAIN:AUTOMATIC TRANSMISSION:LEVER AND LINKAGE:FLOOR SHIFT,Transmission Shift Cable Detachment,20101122,20110405,134,11V153000,recall,,,car_or_light_truck
PE10047,PE,Honda (American Honda Motor Co.),HONDA,CR-V,2005-2006,ELECTRICAL SYSTEM; VISIBILITY:POWER WINDOW DEVICES AND CONTROLS,Driver's Master Power Window Switch,20101122,20110415,144,11V456000,recall,EA11004,11V456000; 12V486000,car_or_light_truck
PE10049,PE,"General Motors, LLC",CHEVROLET; GMC; ISUZU,4500 SERIES; 5000 SERIES; C4500; C5500; W4500; W5500,2006-2006,ENGINE AND ENGINE COOLING:COOLING SYSTEM:FAN,Engine Cooling Fan Fracture,20101207,20120217,437,,closed_no_recall,,,car_or_light_truck
PE10050,PE,"Mercedes-Benz USA, LLC",MERCEDES BENZ,M CLASS; ML320; ML430; ML500; ML55,2000-2002,"EXTERIOR LIGHTING:BRAKE LIGHTS:SWITCH; SERVICE BRAKES, HYDRAULIC; VEHICLE SPEED CONTROL; VEHICLE SPEED CONTROL:CRUISE CONTROL",Brake lamp switch failure.,20101221,20110504,134,11V208000,recall,,,car_or_light_truck
PE11003,PE,Ford Motor Company,FORD; MERCURY,FUSION; MILAN,2010-2010,WHEELS:LUGS/NUTS/BOLTS/STUDS,Wheel Stud Fracture,20110121,20110726,186,11V574000,recall,EA11009,11V574000,car_or_light_truck
PE11004,PE,"Nissan North America, Inc.",INFINITI; NISSAN,PATHFINDER; QX4,1996-2004,STEERING; STEERING:COLUMN; SUSPENSION; SUSPENSION:FRONT; SUSPENSION:FRONT:MACPHERSON STRUT; SUSPENSION:FRONT:SHOCK ABSORBER,Frame/Body Structure Corrosion,20110128,20110630,153,11V244000,recall,,,car_or_light_truck
PE11005,PE,Toyota Motor Corporation,LEXUS; TOYOTA,HIGHLANDER HYBRID; RX HYBRID,2006-2007,HYBRID PROPULSION SYSTEM: INVERTER,Hybrid inverter failure - vehicle stall,20110215,20110720,155,11V342000,recall,,,car_or_light_truck
PE11009,PE,"Chrysler (FCA US, LLC)",DODGE; RAM,2500; 3500; RAM; RAM 2500; RAM 3500,2008-9999,STEERING:LINKAGES:TIE ROD ASSEMBLY,Outer Tie Rod Failure,20110404,20120206,308,11V350000,recall,,,car_or_light_truck
PE11010,PE,"Hyundai Motor America; Kia America, Inc.",HYUNDAI; KIA,SANTA FE; SORENTO,2010-2011,POWER TRAIN:AUTOMATIC TRANSMISSION; POWER TRAIN:DRIVELINE:DRIVESHAFT,Transmission Intermediate Driveshaft,20110407,20110510,33,11V258000; 11V261000,recall,,,car_or_light_truck
PE11011,PE,"General Motors, LLC; Subaru of America, Inc.",SAAB; SUBARU,9-2X; FORESTER; IMPREZA,2002-2008,SUSPENSION; SUSPENSION:FRONT; SUSPENSION:FRONT:CONTROL ARM; SUSPENSION:FRONT:CONTROL ARM:LOWER ARM,Front suspension control arm failure,20110407,20110923,169,11V464000,recall,,,car_or_light_truck
PE11013,PE,"Chrysler (FCA US, LLC)",JEEP,LIBERTY,2002-2005,SUSPENSION:REAR,Rear Suspension Control Arm Failure,20110418,20110915,150,,upgraded_to_EA,EA11013,12V085000,car_or_light_truck
PE11014,PE,"General Motors, LLC",BUICK; CHEVROLET; GMC; SAAB,9-7X; ENVOY 360; ENVOY XL 370; RAINIER; TRAILBLAZER 360; TRAILBLAZER EXT 370,2005-2007,"FUEL SYSTEM, OTHER; FUEL SYSTEM, OTHER:STORAGE:FUEL GAUGE SYSTEM",Fuel level gauge system failure,20110425,20110923,151,,closed_no_recall,,,car_or_light_truck
PE11016,PE,Ford Motor Company,FORD; MERCURY,ESCAPE; MARINER,2010-2011,"STRUCTURE:BODY:HATCHBACK/LIFTGATE; STRUCTURE:BODY:HATCHBACK/LIFTGATE:HINGE AND ATTACHMENTS; STRUCTURE:BODY:HATCHBACK/LIFTGATE:SUPPORT DEVICE/STRUT; VISIBILITY; VISIBILITY:GLASS, SIDE/REAR",Rear Liftgate Window Glass Breakage,20110427,20110818,113,,closed_no_recall,,,car_or_light_truck
PE11017,PE,Honda (American Honda Motor Co.),HONDA,CR-V,2002-2004,ELECTRICAL SYSTEM:WIRING:INTERIOR/UNDER DASH; EXTERIOR LIGHTING:HEADLIGHTS; EXTERIOR LIGHTING:HEADLIGHTS:HIGH/LOW BEAM DIMMER SWITCH; EXTERIOR LIGHTING:HEADLIGHTS:SWITCH,Low Beam Headlights Stop Working,20110429,20110923,147,,upgraded_to_EA,EA11012,12V136000,car_or_light_truck
PE11018,PE,Ford Motor Company,FORD; MERCURY,FIVE HUNDRED; FREESTYLE; MONTEGO,2005-2007,VEHICLE SPEED CONTROL,Idle instability,20110511,20130207,638,,closed_no_recall,,,car_or_light_truck
PE11019,PE,"Chrysler (FCA US, LLC)",JEEP,WRANGLER; WRANGLER 2-DR 4X4; WRANGLER 2-DR 4X4 RHD; WRANGLER 4-DR 4X2; WRANGLER 4-DR 4X4; WRANGLER SAHARA,2007-2008,AIR BAGS; AIR BAGS:FRONTAL; AIR BAGS:FRONTAL:DRIVER SIDE:INFLATOR MODULE; AIR BAGS:FRONTAL:SENSOR/CONTROL MODULE-INACTIVE; AIR BAGS:KNEE BOLSTER; AIR BAGS:ON-OFF SWITCH ASSEMBLY; AIR BAGS:SIDE/WINDOW; AIR BAGS:SIDE/WINDOW:CURTAIN,Airbag Clockspring Failure,20110523,20111107,168,11V528000; 13V176000,recall,EA12001,12V527000; 13V029000; 13V040000,car_or_light_truck
PE11020,PE,"Nissan North America, Inc.",NISSAN,ALTIMA,2007-2008,"SERVICE BRAKES, HYDRAULIC:FOUNDATION COMPONENTS:MASTER CYLINDER",Brake Master Cylinder Internal Leak,20110523,20120314,296,,closed_no_recall,,,car_or_light_truck
PE11021,PE,"General Motors, LLC",SATURN,AURA,2007-2007,POWER TRAIN; POWER TRAIN:AUTOMATIC TRANSMISSION; POWER TRAIN:AUTOMATIC TRANSMISSION:GEAR POSITION INDICATION (PRNDL); POWER TRAIN:DRIVELINE,Transmission Cable Failure,20110520,20111122,186,,upgraded_to_EA,EA11015,14V224000,car_or_light_truck
PE11023,PE,"Volkswagen Group of America, Inc.",AUDI; VOLKSWAGEN,A3; GOLF; JETTA,2009-2012,"FUEL SYSTEM, DIESEL",Diesel Fuel Injector Line Leakage,20110802,20111202,122,11V490000,recall,,,car_or_light_truck
PE11024,PE,Ford Motor Company,FORD,MUSTANG,2011-2012,POWER TRAIN:MANUAL TRANSMISSION,Inability to shift gears on acceleration,20110803,20111214,133,,closed_no_recall,,,car_or_light_truck
PE11025,PE,"BMW of North America, LLC",BMW,7 SERIES; 730D; 730I; 735I; 735LI; 745I,2002-2008,ELECTRICAL SYSTEM; POWER TRAIN:AUTOMATIC TRANSMISSION,Vehicle Rollaway,20110805,20120423,262,,upgraded_to_EA,EA12002,12V502000,car_or_light_truck
PE11026,PE,Mazda Motor Corp.,MAZDA,CX-9,2008-2008,"SERVICE BRAKES, HYDRAULIC:FOUNDATION COMPONENTS:MASTER CYLINDER",Brake master cylinder leak,20110809,20120409,244,,closed_no_recall,,,car_or_light_truck
PE11034,PE,Honda (American Honda Motor Co.),HONDA,ODYSSEY,2008-2009,LATCHES/LOCKS/LINKAGES:HATCHBACK/LIFTGATE:LOCK; STRUCTURE:BODY:HATCHBACK/LIFTGATE; STRUCTURE:BODY:HATCHBACK/LIFTGATE:HINGE AND ATTACHMENTS; STRUCTURE:BODY:HATCHBACK/LIFTGATE:SUPPORT DEVICE/STRUT; STRUCTURE:BODY:TAILGATE; STRUCTURE:BODY:TAILGATE:HINGE AND ATTACHMENTS,Unexpected Closing of Power Liftgate,20110923,20120229,159,12V062000,recall,,,car_or_light_truck
PE11035,PE,"Chrysler (FCA US, LLC)",JEEP,LIBERTY,2002-2003,AIR BAGS; AIR BAGS:FRONTAL; AIR BAGS:FRONTAL:DRIVER SIDE:INFLATOR MODULE; AIR BAGS:FRONTAL:SENSOR/CONTROL MODULE-INACTIVE,Inadvertent Air Bag Deployment,20110923,20120130,129,,upgraded_to_EA,EA12001,12V527000; 13V029000; 13V040000,car_or_light_truck
PE11036,PE,"BMW of North America, LLC",MINI,COOPER CLUBMAN S; COOPER S; COOPER S CLUBMAN; COOPER S CONVERTIBLE; COOPER S COUNTRYMAN; JCW,2007-2011,ENGINE AND ENGINE COOLING,Engine compartment fire,20111011,20120611,244,12V008000; 12V161000; 12V166000,recall,,,car_or_light_truck
PE11037,PE,"General Motors, LLC",CHEVROLET,VOLT,2011-2012,ELECTRICAL SYSTEM:12V/24V/48V BATTERY,Post-Crash EV Fire Hazard,20111125,20120120,56,,upgraded_to_EA,EA12004,12V406000; 13V248000,car_or_light_truck
PE11038,PE,"Nissan North America, Inc.",INFINITI,M45,2003-2004,"FUEL SYSTEM, OTHER:STORAGE:FUEL GAUGE SYSTEM",Fuel level gauge system failure,20111214,20120322,99,12V088000,recall,,,car_or_light_truck
PE11039,PE,Ford Motor Company,FORD; MERCURY,FREESTAR; MONTEREY,2004-2004,LATCHES/LOCKS/LINKAGES; SEATS; SEATS:MID/REAR ASSEMBLY; STRUCTURE; STRUCTURE:BODY,Corrosion of Third-Row Seat Attachment,20111221,20120427,128,,upgraded_to_EA,EA12003,13V081000,car_or_light_truck
PE11040,PE,"General Motors, LLC",CHEVROLET,EXPRESS; EXPRESS 1500; EXPRESS 2500; EXPRESS 3500,2003-2003,"FUEL SYSTEM, GASOLINE; FUEL SYSTEM, GASOLINE:DELIVERY; FUEL SYSTEM, GASOLINE:DELIVERY:HOSES, LINES/PIPING, AND FITTINGS",Fuel Filler Pipe Corrosion/Leakage,20111214,20120816,246,12V388000,recall,,,car_or_light_truck
PE12001,PE,"Mercedes-Benz USA, LLC",MERCEDES-BENZ,AMG E55,2003-2006,"FUEL SYSTEM, GASOLINE:DELIVERY:FUEL PUMP; FUEL SYSTEM, GASOLINE:STORAGE:TANK ASSEMBLY",Fuel System (Tank/Sender) Leakage,20120123,20130318,420,,upgraded_to_EA,EA13003,,car_or_light_truck
PE12002,PE,Toyota Motor Corporation,TOYOTA,CAMRY; CAMRY HYBRID; HIGHLANDER HYBRID; RAV4; YARIS,2007-2009,ELECTRICAL SYSTEM; STRUCTURE:BODY; UNKNOWN OR OTHER,Power Window Master Switch Fire,20120206,20120614,129,,upgraded_to_EA,EA12006,12V491000,car_or_light_truck
PE12003,PE,"General Motors, LLC",CHEVROLET,TRAILBLAZER; TRAILBLAZER 360; TRAILBLAZER EXT; TRAILBLAZER EXT 370,2006-2007,ELECTRICAL SYSTEM; VISIBILITY:POWER WINDOW DEVICES AND CONTROLS,Driver's Master Power Window Switch,20120209,20120611,123,,upgraded_to_EA,EA12004,12V406000; 13V248000,car_or_light_truck
PE12005,PE,Ford Motor Company,FORD; MERCURY,SABLE; TAURUS,2004-2006,VEHICLE SPEED CONTROL; VEHICLE SPEED CONTROL:CABLES,Stuck throttle,20120307,20121022,229,,upgraded_to_EA,EA12009,14E028000,car_or_light_truck
PE12009,PE,"Chrysler (FCA US, LLC)",JEEP,WRANGLER,2010-2010,ENGINE AND ENGINE COOLING; POWER TRAIN:AUTOMATIC TRANSMISSION,Skid plate debris fires,20120328,20120807,132,12V216000,recall,,,car_or_light_truck
PE12010,PE,"General Motors, LLC",CHEVROLET,CRUZE,2011-2012,ENGINE,Engine compartment fire,20120328,20120719,113,12V288000,recall,,,car_or_light_truck
PE12012,PE,Hyundai Motor America,HYUNDAI,ELANTRA,2012-2012,AIR BAGS; AIR BAGS:SIDE/WINDOW,Side Curtain Air Bag Improper Deployment,20120510,20120917,130,,upgraded_to_EA,EA12008,13V115000,car_or_light_truck
PE12013,PE,Toyota Motor Corporation,TOYOTA,RAV4,2006-2008,SUSPENSION; SUSPENSION:REAR,Rear Suspension Arm Assembly Failure,20120604,20120913,101,12V373000; 13V383000,recall,,,car_or_light_truck
PE12016,PE,"Chrysler (FCA US, LLC)",CHRYSLER; DODGE,200; 200 CONVERTIBLE; AVENGER,2011-2011,ENGINE,Engine stall,20120618,20121015,119,,closed_no_recall,,,car_or_light_truck
PE12017,PE,Ford Motor Company,FORD,EXPLORER,2011-2013,STEERING:ELECTRIC POWER ASSIST SYSTEM,Electric power steering failure,20120619,20140612,723,14V286000,recall,,,car_or_light_truck
PE12019,PE,Ford Motor Company; Mazda Motor Corp.,FORD; MAZDA,ESCAPE; TRIBUTE,2001-2004,VEHICLE SPEED CONTROL; VEHICLE SPEED CONTROL:CABLES; VEHICLE SPEED CONTROL:CRUISE CONTROL,Stuck Throttle,20120717,20130221,219,12V353000; 12V357000,recall,,,car_or_light_truck
PE12020,PE,"Chrysler (FCA US, LLC)",JEEP,GRAND CHEROKEE,2012-2012,"STEERING; STEERING:HYDRAULIC POWER ASSIST:HOSE, PIPING, AND CONNECTIONS",Power steering hose failure,20120719,20121207,141,,closed_no_recall,,,car_or_light_truck
PE12021,PE,"Chrysler (FCA US, LLC)",DODGE; RAM,1500; RAM 1500,2009-2010,POWER TRAIN; POWER TRAIN:AUTOMATIC TRANSMISSION; POWER TRAIN:AXLE ASSEMBLY; POWER TRAIN:DRIVELINE; POWER TRAIN:DRIVELINE:DIFFERENTIAL UNIT; POWER TRAIN:DRIVELINE:DRIVESHAFT; POWER TRAIN:TRANSFER CASE (4-WHEEL DRIVE),Rear Differential Failure,20120719,20130305,229,12V474000; 13V038000,recall,,,car_or_light_truck
PE12022,PE,"Nissan North America, Inc.",INFINITI,JX35,2013-2013,"SERVICE BRAKES, ELECTRIC",Collision Mitigation System Malfunction,20120726,20121129,126,,closed_no_recall,,,car_or_light_truck
PE12023,PE,"Nissan North America, Inc.",NISSAN,VERSA,2012-2012,AIR BAGS; AIR BAGS:FRONTAL,SRS Warning Light Illumination,20120815,20130122,160,,closed_no_recall,,,car_or_light_truck
PE12025,PE,Ford Motor Company,FORD,CROWN VICTORIA,2005-2008,STEERING; STEERING:COLUMN,Loss of Steering Control,20120914,20130426,224,,upgraded_to_EA,EA13004,13V385000,car_or_light_truck
PE12026,PE,Honda (American Honda Motor Co.),ACURA; HONDA,MDX; ODYSSEY; PILOT,2003-2006,ELECTRICAL SYSTEM:IGNITION; ELECTRICAL SYSTEM:IGNITION:SWITCH,Ignition Interlock Failure - Rollaway,20121002,20130114,104,12V573000,recall,,,car_or_light_truck
PE12027,PE,Hyundai Motor America,HYUNDAI,VELOSTER,2012-2012,VISIBILITY; VISIBILITY:SUN/MOON ROOF ASSEMBLY,Panoramic Sunroof Breakage,20121002,20130221,142,12V568000; 13V051000,recall,,,car_or_light_truck
PE12028,PE,Honda (American Honda Motor Co.),HONDA,PILOT,2005-2005,"SERVICE BRAKES, HYDRAULIC:ANTILOCK/TRACTION CONTROL/ELECTRONIC LIMITED SLIP; SERVICE BRAKES, HYDRAULIC:ANTILOCK/TRACTION CONTROL/ELECTRONIC LIMITED SLIP:CONTROL UNIT/MODULE",Vehicle Stability Assist Malfunction,20121009,20130315,157,,closed_no_recall,,,car_or_light_truck
PE12029,PE,Hyundai Motor America,HYUNDAI,SANTA FE,2011-2011,STEERING:COLUMN,Steering Shaft Universal Joint Failure,20121009,20130626,260,,closed_no_recall,,,car_or_light_truck
PE12032,PE,"Chrysler (FCA US, LLC)",JEEP,PATRIOT,2011-2012,"FUEL SYSTEM, GASOLINE:DELIVERY","Engine stall, fuel delivery failure",20121015,20130503,200,13V120000,recall,,,car_or_light_truck
PE12033,PE,Ford Motor Company,FORD; MERCURY,SABLE; TAURUS,2000-2003,VEHICLE SPEED CONTROL; VEHICLE SPEED CONTROL:CABLES; VEHICLE SPEED CONTROL:CRUISE CONTROL,Speed control cable damage,20121024,20130626,245,,closed_no_recall,,,car_or_light_truck
PE12036,PE,"BMW of North America, LLC",BMW,R 1200 GS; R 1200 GS ADVENTURE; R 1200 R; R 1200 RT; R 1200 RT (AUTHORITY); R 1200 ST,2005-2008,"FUEL SYSTEM, GASOLINE:DELIVERY:FUEL PUMP",Fuel Leak - Motorcycle,20121116,20130722,248,,upgraded_to_EA,EA13006,13V617000,car_or_light_truck
PE13003,PE,Ford Motor Company,FORD; MERCURY,ESCAPE; FUSION; MARINER; MILAN,2009-2013,ENGINE,Electronic Throttle Body Malfunction,20130221,20140228,372,,closed_no_recall,,,car_or_light_truck
PE13007,PE,Hyundai Motor America,HYUNDAI,AZERA; SONATA,2006-2011,SUSPENSION:REAR,Rear Control Arm Failure,20130325,20130820,148,13V354000,recall,,,car_or_light_truck
PE13009,PE,"Porsche Cars North America, Inc.",PORSCHE,911; 911 GT2; 911 GT2 RS; 911 GT3; 911 GT3 RS; 911 TURBO,2001-2011,ENGINE AND ENGINE COOLING; ENGINE AND ENGINE COOLING:COOLING SYSTEM; ENGINE AND ENGINE COOLING:COOLING SYSTEM:HOSES/LINES/PIPING/FITTINGS,Rapid coolant loss,20130426,20140310,318,,closed_no_recall,,,car_or_light_truck
PE13010,PE,"Chrysler (FCA US, LLC)",DODGE,VIPER; VIPER COUPE; VIPER ROADSTER,2003-2010,SUSPENSION:REAR,Rear suspension knuckle fracture,20130426,20131211,229,,closed_no_recall,,,car_or_light_truck
PE13013,PE,"General Motors, LLC",CHEVROLET,CORVETTE; CORVETTE Z06,2005-2007,EXTERIOR LIGHTING; EXTERIOR LIGHTING:HEADLIGHTS,Loss of Low Beam Headlights,20130506,20130826,112,,upgraded_to_EA,EA13007,14V251000,car_or_light_truck
PE13014,PE,Ford Motor Company,FORD,F SUPER DUTY; F-250; F-250 SD; F-350; F-350 SD,2008-2008,STEERING; STEERING:GEAR BOX (OTHER THAN RACK AND PINION),Alleged Loss of Steering,20130507,20140131,269,,closed_no_recall,,,car_or_light_truck
PE13015,PE,Mazda Motor Corp.,MAZDA,MAZDA6,2009-2009,LATCHES/LOCKS/LINKAGES; LATCHES/LOCKS/LINKAGES:DOORS:LATCH,Door Latch Failures Due to Loose Screws,20130509,20130930,144,13V425000,recall,,,car_or_light_truck
PE13016,PE,"Chrysler (FCA US, LLC)",CHRYSLER; DODGE,300C; CHARGER; MAGNUM,2006-2006,"FUEL SYSTEM, GASOLINE",Engine Stall,20130509,20140210,277,,closed_no_recall,,,car_or_light_truck
PE13018,PE,Ford Motor Company,FORD,F-150,2011-2013,ENGINE; ENGINE AND ENGINE COOLING,Reduced power during hard acceleration,20130522,20140407,320,,closed_no_recall,,,car_or_light_truck
PE13020,PE,Honda (American Honda Motor Co.),ACURA; HONDA,MDX; ODYSSEY,2003-2004,AIR BAGS; AIR BAGS:FRONTAL,Inadvertent Air Bag Deployment,20130606,20140106,214,13V412000,recall,,,car_or_light_truck
PE13021,PE,"Suzuki Motor USA, LLC",SUZUKI,GRAND VITARA; SX4,2006-2011,AIR BAGS; AIR BAGS:FRONTAL; AIR BAGS:FRONTAL:SENSOR/CONTROL MODULE-INACTIVE,Occupant Classification System Failure,20130614,20130930,108,13V405000,recall,,,car_or_light_truck
PE13024,PE,Honda (American Honda Motor Co.),HONDA,ODYSSEY,2007-2008,ELECTRONIC STABILITY CONTROL,Inappropriate autonomous braking,20130625,20131104,132,13V500000,recall,,,car_or_light_truck
PE13025,PE,"Hyundai Motor America; Kia America, Inc.",HYUNDAI; KIA,SANTA FE; SORENTO,2013-2014,POWER TRAIN; POWER TRAIN:AXLE ASSEMBLY:AXLE SHAFT,Front Axle Shaft Failure,20130705,20130920,77,13V355000,recall,,,car_or_light_truck
PE13026,PE,"Mercedes-Benz USA, LLC",MERCEDES BENZ,C; C-CLASS; C300; C350; C36 AMG; C43 AMG,2008-2009,ELECTRICAL SYSTEM; EXTERIOR LIGHTING; EXTERIOR LIGHTING:BRAKE LIGHTS; EXTERIOR LIGHTING:TAIL LIGHTS; EXTERIOR LIGHTING:TURN SIGNAL,Loss of rear tail light functionality,20130711,20131230,172,,upgraded_to_EA,EA13008,14V177000,car_or_light_truck
PE13027,PE,"Chrysler (FCA US, LLC)",DODGE; JEEP,DURANGO; GRAND CHEROKEE,2011-2013,ELECTRICAL SYSTEM; ELECTRICAL SYSTEM:WIRING; ELECTRICAL SYSTEM:WIRING:FUSES AND CIRCUIT BREAKERS; ELECTRICAL SYSTEM:WIRING:INTERIOR/UNDER DASH; INTERIOR LIGHTING,Headliner Fires,20130819,20140114,148,,upgraded_to_EA,EA14001,14V391000,car_or_light_truck
PE13029,PE,"Nissan North America, Inc.",INFINITI; NISSAN,JX; PATHFINDER,2013-2013,POWER TRAIN:AUTOMATIC TRANSMISSION; POWER TRAIN:AUTOMATIC TRANSMISSION:COOLING UNIT AND LINES,Transmission cooler hose separation,20130829,20140331,214,14V142000,recall,,,car_or_light_truck
PE13030,PE,"BMW of North America, LLC",BMW,3 SERIES; 320I; 328I; 5 SERIES; 528I; X1 SAV,2012-2014,"SERVICE BRAKES, HYDRAULIC:POWER ASSIST:VACUUM",Loss of power assist braking,20130906,20131025,49,13V454000,recall,,,car_or_light_truck
PE13031,PE,Ford Motor Company,FORD,FOCUS ELECTRIC,2012-2014,ELECTRICAL SYSTEM:PROPULSION SYSTEM:TRACTION BATTERY,Electric powertrain propulsion failure,20130906,20131115,70,13V523000,recall,,,car_or_light_truck
PE13033,PE,Hyundai Motor America,HYUNDAI,GENESIS; GENESIS COUPE,2009-2012,"SERVICE BRAKES, HYDRAULIC; SERVICE BRAKES, HYDRAULIC:ANTILOCK/TRACTION CONTROL/ELECTRONIC LIMITED SLIP; SERVICE BRAKES, HYDRAULIC:ANTILOCK/TRACTION CONTROL/ELECTRONIC LIMITED SLIP:CONTROL UNIT/MODULE",Brake hydraulic control module failure,20131017,20140404,169,13V489000,recall,,,car_or_light_truck
PE13034,PE,"Chrysler (FCA US, LLC)",JEEP,LIBERTY,2012-2012,ELECTRICAL SYSTEM; VISIBILITY:POWER WINDOW DEVICES AND CONTROLS,Jeep Liberty Door Fires,20131021,20140309,139,,closed_no_recall,,,car_or_light_truck
PE13035,PE,"Kia America, Inc.",KIA,SORENTO,2011-2013,VISIBILITY:SUN/MOON ROOF ASSEMBLY,Panoramic Sunroof Breakage,20131021,20140521,212,,upgraded_to_EA,EA14002,,car_or_light_truck
PE13036,PE,"Volkswagen Group of America, Inc.",VOLKSWAGEN,TIGUAN,2009-2011,ELECTRICAL SYSTEM; ELECTRICAL SYSTEM:WIRING:FUSES AND CIRCUIT BREAKERS; EXTERIOR LIGHTING; EXTERIOR LIGHTING:BACK UP LIGHTS; EXTERIOR LIGHTING:BACK UP LIGHTS:SWITCH; EXTERIOR LIGHTING:BRAKE LIGHTS; EXTERIOR LIGHTING:BRAKE LIGHTS:SWITCH; EXTERIOR LIGHTING:FOG LIGHTS; EXTERIOR LIGHTING:FOG LIGHTS:SWITCH; EXTERIOR LIGHTING:HAZARD FLASHING WARNING LIGHTS; EXTERIOR LIGHTING:HAZARD FLASHING WARNING LIGHTS:SWITCH; EXTERIOR LIGHTING:HAZARD FLASHING WARNING LIGHTS:UNIT; EXTERIOR LIGHTING:HEADLIGHTS; EXTERIOR LIGHTING:HEADLIGHTS:CONCEALMENT DEVICES; EXTERIOR LIGHTING:HEADLIGHTS:HIGH/LOW BEAM DIMMER SWITCH; EXTERIOR LIGHTING:HEADLIGHTS:SWITCH; EXTERIOR LIGHTING:TAIL LIGHTS; EXTERIOR LIGHTING:TAIL LIGHTS:SWITCH; EXTERIOR LIGHTING:TURN SIGNAL; EXTERIOR LIGHTING:TURN SIGNAL:FLASHER UNIT; EXTERIOR LIGHTING:TURN SIGNAL:SWITCH,Partial Loss of Exterior Lights,20131104,20140228,116,13V569000,recall,,,car_or_light_truck
PE13037,PE,"Tesla, Inc.",TESLA,MODEL S,2013-2013,ELECTRICAL SYSTEM:PROPULSION SYSTEM:TRACTION BATTERY,Fire - Propulsion Battery - Road Debris,20131115,20140326,131,,closed_no_recall,,,car_or_light_truck
PE13038,PE,"A-1 Auto Electric; BAF Technologies, Inc.; Ford Motor Company",A-1 ALTERNATIVE FUEL SYST; BAF; FORD,CNG FUEL SYSTEM; F-550; F-550 SD,2011-9999,"FUEL SYSTEM, OTHER:STORAGE; FUEL SYSTEM, OTHER:STORAGE:TANK ASSEMBLY:MOUNTING",CNG Fuel Container Securement,20131115,20140309,114,14V040000,recall,,,car_or_light_truck
PE14001,PE,Toyota Motor Corporation,TOYOTA,CAMRY HYBRID,2007-2011,"SERVICE BRAKES; SERVICE BRAKES, AIR:SUPPLY:RESERVOIR/TANK; SERVICE BRAKES, ELECTRIC; SERVICE BRAKES, HYDRAULIC:POWER ASSIST",Brake Actuator malfunction,20140123,20140822,211,,closed_no_recall,,,car_or_light_truck
PE14004,PE,Honda (American Honda Motor Co.),HONDA,ACCORD,2008-2008,AIR BAGS; AIR BAGS:SIDE/WINDOW,Inadvertent Side Air Bag Deployment,20140131,20140729,179,,upgraded_to_EA,EA14004,,car_or_light_truck
PE14005,PE,Mazda Motor Corp.,MAZDA,CX-9,2010-2011,"SERVICE BRAKES, HYDRAULIC:POWER ASSIST",Brake Booster Failure,20140210,20140626,136,,closed_no_recall,,,car_or_light_truck
PE14010,PE,"General Motors, LLC",CHEVROLET,IMPALA,2014-2014,FORWARD COLLISION AVOIDANCE; FORWARD COLLISION AVOIDANCE: ADAPTIVE CRUISE CONTROL; FORWARD COLLISION AVOIDANCE: CRASH IMMINENT BRAKING; PARKING BRAKE; PARKING BRAKE:INDICATOR LIGHT,Active Safety System Malfunction,20140415,20141121,220,14V541000,recall,,,car_or_light_truck
PE14012,PE,"Nissan North America, Inc.",NISSAN,QUEST,2007-2009,"FUEL SYSTEM, OTHER:STORAGE:FUEL GAUGE SYSTEM",Fuel level gauge system failure,20140508,20150113,250,,closed_no_recall,,,car_or_light_truck
PE14013,PE,"Chrysler (FCA US, LLC); Mitsubishi Motors North America, Inc.",DODGE; MITSUBISHI,DAKOTA; RAIDER; RAM 2500; RAM 3500,2004-2007,ELECTRICAL SYSTEM:IGNITION:SWITCH; POWER TRAIN:CLUTCH ASSEMBLY,Clutch Interlock Switch Malfunction,20140519,20141223,218,14V795000,recall,,,car_or_light_truck
PE14014,PE,"Nissan North America, Inc.",NISSAN,SENTRA; VERSA; VERSA NOTE,2013-2014,"SERVICE BRAKES; SERVICE BRAKES, HYDRAULIC; SERVICE BRAKES, HYDRAULIC:FOUNDATION COMPONENTS; SERVICE BRAKES, HYDRAULIC:FOUNDATION COMPONENTS:MASTER CYLINDER",Excessive Brake Pedal Travel,20140520,20150513,358,,closed_no_recall,,,car_or_light_truck
PE14016,PE,"BMW of North America, LLC; Chrysler (FCA US, LLC); Ford Motor Company; General Motors, LLC; Honda (American Honda Motor Co.); Mazda Motor Corp.; Mitsubishi Motors North America, Inc.; Nissan North America, Inc.; Subaru of America, Inc.; Takata (TK Global, LLC); Toyota Motor Corporation",ACURA; BMW; CHRYSLER; DODGE; FORD; HONDA,3 SERIES; 300; 300C; 325CI; 325I; 325XI,2001-9999,AIR BAGS; AIR BAGS:FRONTAL,Air Bag Inflator Rupture,20140611,20150302,264,13V172000; 14E073000; 14V428000; 14V700000; 14V763000; 14V770000; 14V772001; 14V787000; 15V226000,recall,EA15001,14V668; 15E040; 15E041; 15E042; 15E043; 15V284; 15V285; 15V286; 15V287; 15V312; 15V313; 15V318; 15V319; 15V320; 15V322; 15V323; 15V324; 15V361; 15V370; 15V444; 16E005; 16E006; 16E009; 16E042; 16E043; 16E044; 16V036; 16V061; 16V063; 16V071; 16V077; 16V078; 16V079; 16V081; 16V127; 16V128; 16V267; 16V334; 16V340; 16V341; 16V344; 16V346; 16V347; 16V349; 16V352; 16V358; 16V359; 16V361; 16V363; 16V364; 16V373; 16V374; 16V382; 16V384; 16V418; 16V499; 16V947; 17E001; 17E002; 17E034; 17V004; 17V005; 17V006; 17V013; 17V014; 17V015; 17V016; 17V017; 17V020; 17V022; 17V023; 17V024; 17V026; 17V027; 17V028; 17V029; 17V030; 17V031; 17V032; 17V047; 17V068; 17V429; 17V449; 17V457; 17V474; 17V478; 17V479; 17V480; 17V569; 17V787; 17V788; 17V793; 17V806; 17V807; 18E001; 18E002; 18E003; 18V004; 18V007; 18V009; 18V010; 18V011; 18V012; 18V013; 18V014; 18V015; 18V016; 18V018; 18V021; 18V022; 18V023; 18V024; 18V025; 18V030; 18V031; 18V032; 18V038; 18V039; 18V040; 18V041; 18V042; 18V043; 18V044; 18V045; 18V046; 18V082; 18V148; 18V220; 18V247; 18V381; 18V401; 18V402; 18V403; 18V404; 18V427; 18V452; 18V661; 18V662; 18V717; 18V883; 19E001; 19E002; 19E003; 19E016; 19V001; 19V002; 19V003; 19V004; 19V005; 19V006; 19V007; 19V008; 19V009; 19V010; 19V014; 19V015; 19V016; 19V017; 19V018; 19V141; 19V181; 19V182; 19V488; 19V499; 19V500; 19V501; 19V502; 19V698; 19V741; 19V781; 19V782; 20E001; 20V001; 20V002; 20V003; 20V007; 20V008; 20V011; 20V016; 20V017; 20V018; 20V747; 20V785; 21E013; 21V050; 21V051; 21V052; 21V053; 21V054; 21V076; 21V081; 21V158; 21V162; 22V945,car_or_light_truck
PE14017,PE,"Chrysler (FCA US, LLC)",JEEP,COMMANDER; COMMANDER 4X2; COMMANDER 4X4; GRAND CHEROKEE,2005-2007,ELECTRICAL SYSTEM:IGNITION; ELECTRICAL SYSTEM:IGNITION:MODULE; ELECTRICAL SYSTEM:IGNITION:SWITCH,Air Bag Non-deployment,20140616,20141223,190,14V438000,recall,,,car_or_light_truck
PE14018,PE,"Nissan North America, Inc.",NISSAN,VERSA,2012-2014,"SERVICE BRAKES; SERVICE BRAKES, HYDRAULIC:PEDALS AND LINKAGES; VEHICLE SPEED CONTROL:ACCELERATOR PEDAL",Pedal Operation Interference,20140624,20150427,307,,upgraded_to_EA,EA15003,15V507000,car_or_light_truck
PE14019,PE,"Chrysler (FCA US, LLC)",DODGE,RAM 1500,2005-2005,POWER TRAIN:DRIVELINE:DIFFERENTIAL UNIT,Rear Differential Failure,20140624,20141223,182,14V796000,recall,,,car_or_light_truck
PE14021,PE,Ford Motor Company,FORD; MERCURY,CROWN VICTORIA; GRAND MARQUIS; MARAUDER,2004-2007,ENGINE AND ENGINE COOLING:EXHAUST SYSTEM; STEERING,Steering Column Shaft Obstruction,20140707,20141121,137,,closed_no_recall,,,car_or_light_truck
PE14022,PE,"Chrysler (FCA US, LLC)",DODGE,CHARGER,2011-2012,ELECTRICAL SYSTEM:ALTERNATOR/GENERATOR/REGULATOR,Alternator failure,20140722,20141106,107,14V634000,recall,,,car_or_light_truck
PE14023,PE,Hyundai Motor America,HYUNDAI,SONATA,2006-2008,AIR BAGS; SEAT BELTS; SEAT BELTS:FRONT:BUCKLE ASSEMBLY,Seat Belt Buckle Electrical Malfunction,20140722,20141201,132,,closed_no_recall,,,car_or_light_truck
PE14024,PE,Isuzu Motors Limited,ISUZU,N-SERIES,2013-2013,ELECTRICAL SYSTEM,Loss of brake warning lights,20140722,20150112,174,14V735000,recall,,,car_or_light_truck
PE14027,PE,Ford Motor Company,FORD,EXPLORER,2013-2013,"SERVICE BRAKES, HYDRAULIC:FOUNDATION COMPONENTS:HOSES, LINES/PIPING, AND FITTINGS",Front brake hose failure,20140822,20150203,165,,closed_no_recall,,,car_or_light_truck
PE14028,PE,Ford Motor Company,FORD,FIESTA,2011-2013,LATCHES/LOCKS/LINKAGES; LATCHES/LOCKS/LINKAGES:DOORS:LATCH,Door Latch Failure,20140911,20150318,188,20E010000,recall,EA15002,15V246000; 20E010000,car_or_light_truck
PE14030,PE,Ford Motor Company,FORD; LINCOLN; MERCURY,FUSION; FUSION HYBRID; MILAN; MKZ; MKZ HYBRID,2010-2012,STEERING:ELECTRIC POWER ASSIST SYSTEM,Electric power steering failure,20141002,20150910,343,15V340000,recall,,,car_or_light_truck
PE14033,PE,Honda (American Honda Motor Co.),HONDA,ACCORD,2013-2013,STEERING:ELECTRIC POWER ASSIST SYSTEM,Electric Power Steering Failure,20141104,20151006,336,,closed_no_recall,,,car_or_light_truck
PE14034,PE,"Nissan North America, Inc.",INFINITI; NISSAN,EX35; FX35; FX45; GT-R,2008-2009,STEERING:COLUMN,Steering column separation,20141104,20150227,115,,closed_no_recall,,,car_or_light_truck
PE15001,PE,"Nissan North America, Inc.",NISSAN,ROGUE,2013-2013,AIR BAGS; AIR BAGS:FRONTAL; AIR BAGS:FRONTAL:DRIVER SIDE:INFLATOR MODULE,Improper Frontal Air Bag Deployment,20150112,20161029,656,,closed_no_recall,,,car_or_light_truck
PE15003,PE,"Chrysler (FCA US, LLC)",JEEP,CHEROKEE,2015-2015,ENGINE; EQUIPMENT:APPLIANCE:AIR CONDITIONER,Engine compartment fire,20150113,20151209,330,15V676000,recall,,,car_or_light_truck
PE15010,PE,"Volkswagen Group of America, Inc.",VOLKSWAGEN,CC; EOS; GOLF; GTI; JETTA; JETTA HYBRID,2010-2014,AIR BAGS; AIR BAGS:FRONTAL; ELECTRICAL SYSTEM,Air Bag Clockspring Failure,20150324,20150928,188,15V483000,recall,,,car_or_light_truck
PE15012,PE,"Subaru of America, Inc.",SUBARU,IMPREZA,2012-2012,AIR BAGS:FRONTAL,Passenger Front Air Bag Suppression,20150410,20150715,96,15V419000,recall,,,car_or_light_truck
PE15017,PE,Ford Motor Company,FORD,EXPLORER,2015-2015,"SERVICE BRAKES, HYDRAULIC:FOUNDATION COMPONENTS:HOSES, LINES/PIPING, AND FITTINGS",Front brake hose failure,20150429,20150928,152,,upgraded_to_EA,EA15005,,car_or_light_truck
PE15019,PE,"Nissan North America, Inc.",NISSAN,VERSA,2007-2012,SUSPENSION:FRONT:SPRINGS:COIL SPRINGS,Front Coil Spring Fracture,20150513,20151002,142,15V573000,recall,,,car_or_light_truck
PE15020,PE,Ford Motor Company,FORD,EDGE,2014-2014,WHEELS:RIM,Wheel Separation,20150520,20160104,229,,closed_no_recall,,,car_or_light_truck
PE15021,PE,"Chrysler (FCA US, LLC)",JEEP,GRAND CHEROKEE,2014-2015,FORWARD COLLISION AVOIDANCE; FORWARD COLLISION AVOIDANCE: ADAPTIVE CRUISE CONTROL; FORWARD COLLISION AVOIDANCE: CRASH IMMINENT BRAKING; FORWARD COLLISION AVOIDANCE: DYNAMIC BRAKE SUPPORT/BRAKE ASSIST; FORWARD COLLISION AVOIDANCE: SENSING SYSTEM,False Positive Automated Braking,20150601,20160928,485,,closed_no_recall,,,car_or_light_truck
PE15022,PE,Mazda Motor Corp.,MAZDA,CX-9,2007-2014,SUSPENSION:FRONT:CONTROL ARM:LOWER BALL JOINT,Lower ball joint separation,20150609,20150820,72,15V451000,recall,,,car_or_light_truck
PE15024,PE,"Chrysler (FCA US, LLC)",DODGE,DART,2013-2014,"SERVICE BRAKES; SERVICE BRAKES, HYDRAULIC; SERVICE BRAKES, HYDRAULIC:POWER ASSIST",Brake Power Assist Failure,20150618,20151209,174,,closed_no_recall,,,car_or_light_truck
PE15025,PE,"Chrysler (FCA US, LLC)",JEEP,WRANGLER; WRANGLER 2-DR 4X4; WRANGLER 4-DR 4X2; WRANGLER 4-DR 4X4; WRANGLER SAHARA,2007-2012,AIR BAGS; AIR BAGS:FRONTAL,Air Bag Clockspring Wiring Failure,20150619,20151207,171,,upgraded_to_EA,EA15007,16V288000; 16V290000,car_or_light_truck
PE15026,PE,Ford Motor Company,FORD,F-150,2011-2012,"SERVICE BRAKES, ELECTRIC; SERVICE BRAKES, HYDRAULIC:POWER ASSIST; SERVICE BRAKES, HYDRAULIC:POWER ASSIST:VACUUM",Brake Vacuum Pump Failure,20150622,20151019,119,,upgraded_to_EA,EA15005,,car_or_light_truck
PE15028,PE,Ford Motor Company,FORD; MERCURY,CROWN VICTORIA; GRAND MARQUIS,2003-2005,EXTERIOR LIGHTING; EXTERIOR LIGHTING:HEADLIGHTS,Loss of headlights,20150810,20160108,151,15V861000,recall,,,car_or_light_truck
PE15029,PE,Honda (American Honda Motor Co.),HONDA,ACCORD,2008-2010,AIR BAGS; AIR BAGS:FRONTAL:SENSOR/CONTROL MODULE-INACTIVE,SRS Control Module Failure,20150818,20160617,304,16V056000; 16V594000,recall,,,car_or_light_truck
PE15030,PE,"Chrysler (FCA US, LLC)",DODGE; JEEP,DURANGO; GRAND CHEROKEE,2014-2015,POWER TRAIN:AUTOMATIC TRANSMISSION; POWER TRAIN:AUTOMATIC TRANSMISSION:GEAR POSITION INDICATION (PRNDL),Powered vehicle rollaway,20150820,20160205,169,,upgraded_to_EA,EA16002,16V240000; 16V424000,car_or_light_truck
PE15031,PE,"Kia America, Inc.",KIA,SPECTRA,2007-2009,AIR BAGS; AIR BAGS:FRONTAL; AIR BAGS:FRONTAL:SENSOR/CONTROL MODULE-INACTIVE; AIR BAGS:SENSOR:OCCUPANT CLASSIFICATION,Occupant Classification System,20150901,20160211,163,,closed_no_recall,,,car_or_light_truck
PE15032,PE,Isuzu Motors Limited,ISUZU,N-SERIES,2012-2015,SUSPENSION; SUSPENSION:FRONT; SUSPENSION:FRONT:HUB; SUSPENSION:FRONT:WHEEL BEARING,Wheel bearing failure,20150928,20160225,150,,closed_no_recall,,,car_or_light_truck
PE16001,PE,Ford Motor Company,FORD; LINCOLN,C-MAX; C-MAX ENERGI; C-MAX HYBRID; ESCAPE; ESCAPE HYBRID; FOCUS,2012-2016,LATCHES/LOCKS/LINKAGES; LATCHES/LOCKS/LINKAGES:DOORS:LATCH,Door Latch Failure,20160116,20161029,287,16V643000,recall,,,car_or_light_truck
PE16003,PE,Ford Motor Company,FORD,F-150,2013-2014,"SERVICE BRAKES; SERVICE BRAKES, HYDRAULIC; SERVICE BRAKES, HYDRAULIC:FLUID; SERVICE BRAKES, HYDRAULIC:FOUNDATION COMPONENTS:MASTER CYLINDER",Master Cylinder External Leak,20160229,20160726,148,16V345000,recall,,,car_or_light_truck
PE16006,PE,Toyota Motor Corporation,TOYOTA,SEQUOIA,2001-2002,ELECTRONIC STABILITY CONTROL,Yaw rate sensor malfunction,20160614,20161220,189,,closed_no_recall,,,car_or_light_truck
PE16007,PE,"Tesla, Inc.",TESLA,MODEL S; MODEL X,2014-2016,FORWARD COLLISION AVOIDANCE; FORWARD COLLISION AVOIDANCE: ADAPTIVE CRUISE CONTROL; FORWARD COLLISION AVOIDANCE: CRASH IMMINENT BRAKING; FORWARD COLLISION AVOIDANCE: DYNAMIC BRAKE SUPPORT/BRAKE ASSIST; FORWARD COLLISION AVOIDANCE: SENSING SYSTEM,Automatic vehicle control systems,20160628,20170119,205,,closed_no_recall,,,car_or_light_truck
PE16008,PE,Ford Motor Company,FORD,EXPLORER; POLICE INTERCEPTOR UTILIT,2011-2015,ENGINE AND ENGINE COOLING:EXHAUST SYSTEM; STRUCTURE:BODY,Ford Explorer Exhaust Odor,20160701,20170912,438,,closed_no_recall,,,car_or_light_truck
PE16010,PE,Hyundai Motor America,HYUNDAI,SONATA,2016-2016,"SERVICE BRAKES; SERVICE BRAKES, HYDRAULIC; SERVICE BRAKES, HYDRAULIC:FOUNDATION COMPONENTS:DISC:PADS",Electronic Parking Brake,20160903,20170222,172,,closed_no_recall,,,car_or_light_truck
PE16011,PE,Ford Motor Company,FORD,FUSION; FUSION HYBRID,2010-2010,STEERING; STEERING:ELECTRIC POWER ASSIST SYSTEM,Power Steering Failure,20160928,20171225,453,,closed_no_recall,,,car_or_light_truck
PE16012,PE,Ford Motor Company,FORD,EDGE,2011-2013,INTERIOR LIGHTING; LATCHES/LOCKS/LINKAGES; LATCHES/LOCKS/LINKAGES:DOORS:LATCH,Door Ajar Warning Light Always On,20160928,20170320,173,,closed_no_recall,,,car_or_light_truck
PE16013,PE,"Nissan North America, Inc.",NISSAN,VERSA,2012-2012,AIR BAGS; AIR BAGS:SIDE/WINDOW,Inadvertent Curtain and Seat Air Bag,20160928,20170320,173,17V144000,recall,,,car_or_light_truck
PE16014,PE,"Chrysler (FCA US, LLC)",DODGE; RAM,1500; DURANGO,2013-2017,POWER TRAIN:AUTOMATIC TRANSMISSION; POWER TRAIN:AUTOMATIC TRANSMISSION:CONTROL MODULE (TCM/PCM/TECM); POWER TRAIN:AUTOMATIC TRANSMISSION:GEAR POSITION INDICATION (PRNDL),Vehicle Rollaway,20161216,20240125,2596,,closed_no_recall,,,car_or_light_truck
PE16015,PE,"Jaguar Cars, Ltd.; Land Rover",JAGUAR; LAND ROVER,RANGE ROVER EVOQUE; XF,2012-2014,POWER TRAIN:AUTOMATIC TRANSMISSION,Powered vehicle rollaway,20161216,20200811,1334,,closed_no_recall,,,car_or_light_truck
PE16017,PE,Ford Motor Company,FORD; MERCURY,FUSION; MILAN,2007-2009,"SERVICE BRAKES; SERVICE BRAKES, HYDRAULIC; SERVICE BRAKES, HYDRAULIC:ANTILOCK/TRACTION CONTROL/ELECTRONIC LIMITED SLIP; SERVICE BRAKES, HYDRAULIC:ANTILOCK/TRACTION CONTROL/ELECTRONIC LIMITED SLIP:CONTROL UNIT/MODULE",Extended Braking Distance,20161220,20180504,500,,closed_no_recall,,,car_or_light_truck
PE16018,PE,Hyundai Motor America,HYUNDAI,SONATA,2013-2013,SEAT BELTS:FRONT:ANCHORAGE; SEAT BELTS:PRETENSIONER,Front Passenger Seat Belt Anchor Failure,20161227,20171023,300,17V152000; 17V617000,recall,,,car_or_light_truck
PE17002,PE,"Nissan North America, Inc.",NISSAN,MURANO,2009-2009,"SERVICE BRAKES; SERVICE BRAKES, AIR:ANTILOCK; SERVICE BRAKES, AIR:ANTILOCK:CONTROL UNIT/MODULE",Extended Braking Distances,20170503,20180504,366,,closed_no_recall,,,car_or_light_truck
PE17003,PE,"Chrysler (FCA US, LLC)",JEEP,LIBERTY,2012-2012,AIR BAGS; AIR BAGS:FRONTAL; AIR BAGS:FRONTAL:SENSOR/CONTROL MODULE-INACTIVE,Occupant Restraint Controller Failure,20170601,20171225,207,17V640000,recall,,,car_or_light_truck
PE17007,PE,Ford Motor Company,FORD,FUSION,2014-2016,STEERING; STEERING: STEERING WHEEL/HANDLE BAR,Steering Wheel Fastening Bolt Loosens,20171023,20180423,182,18V167000,recall,,,car_or_light_truck
PE18001,PE,"Volkswagen Group of America, Inc.",VOLKSWAGEN,TIGUAN,2018-2018,SEAT BELTS:FRONT:WEBBING,Seat Belt Webbing Failure,20180110,20180703,174,,upgraded_to_EA,EA18005,20V724000,car_or_light_truck
PE18002,PE,"Daimler Vans USA, LLC; Mercedes-Benz USA, LLC - DBA Sprinter",MERCEDES-BENZ,METRIS,2016-2017,"FUEL SYSTEM, GASOLINE:DELIVERY:HOSES, LINES/PIPING, AND FITTINGS",Low Pressure Fuel Supply Hose Leak,20180313,20190618,462,18V837000,recall,,,car_or_light_truck
PE18003,PE,"Hyundai Motor America; Kia America, Inc.",HYUNDAI; KIA,FORTE; FORTE KOUP; SEDONA; SONATA; SONATA HYBRID,2010-2013,AIR BAGS; AIR BAGS: AIR BAG/RESTRAINT CONTROL MODULE; AIR BAGS:FRONTAL; AIR BAGS:FRONTAL:DRIVER SIDE:INFLATOR MODULE; AIR BAGS:FRONTAL:PASSENGER SIDE:INFLATOR MODULE; AIR BAGS:SIDE/WINDOW; SEAT BELTS:PRETENSIONER,Air bags may be disabled during crash,20180316,20190830,532,18E043000; 18V137000; 18V363000,recall,,,car_or_light_truck
PE18005,PE,Toyota Motor Corporation,TOYOTA,HIGHLANDER; HIGHLANDER HYBRID,2008-2013,STEERING; STEERING:COLUMN,Upper Steering Column Separation,20180504,20181120,200,,upgraded_to_EA,EA18006,,car_or_light_truck
PE18006,PE,Mazda Motor Corp.,MAZDA,MAZDA6,2009-2010,SUSPENSION; SUSPENSION:FRONT,Front Subframe Corrosion,20180521,20181102,165,18V631000,recall,,,car_or_light_truck
PE18007,PE,Ford Motor Company,FORD,ESCAPE; ESCAPE HYBRID,2013-2013,ENGINE AND ENGINE COOLING,Loss of Motive Power,20180716,20241227,2356,,closed_no_recall,,,car_or_light_truck
PE18008,PE,Ford Motor Company,FORD,F-150,2015-2018,SEAT BELTS:PRETENSIONER,Seatbelt Pretensioner Fire,20180803,20181217,136,18V568000,recall,,,car_or_light_truck
PE18010,PE,Ford Motor Company,FORD,E-350; E-450; ECONOLINE,2009-2016,POWER TRAIN:AUTOMATIC TRANSMISSION,Internal transmission failure,20180821,20190716,329,19V432000,recall,,,car_or_light_truck
PE18011,PE,Ford Motor Company,FORD,F-250; F-250 SD; F-350; F-350 SD; F-450; F-450 SD,2017-2019,ELECTRICAL SYSTEM:WIRING; STRUCTURE:BODY:TAILGATE:HINGE AND ATTACHMENTS,Power tailgate opens unintended,20181012,20191212,426,19V864000,recall,,,car_or_light_truck
PE18012,PE,"General Motors, LLC",CADILLAC; CHEVROLET; GMC,ESCALADE; ESCALADE ESV; SIERRA 1500; SILVERADO 1500; SUBURBAN; TAHOE,2014-2016,"SERVICE BRAKES; SERVICE BRAKES, HYDRAULIC; SERVICE BRAKES, HYDRAULIC:POWER ASSIST:VACUUM",Brake Vacuum Pump Failure,20181120,20220410,1237,19V645000,recall,,,car_or_light_truck
PE18013,PE,"Nissan North America, Inc.",NISSAN,ALTIMA,2013-2018,SUSPENSION:REAR,Rear Suspension Control Arm Failure,20181201,20190821,263,,upgraded_to_EA,EA19002,,car_or_light_truck
PE18014,PE,Land Rover,LAND ROVER,RANGE ROVER EVOQUE,2012-2014,"SERVICE BRAKES; SERVICE BRAKES, HYDRAULIC:POWER ASSIST:VACUUM; SERVICE BRAKES, HYDRAULIC:POWER ASSIST:VACUUM:HOSES, LINES/PIPING, AND FITTINGS",Loss of Brake Power Assist,20181201,20200910,649,,upgraded_to_EA,EA20001,,car_or_light_truck
PE18016,PE,"Chrysler (FCA US, LLC)",RAM,2500; 3500,2013-2018,STEERING:LINKAGES:DRAG:LINK:CONNECTION,Steering loss due to linkage separation,20181217,20191212,360,19V021000,recall,EA19004,,car_or_light_truck
PE19001,PE,"General Motors, LLC",CADILLAC,XLR,2004-2005,STRUCTURE:BODY:ROOF AND PILLARS,Roof Skin Separation While Driving,20190201,20191212,314,,closed_no_recall,,,car_or_light_truck
PE19002,PE,"BMW of North America, LLC",BMW,K 1600 GT,2018-2018,STEERING; STEERING: STEERING WHEEL/HANDLE BAR; SUSPENSION; SUSPENSION:FRONT,Steering Oscillation,20190325,20191016,205,,upgraded_to_EA,EA19003,,car_or_light_truck
PE19003,PE,Hyundai Motor America,HYUNDAI,SANTA FE; SANTA FE SPORT; SONATA; SONATA HYBRID,2011-2014,"ELECTRICAL SYSTEM; ELECTRICAL SYSTEM:12V/24V/48V BATTERY; ELECTRICAL SYSTEM:12V/24V/48V BATTERY:CABLES; ELECTRICAL SYSTEM:ALTERNATOR/GENERATOR/REGULATOR; ELECTRICAL SYSTEM:STARTER ASSEMBLY; ELECTRICAL SYSTEM:STARTER ASSEMBLY:RELAY; ELECTRICAL SYSTEM:STARTER ASSEMBLY:SOLENOID; ELECTRICAL SYSTEM:WIRING; ELECTRICAL SYSTEM:WIRING: REAR COMPARTMENT/TRUNK; ELECTRICAL SYSTEM:WIRING:FRONT UNDERHOOD; ELECTRICAL SYSTEM:WIRING:FUSES AND CIRCUIT BREAKERS; ELECTRICAL SYSTEM:WIRING:INTERIOR/UNDER DASH; ENGINE; ENGINE AND ENGINE COOLING; ENGINE AND ENGINE COOLING:COOLING SYSTEM; ENGINE AND ENGINE COOLING:COOLING SYSTEM:FAN; ENGINE AND ENGINE COOLING:COOLING SYSTEM:HOSES/LINES/PIPING/FITTINGS; ENGINE AND ENGINE COOLING:COOLING SYSTEM:RADIATOR ASSEMBLY; ENGINE AND ENGINE COOLING:ENGINE; ENGINE AND ENGINE COOLING:ENGINE:DIESEL; ENGINE AND ENGINE COOLING:ENGINE:GASOLINE; ENGINE AND ENGINE COOLING:ENGINE:GASOLINE:BELTS AND ASSOCIATED PULLEYS; ENGINE AND ENGINE COOLING:ENGINE:GASOLINE:TURBO/SUPERCHARGER; ENGINE AND ENGINE COOLING:ENGINE:OTHER FUEL TYPES:TURBO/SUPERCHARGER; ENGINE AND ENGINE COOLING:EXHAUST SYSTEM; ENGINE AND ENGINE COOLING:EXHAUST SYSTEM:EMISSION CONTROL; ENGINE AND ENGINE COOLING:EXHAUST SYSTEM:EMISSION CONTROL:CATALYTIC CONVERTOR; ENGINE AND ENGINE COOLING:EXHAUST SYSTEM:EMISSION CONTROL:CRANKCASE (PCV); ENGINE AND ENGINE COOLING:EXHAUST SYSTEM:EMISSION CONTROL:GAS RECIRCULATION VALVE (EGR VALVE); ENGINE AND ENGINE COOLING:EXHAUST SYSTEM:MANIFOLD/HEADER/MUFFLER/TAIL PIPE; EXTERIOR LIGHTING; EXTERIOR LIGHTING:BACK UP LIGHTS; EXTERIOR LIGHTING:BACK UP LIGHTS:SWITCH; EXTERIOR LIGHTING:BRAKE LIGHTS; EXTERIOR LIGHTING:BRAKE LIGHTS:SWITCH; EXTERIOR LIGHTING:FOG LIGHTS; EXTERIOR LIGHTING:FOG LIGHTS:SWITCH; EXTERIOR LIGHTING:HAZARD FLASHING WARNING LIGHTS; EXTERIOR LIGHTING:HAZARD FLASHING WARNING LIGHTS:SWITCH; EXTERIOR LIGHTING:HAZARD FLASHING WARNING LIGHTS:UNIT; EXTERIOR LIGHTING:HEADLIGHTS; EXTERIOR LIGHTING:HEADLIGHTS:CONCEALMENT DEVICES; EXTERIOR LIGHTING:HEADLIGHTS:HIGH/LOW BEAM DIMMER SWITCH; EXTERIOR LIGHTING:HEADLIGHTS:SWITCH; EXTERIOR LIGHTING:TAIL LIGHTS; EXTERIOR LIGHTING:TAIL LIGHTS:SWITCH; EXTERIOR LIGHTING:TURN SIGNAL; EXTERIOR LIGHTING:TURN SIGNAL:FLASHER UNIT; EXTERIOR LIGHTING:TURN SIGNAL:SWITCH; FUEL SYSTEM, GASOLINE; FUEL SYSTEM, GASOLINE:DELIVERY; FUEL SYSTEM, GASOLINE:DELIVERY:FUEL PUMP; FUEL SYSTEM, GASOLINE:DELIVERY:HOSES, LINES/PIPING, AND FITTINGS; UNKNOWN OR OTHER",Non-crash Vehicle Fires,20190329,20211222,999,20V061000; 20V121000; 20V393000; 20V520000; 20V543000; 20V746000; 21V303000; 21V727000,recall,EA21003,23V877,car_or_light_truck
PE19004,PE,"Kia America, Inc.",KIA,OPTIMA; OPTIMA HYBRID; SORENTO; SOUL; SOUL EV,2010-2015,ELECTRICAL SYSTEM; ELECTRICAL SYSTEM:12V/24V/48V BATTERY; ELECTRICAL SYSTEM:12V/24V/48V BATTERY:CABLES; ELECTRICAL SYSTEM:ALTERNATOR/GENERATOR/REGULATOR; ELECTRICAL SYSTEM:IGNITION; ELECTRICAL SYSTEM:IGNITION:MODULE; ELECTRICAL SYSTEM:IGNITION:SWITCH; ELECTRICAL SYSTEM:STARTER ASSEMBLY; ELECTRICAL SYSTEM:STARTER ASSEMBLY:RELAY; ELECTRICAL SYSTEM:STARTER ASSEMBLY:SOLENOID; ELECTRICAL SYSTEM:WIRING; ELECTRICAL SYSTEM:WIRING:FRONT UNDERHOOD; ELECTRICAL SYSTEM:WIRING:INTERIOR/UNDER DASH; ENGINE; ENGINE AND ENGINE COOLING; ENGINE AND ENGINE COOLING:COOLING SYSTEM; ENGINE AND ENGINE COOLING:COOLING SYSTEM:FAN; ENGINE AND ENGINE COOLING:COOLING SYSTEM:HOSES/LINES/PIPING/FITTINGS; ENGINE AND ENGINE COOLING:COOLING SYSTEM:RADIATOR ASSEMBLY; ENGINE AND ENGINE COOLING:ENGINE; ENGINE AND ENGINE COOLING:ENGINE:GASOLINE; ENGINE AND ENGINE COOLING:ENGINE:GASOLINE:BELTS AND ASSOCIATED PULLEYS; ENGINE AND ENGINE COOLING:ENGINE:GASOLINE:TURBO/SUPERCHARGER; ENGINE AND ENGINE COOLING:ENGINE:OTHER FUEL TYPES:TURBO/SUPERCHARGER; ENGINE AND ENGINE COOLING:EXHAUST SYSTEM; ENGINE AND ENGINE COOLING:EXHAUST SYSTEM:EMISSION CONTROL; ENGINE AND ENGINE COOLING:EXHAUST SYSTEM:EMISSION CONTROL:CATALYTIC CONVERTOR; ENGINE AND ENGINE COOLING:EXHAUST SYSTEM:EMISSION CONTROL:CRANKCASE (PCV); ENGINE AND ENGINE COOLING:EXHAUST SYSTEM:EMISSION CONTROL:GAS RECIRCULATION VALVE (EGR VALVE); ENGINE AND ENGINE COOLING:EXHAUST SYSTEM:MANIFOLD/HEADER/MUFFLER/TAIL PIPE; EXTERIOR LIGHTING; EXTERIOR LIGHTING:BACK UP LIGHTS; EXTERIOR LIGHTING:BACK UP LIGHTS:SWITCH; EXTERIOR LIGHTING:BRAKE LIGHTS; EXTERIOR LIGHTING:BRAKE LIGHTS:SWITCH; EXTERIOR LIGHTING:FOG LIGHTS; EXTERIOR LIGHTING:FOG LIGHTS:SWITCH; EXTERIOR LIGHTING:HAZARD FLASHING WARNING LIGHTS; EXTERIOR LIGHTING:HAZARD FLASHING WARNING LIGHTS:SWITCH; EXTERIOR LIGHTING:HAZARD FLASHING WARNING LIGHTS:UNIT; EXTERIOR LIGHTING:HEADLIGHTS; EXTERIOR LIGHTING:HEADLIGHTS:CONCEALMENT DEVICES; EXTERIOR LIGHTING:HEADLIGHTS:HIGH/LOW BEAM DIMMER SWITCH; EXTERIOR LIGHTING:HEADLIGHTS:SWITCH; EXTERIOR LIGHTING:TAIL LIGHTS; EXTERIOR LIGHTING:TAIL LIGHTS:SWITCH; EXTERIOR LIGHTING:TURN SIGNAL:FLASHER UNIT; EXTERIOR LIGHTING:TURN SIGNAL:SWITCH; UNKNOWN OR OTHER,Non-crash Vehicle Fires,20190329,20211222,999,20V088000; 20V100000; 20V101000; 20V518000; 20V519000; 20V750000; 21V331000; 21V844000,recall,EA21003,23V877,car_or_light_truck
PE19006,PE,Mazda Motor Corp.,MAZDA,CX-9,2010-2013,AIR BAGS; AIR BAGS:SIDE/WINDOW; AIR BAGS:SIDE/WINDOW:CURTAIN,Inadvertent Curtain Air Bag Deployment,20190502,20210115,624,,closed_no_recall,,,car_or_light_truck
PE19008,PE,"Chrysler (FCA US, LLC)",JEEP,WRANGLER,2011-2018,SEAT BELTS:FRONT:BUCKLE ASSEMBLY,Seat belt buckle bracket failure,20190729,20191212,136,19V680000,recall,,,car_or_light_truck
PE19009,PE,"Subaru of America, Inc.",SUBARU,FORESTER,2016-2018,AIR BAGS; AIR BAGS:FRONTAL; AIR BAGS:FRONTAL:PASSENGER SIDE:INFLATOR MODULE; AIR BAGS:SENSOR:OCCUPANT CLASSIFICATION,Occupant Detection System (ODS) Failure,20190806,20200122,169,19V701000,recall,,,car_or_light_truck
PE19011,PE,"Chrysler (FCA US, LLC)",DODGE; JEEP,DURANGO; GRAND CHEROKEE,2014-2015,SEAT BELTS,Seat Belt Retraction,20190916,20210503,595,,closed_no_recall,,,car_or_light_truck
PE19012,PE,"Chrysler (FCA US, LLC)",JEEP,WRANGLER,2018-2019,STEERING; STRUCTURE:FRAME AND MEMBERS,Frame weld deficiencies,20190916,20231029,1504,,closed_no_recall,,,car_or_light_truck
PE19013,PE,"General Motors, LLC",CHEVROLET,VOLT,2012-2013,AIR BAGS:SENSOR:OCCUPANT CLASSIFICATION:FRONT PASSENGER,Passenger Sensing System,20190917,20210702,654,,upgraded_to_EA,EA21002,,car_or_light_truck
PE19014,PE,"Chrysler (FCA US, LLC)",CHRYSLER; DODGE; JEEP; RAM,200; AVENGER; C/V TRADESMAN; CALIBER; COMPASS; DURANGO,2010-2020,SEATS; SEATS:FRONT ASSEMBLY:HEAD RESTRAINT,Active Head Rest Inadvertent Deployment,20190909,20260225,2361,,closed_no_recall,,,car_or_light_truck
PE19015,PE,"Nissan North America, Inc.",NISSAN,LEAF,2011-2012,AIR BAGS; AIR BAGS:FRONTAL; AIR BAGS:SENSOR:OCCUPANT CLASSIFICATION,Front Occupant Classification System Mat,20191009,20200601,236,,closed_no_recall,,,car_or_light_truck
PE19017,PE,"Chrysler (FCA US, LLC)",RAM,4500; 5500,2015-2017,POWER TRAIN; POWER TRAIN:DRIVELINE:DRIVESHAFT; POWER TRAIN:TRANSFER CASE (4-WHEEL DRIVE),Front Driveshaft Failure,20191212,20231022,1410,,closed_no_recall,,,car_or_light_truck
PE20002,PE,"BMW of North America, LLC",BMW,K1200; R 1250 RT; R1250 GS ADVENTURE,2019-9999,"SERVICE BRAKES; SERVICE BRAKES, HYDRAULIC; SERVICE BRAKES, HYDRAULIC:FLUID; SERVICE BRAKES, HYDRAULIC:FOUNDATION COMPONENTS; SERVICE BRAKES, HYDRAULIC:FOUNDATION COMPONENTS:DISC",Brake fluid leak at front brake caliper,20200401,20200921,173,20V476000,recall,,,car_or_light_truck
PE20007,PE,Land Rover,LAND ROVER,RANGE ROVER SPORT,2010-2011,STRUCTURE,Spoiler Cover Detachment,20200507,20201030,176,20V623000,recall,,,car_or_light_truck
PE20008,PE,"Kia America, Inc.",KIA,SORENTO,2011-2013,EXTERIOR LIGHTING; EXTERIOR LIGHTING:HEADLIGHTS; EXTERIOR LIGHTING:HEADLIGHTS:BULBS,Headlight Failure,20200601,20220125,603,,closed_no_recall,,,car_or_light_truck
PE20009,PE,"General Motors, LLC",CHEVROLET; GMC,EQUINOX; TERRAIN,2010-2012,STEERING; STEERING:ELECTRIC POWER ASSIST SYSTEM,Momentary Increased Steering Effort,20200601,20220603,732,,closed_no_recall,,,car_or_light_truck
PE20010,PE,"Tesla, Inc.",TESLA,MODEL S; MODEL X,2012-2018,BACK OVER PREVENTION: SENSING SYSTEM: CAMERA; ELECTRICAL SYSTEM: INSTRUMENT CLUSTER/PANEL,Loss of rearview camera,20200622,20201122,153,,upgraded_to_EA,EA20003,21V035,car_or_light_truck
PE20011,PE,"General Motors, LLC",CHEVROLET,COBALT; COBALT SS; HHR,2008-2010,"FUEL SYSTEM, GASOLINE; FUEL SYSTEM, OTHER:DELIVERY:HOSES, LINES/PIPING, AND FITTINGS; FUEL/PROPULSION SYSTEM",Fuel Line Leak,20200705,20230817,1138,,closed_no_recall,,,car_or_light_truck
PE20012,PE,"Chrysler (FCA US, LLC)",CHRYSLER,TOWN AND COUNTRY,2014-2014,ELECTRICAL SYSTEM; ELECTRICAL SYSTEM: INSTRUMENT CLUSTER/PANEL,Interior Vehicle Fire,20200806,20220404,606,,closed_no_recall,,,car_or_light_truck
PE20016,PE,"General Motors, LLC",CHEVROLET,BOLT EV,2017-2020,ELECTRICAL SYSTEM:PROPULSION SYSTEM; ELECTRICAL SYSTEM:PROPULSION SYSTEM:TRACTION BATTERY,Electric Vehicle Battery Fires,20201009,20220207,486,20V701000; 21V560000; 21V650000,recall,,,car_or_light_truck
PE20018,PE,Land Rover,LAND ROVER,LR4; RANGE ROVER SPORT,2010-2011,"FUEL SYSTEM, GASOLINE:DELIVERY; FUEL SYSTEM, GASOLINE:STORAGE:TANK ASSEMBLY",Fuel Tank Outlet Flange Leak,20201105,20220324,504,21V635000,recall,,,car_or_light_truck
PE20019,PE,"General Motors, LLC",CADILLAC,SRX,2010-2015,SUSPENSION; SUSPENSION:REAR,Rear Toe Link Adjuster Separation,20201106,20211223,412,21V473000,recall,,,car_or_light_truck
PE20020,PE,"Tesla, Inc.",TESLA,MODEL S; MODEL X,2013-2017,SUSPENSION:FRONT; SUSPENSION:FRONT:CONTROL ARM:LOWER ARM,Fore Link Failure,20201122,20240812,1359,,closed_no_recall,,,car_or_light_truck
PE21001,PE,"Mercedes-Benz USA, LLC",MERCEDES-BENZ,AMG CLA45; AMG GLA45; AMG GLC43; AMG GLC63; AMG GLE43; AMG GLE63,2014-2020,STRUCTURE:BODY:ROOF AND PILLARS,Front Roof Panel Detachment,20210108,20211014,279,21V197000,recall,,,car_or_light_truck
PE21005,PE,Toyota Motor Corporation,TOYOTA,RAV4,2013-2018,ELECTRICAL SYSTEM:12V/24V/48V BATTERY,Battery Hold Down Bracket Thermal Events,20210225,20240812,1264,23V734,recall,,,car_or_light_truck
PE21008,PE,"Volkswagen Group of America, Inc.",VOLKSWAGEN,ATLAS; ATLAS CROSS SPORT,2018-2020,"FUEL SYSTEM, GASOLINE; FUEL SYSTEM, GASOLINE:FUEL INJECTION SYSTEM:INJECTORS",Fuel Injector Leak,20210329,20221003,553,,closed_no_recall,,,car_or_light_truck
PE21009,PE,"Volkswagen Group of America, Inc.",AUDI,A8; RS7; S6; S7; S8,2013-2016,ENGINE AND ENGINE COOLING:ENGINE:GASOLINE:TURBO/SUPERCHARGER; ENGINE AND ENGINE COOLING:ENGINE:OIL/LUBRICATION:FILTER/SCREEN,Engine Stall - Turbo Failure,20210329,20220527,424,22V178000,recall,,,car_or_light_truck
PE21010,PE,"General Motors, LLC",CADILLAC; CHEVROLET; GMC,CT4; CT5; ESCALADE; ESCALADE ESV; ESCALADE NA; SIERRA 1500,2020-2021,AIR BAGS; AIR BAGS:FRONTAL; AIR BAGS:FRONTAL:DRIVER SIDE:INFLATOR MODULE; AIR BAGS:SRS MALFUNCTION WARNING LAMP/LIGHT,Air Bag Malfunction,20210409,20230824,867,,closed_no_recall,,,car_or_light_truck
PE21013,PE,"Porsche Cars North America, Inc.",PORSCHE,TAYCAN,2020-2021,ELECTRICAL SYSTEM; ELECTRICAL SYSTEM:PROPULSION SYSTEM,Loss of Motive Power,20210517,20211223,220,21V486000,recall,,,car_or_light_truck
PE21016,PE,"Chrysler (FCA US, LLC)",CHRYSLER; DODGE,GRAND CARAVAN; TOWN AND COUNTRY,2016-2016,LATCHES/LOCKS/LINKAGES:DOORS:LOCK,Sliding Doors Inoperative,20210709,20220722,378,,closed_no_recall,,,car_or_light_truck
PE21020,PE,"Tesla, Inc.",TESLA,MODEL 3; MODEL S; MODEL X; MODEL Y,2014-2022,ELECTRICAL SYSTEM:ADAS,Autopilot & First Responder Scenes,20210813,20220608,299,,upgraded_to_EA,EA22002,23V085; 23V838,car_or_light_truck
PE21021,PE,"Chrysler (FCA US, LLC)",RAM,2500; 3500; 4500; 5500,2019-2020,"FUEL SYSTEM, DIESEL:DELIVERY:FUEL PUMP",High pressure fuel pump failure,20211014,20230414,547,,upgraded_to_EA,EA23001,24V957,car_or_light_truck
PE21022,PE,"Nissan North America, Inc.",NISSAN,PATHFINDER; PATHFINDER HYBRID,2013-2016,LATCHES/LOCKS/LINKAGES:HOOD:LATCH,Hood Latch/Bell Crank Assembly,20211209,20220708,211,22V420000,recall,,,car_or_light_truck
PE22001,PE,Honda (American Honda Motor Co.),HONDA,RIDGELINE,2017-2018,BACK OVER PREVENTION; BACK OVER PREVENTION: SENSING SYSTEM: CAMERA,Rear-View Camera Failure,20220207,20221219,315,22V867000,recall,,,car_or_light_truck
PE22002,PE,"Tesla, Inc.",TESLA,MODEL 3; MODEL S; MODEL Y,2018-2024,FORWARD COLLISION AVOIDANCE; FORWARD COLLISION AVOIDANCE: ADAPTIVE CRUISE CONTROL; FORWARD COLLISION AVOIDANCE: ADAPTIVE CRUISE CONTROL:SOFTWARE; FORWARD COLLISION AVOIDANCE: ADAPTIVE CRUISE CONTROL:SOFTWARE:SIGNAGE/SIGNAL RECOGNITION; FORWARD COLLISION AVOIDANCE: ADAPTIVE LIGHTING; FORWARD COLLISION AVOIDANCE: AUTOMATIC EMERGENCY BRAKING; FORWARD COLLISION AVOIDANCE: AUTOMATIC EMERGENCY STEERING; FORWARD COLLISION AVOIDANCE: DYNAMIC BRAKE SUPPORT/BRAKE ASSIST; FORWARD COLLISION AVOIDANCE: SENSING SYSTEM: CAMERA; FORWARD COLLISION AVOIDANCE: SENSING SYSTEM: LIDAR; FORWARD COLLISION AVOIDANCE: SENSING SYSTEM: OTHER; FORWARD COLLISION AVOIDANCE: SENSING SYSTEM: RADAR; FORWARD COLLISION AVOIDANCE: SENSING SYSTEM: SONAR/ULTRASONIC; FORWARD COLLISION AVOIDANCE: WARNINGS; FORWARD COLLISION AVOIDANCE: WARNINGS:EXTERNAL/PEDESTRIAN ALERT; FORWARD COLLISION AVOIDANCE:SOFTWARE; FORWARD COLLISION AVOIDANCE:SOFTWARE:PEDESTRIAN/CYCLIST/OBJECT/OBSTACLE/ RECOGNITION,Unexpected Brake Activation,20220216,20260629,1594,,closed_no_recall,,,car_or_light_truck
PE22003,PE,Honda (American Honda Motor Co.),HONDA,ACCORD; ACCORD HYBRID; CR-V,2017-2019,FORWARD COLLISION AVOIDANCE; FORWARD COLLISION AVOIDANCE: AUTOMATIC EMERGENCY BRAKING; FORWARD COLLISION AVOIDANCE: SENSING SYSTEM: CAMERA; FORWARD COLLISION AVOIDANCE: SENSING SYSTEM: RADAR; FORWARD COLLISION AVOIDANCE:SOFTWARE,Inadvertent Automatic Emergency Braking,20220221,20240418,787,,upgraded_to_EA,EA24002,,car_or_light_truck
PE22004,PE,"Kia America, Inc.",KIA; KIA MOTOR,CARNIVAL,2022-2022,STRUCTURE:BODY:DOOR,Power Sliding Door Auto Reverse Failure,20220410,20230613,429,23V236000,recall,,,car_or_light_truck
PE22005,PE,Honda (American Honda Motor Co.),HONDA,PILOT,2016-2020,ENGINE AND ENGINE COOLING:ENGINE; ENGINE AND ENGINE COOLING:ENGINE:CRANK/CAMSHAFT POSITION SENSOR; ENGINE AND ENGINE COOLING:ENGINE:ENGINE CONTROL MODULE (ECU/ECM):SOFTWARE; ENGINE AND ENGINE COOLING:ENGINE:HARD PARTS INTERNAL/MECHANICAL,No Restart After Auto Start/Stop Engages,20220603,20250326,1027,,upgraded_to_EA,EA25004,,car_or_light_truck
PE22006,PE,"General Motors, LLC",CADILLAC; GMC,ACADIA; XT5; XT6,2020-2021,BACK OVER PREVENTION: SENSING SYSTEM: CAMERA,Rear-View Camera Failure,20220722,20221121,122,22V709000,recall,,,car_or_light_truck
PE22007,PE,Ford Motor Company,FORD,BRONCO,2021-2021,ENGINE,Loss of motive power due to valve intake failure on Ford Bronco vehicles.,20220722,20231002,437,,upgraded_to_EA,EA23002,24V635,car_or_light_truck
PE22008,PE,"Chrysler (FCA US, LLC)",CHRYSLER,PACIFICA; PACIFICA PLUG-IN HYBRID,2018-2024,POWER TRAIN,Transmission fault leading to loss of motive power,20220722,20240327,614,23V010,recall,,,car_or_light_truck
PE22009,PE,"Chrysler (FCA US, LLC)",JEEP,CHEROKEE,2014-2016,PARKING BRAKE:ELECTRICAL; PARKING BRAKE:ELECTRICAL:CONTROL MODULE,Electronic Parking Brake Water Ingress,20220722,20231029,464,,closed_no_recall,,,car_or_light_truck
PE22011,PE,Honda (American Honda Motor Co.),HONDA,CR-V; HR-V,2018-2022,POWER TRAIN; POWER TRAIN:AXLE ASSEMBLY; POWER TRAIN:AXLE ASSEMBLY:AXLE SHAFT; POWER TRAIN:AXLE ASSEMBLY:AXLE SHAFT:SEAL; POWER TRAIN:DRIVELINE:DIFFERENTIAL UNIT; POWER TRAIN:DRIVELINE:DRIVESHAFT,Rear Differential Seizure,20221128,20240722,602,,closed_no_recall,,,car_or_light_truck
PE22012,PE,"Chrysler (FCA US, LLC)",RAM,2500; 3500,2017-2018,"SERVICE BRAKES, HYDRAULIC:ANTILOCK/TRACTION CONTROL/ELECTRONIC LIMITED SLIP:CONTROL UNIT/MODULE; SERVICE BRAKES, HYDRAULIC:POWER ASSIST:ELECTRIC:CONTROL MODULE; SERVICE BRAKES, HYDRAULIC:POWER ASSIST:ELECTRIC:CONTROL MODULE:SOFTWARE; SERVICE BRAKES, HYDRAULIC:POWER ASSIST:HYDRAULIC",Loss of Brake Performance,20221128,20250303,826,,closed_no_recall,,,car_or_light_truck
PE22013,PE,"Chrysler (FCA US, LLC)",JEEP,COMPASS,2019-2020,ENGINE; ENGINE AND ENGINE COOLING,False overheat leading to loss of motive power,20221202,20231210,373,,closed_no_recall,,,car_or_light_truck
PE23001,PE,Ford Motor Company,FORD,EXPLORER; EXPLORER POLICE INTERCEPT; F-150,2011-2019,STRUCTURE:BODY:ROOF AND PILLARS,Windshield trim molding Item detachment,20230127,20240208,377,24V031,recall,,,car_or_light_truck
PE23002,PE,"Kia America, Inc.",KIA,TELLURIDE,2020-2020,EXTERIOR LIGHTING:HEADLIGHTS,Complete Loss of High Beams,20230127,20240417,446,24V148,recall,,,car_or_light_truck
PE23003,PE,"Tesla, Inc.",TESLA,MODEL Y,2023-2023,STEERING:CRITICAL FASTENERS,Steering Wheel Detachment,20230304,20260424,1147,,closed_no_recall,,,car_or_light_truck
PE23005,PE,Honda (American Honda Motor Co.),HONDA,CIVIC; CIVIC SI,2022-2023,STEERING,Momentary Increased Steering Effort,20230317,20231130,258,,upgraded_to_EA,EA23003,24V744,car_or_light_truck
PE23006,PE,"Tesla, Inc.",TESLA,MODEL S; MODEL X,2021-2023,SEAT BELTS; SEAT BELTS:CRITICAL FASTENERS; SEAT BELTS:FRONT; SEAT BELTS:FRONT:ANCHORAGE,Front seat belt anchor detachment,20230324,20240516,419,23V488,recall,,,car_or_light_truck
PE23008,PE,"Chrysler (FCA US, LLC)",DODGE,JOURNEY; JOURNEY AWD,2009-2009,LATCHES/LOCKS/LINKAGES:DOORS:LATCH; LATCHES/LOCKS/LINKAGES:DOORS:LOCK; LATCHES/LOCKS/LINKAGES:ELECTRONIC LOCK/LATCH ACTUATOR,Vehicle entrapment,20230501,20240815,472,,upgraded_to_EA,EA24003,,car_or_light_truck
PE23011,PE,Hyundai Motor America,HYUNDAI,IONIQ 5,2022-2024,ELECTRICAL SYSTEM:12V/24V/48V BATTERY; ELECTRICAL SYSTEM:PROPULSION SYSTEM:DC/DC CONVERTER,Loss of Motive Power,20230608,20240417,314,24V204,recall,,,car_or_light_truck
PE23012,PE,"Kia America, Inc.",KIA,EV6,2022-2022,ELECTRICAL SYSTEM:12V/24V/48V BATTERY; ELECTRICAL SYSTEM:PROPULSION SYSTEM:DC/DC CONVERTER,Loss of Motive Power,20230703,20240417,289,24V200,recall,,,car_or_light_truck
PE23013,PE,Ford Motor Company,FORD,ESCAPE; ESCAPE HYBRID,2020-2022,STRUCTURE:BODY:DOOR; STRUCTURE:BODY:DOOR:HINGE AND ATTACHMENTS,Failed Door Check Arm Attachment Point,20230707,20240124,201,,closed_no_recall,,,car_or_light_truck
PE23014,PE,"Tesla, Inc.",TESLA,MODEL 3; MODEL Y,2023-2023,STEERING,Loss of steering control,20230728,20240205,192,,upgraded_to_EA,EA24001,25V092,car_or_light_truck
PE23015,PE,Ford Motor Company,FORD,ECOSPORT; FOCUS,2016-2021,ENGINE AND ENGINE COOLING:ENGINE:OIL/LUBRICATION:PUMP,Oil Pump Failure,20230920,20240214,147,23V905,recall,,,car_or_light_truck
PE23016,PE,"Corp. Micro Bird, Inc.; Daimler Trucks North America, LLC; General Motors, LLC",CHEVROLET; GMC; MICRO BIRD; THOMAS BUILT BUSES,EXPRESS CUTAWAY VAN; MB II SCHOOL BUS; MB II TRANSIT BUS; MINOTOUR; SAVANA,2016-2022,POWER TRAIN; POWER TRAIN:AUTOMATIC TRANSMISSION; POWER TRAIN:AUTOMATIC TRANSMISSION:FLUID/LUBRICANT:VALVES/VALVE BODY,6L90 Transmission Failure,20230927,20250110,471,,closed_no_recall,,,car_or_light_truck
PE23017,PE,"Volkswagen Group of America, Inc.",VOLKSWAGEN,ATLAS,2018-2023,FORWARD COLLISION AVOIDANCE; FORWARD COLLISION AVOIDANCE: AUTOMATIC EMERGENCY BRAKING,Inadvertent Automatic Emergency Braking,20230928,20241218,447,,upgraded_to_EA,EA24004,,car_or_light_truck
PE23019,PE,"Kia America, Inc.",KIA,SORENTO,2016-2017,ENGINE; ENGINE AND ENGINE COOLING:ENGINE:OIL/LUBRICATION:SEALS/GASKETS,Loss of Motive Power,20231113,20240723,253,,closed_no_recall,,,car_or_light_truck
PE23020,PE,"Nissan North America, Inc.",NISSAN,TITAN; TITAN XD,2016-2019,ENGINE; ENGINE AND ENGINE COOLING:ENGINE:DIESEL,Loss of motive power due to broken crankshaft with no ability to restart.,20231115,20250627,590,,closed_no_recall,,,car_or_light_truck
PE23021,PE,Ford Motor Company,FORD; LINCOLN,EXPEDITION; NAVIGATOR,2019-2019,SEAT BELTS:PRETENSIONER,Seat Belt Pretensioner Inadvertent Deployment,20231122,20240729,250,24V099,recall,,,car_or_light_truck
PE23022,PE,"General Motors, LLC",CHEVROLET,VOLT,2016-2019,ELECTRICAL SYSTEM; ELECTRICAL SYSTEM:PROPULSION SYSTEM; ELECTRICAL SYSTEM:PROPULSION SYSTEM:TRACTION BATTERY:MANAGEMENT SYSTEM/ENERGY CONTROL MODULE (BMS/BECM),Loss of Motive Power due to the Battery Energy Control Module,20231129,20250303,460,,closed_no_recall,,,car_or_light_truck
PE23023,PE,"Nissan North America, Inc.",INFINITI; NISSAN,ALTIMA; QX50; QX55; ROGUE; redundant ROGUE,2019-2025,ENGINE; ENGINE AND ENGINE COOLING; ENGINE AND ENGINE COOLING:ENGINE:HARD PARTS INTERNAL/MECHANICAL,Complete loss of motive power due to engine failure,20231213,20250718,583,25V437,recall,,,car_or_light_truck
PE24001,PE,Fisker Group Inc,FISKER,OCEAN,2023-2023,"SERVICE BRAKES; SERVICE BRAKES, ELECTRIC:SOFTWARE/PROGRAMMING",Loss of braking performance,20240111,20240826,228,24V623,recall,,,car_or_light_truck
PE24002,PE,Ford Motor Company,FORD,BRONCO SPORT,2021-2023,ELECTRICAL SYSTEM:12V/24V/48V BATTERY,Loss of Motive Power,20240131,20240819,201,24V267; 24V590,recall,EA25001,,car_or_light_truck
PE24003,PE,"Chrysler (FCA US, LLC)",ALFA ROMEO,GIULIA,2017-2019,"FUEL SYSTEM, GASOLINE; FUEL SYSTEM, GASOLINE:DELIVERY:FUEL PUMP; FUEL SYSTEM, GASOLINE:DELIVERY:FUEL PUMP:CONTROL/DRIVE MODULE",Low Pressure Fuel Pump Assembly Failure,20240108,20250926,627,25E069; 25V586,recall,,,car_or_light_truck
PE24004,PE,Honda (American Honda Motor Co.),HONDA,RIDGELINE,2020-2023,BACK OVER PREVENTION,Rear-View Camera Failure,20240213,20240805,174,24V321,recall,,,car_or_light_truck
PE24005,PE,Fisker Group Inc,FISKER,OCEAN,2023-2023,POWER TRAIN:AUTOMATIC TRANSMISSION,Unintended vehicle movement,20240214,20241206,296,24V865,recall,,,car_or_light_truck
PE24006,PE,"Chrysler (FCA US, LLC)",DODGE,JOURNEY,2017-2020,BACK OVER PREVENTION: SENSING SYSTEM: CAMERA,Back up camera failure,20240227,20250926,577,25E052; 25V552,recall,,,car_or_light_truck
PE24007,PE,"Nissan North America, Inc.",NISSAN,VERSA,2021-2024,POWER TRAIN,Reduced Power After Engine Stall,20240307,20251002,574,,closed_no_recall,,,car_or_light_truck
PE24008,PE,Honda (American Honda Motor Co.),HONDA,INSIGHT; PASSPORT,2019-2022,FORWARD COLLISION AVOIDANCE; FORWARD COLLISION AVOIDANCE: AUTOMATIC EMERGENCY BRAKING,Inadvertent Automatic Emergency Braking,20240307,20250117,316,,upgraded_to_EA,EA25002,,car_or_light_truck
PE24010,PE,Fisker Group Inc,FISKER,OCEAN,2023-2023,LATCHES/LOCKS/LINKAGES:DOORS:LATCH,Failure to open door,20240401,20240826,147,24V466,recall,,,car_or_light_truck
PE24011,PE,"General Motors, LLC",CADILLAC,LYRIQ,2023-2023,SERVICE BRAKES,Electronic Brake Module Component Failure,20240411,20260821,862,,upgraded_to_EA,EA26006,,car_or_light_truck
PE24012,PE,Ford Motor Company,FORD,MUSTANG MACH E,2021-2024,ELECTRICAL SYSTEM:ADAS,Collisions Involving Ford BlueCruise,20240425,20250117,267,,upgraded_to_EA,EA25001,,car_or_light_truck
PE24013,PE,Fisker Group Inc,FISKER,OCEAN,2023-2023,FORWARD COLLISION AVOIDANCE: AUTOMATIC EMERGENCY BRAKING,Inadvertent Automatic Emergency Braking,20240508,20250116,253,,closed_no_recall,,,car_or_light_truck
PE24019,PE,Ford Motor Company,FORD,BRONCO; EXPEDITION; F-150; redundant  F-250; redundant F-250,2018-2022,"FUEL SYSTEM, GASOLINE:DELIVERY:FUEL PUMP",Low-pressure fuel pump failure,20240729,20250919,417,25V455,recall,,,car_or_light_truck
PE24020,PE,"Nissan North America, Inc.",NISSAN,ROGUE,2021-2023,STEERING:LINKAGES:TIE ROD ASSEMBLY,2021 Nissan Rogue Inner Tie Rod Failures,20240805,20260824,749,,closed_no_recall,,,car_or_light_truck
PE24021,PE,Hyundai Motor America,HYUNDAI,PALISADE,2020-2023,SEAT BELTS,Inadvertent Seat Belt Unlatch,20240807,20251212,492,25V607,recall,,,car_or_light_truck
PE24024,PE,"Chrysler (FCA US, LLC)",JEEP,GLADIATOR; WRANGLER,2020-2024,STEERING:HYDRAULIC POWER ASSIST:PUMP,Underhood fires,20240906,20260924,748,26V363,recall,,,car_or_light_truck
PE24025,PE,"VinFast Auto, LLC",VINFAST,VF 8,2023-2024,LANE DEPARTURE; LANE DEPARTURE: LANE KEEP: AUTOMATIC STEERING; LANE DEPARTURE: LANE KEEP: STEERING ASSIST,Lane Keep Assist System,20240910,20251021,406,25V559,recall,,,car_or_light_truck
PE24027,PE,Ford Motor Company,FORD,EDGE,2015-2017,"SERVICE BRAKES; SERVICE BRAKES, HYDRAULIC:FOUNDATION COMPONENTS:HOSES, LINES/PIPING, AND FITTINGS",Loss of braking caused by rear brake hose failure,20241003,20251030,392,25V544,recall,,,car_or_light_truck
PE24030,PE,Ford Motor Company,FORD,FLEX,2019-2019,BACK OVER PREVENTION: SENSING SYSTEM: CAMERA,Rear-view Camera Failure,20241011,20260202,479,24V951; 25V695,recall,,,car_or_light_truck
PE24031,PE,"Tesla, Inc.",TESLA,CYBERTRUCK; MODEL 3; MODEL S; MODEL X; MODEL Y,2016-2024,ELECTRICAL SYSTEM:ADAS,FSD Collisions in Reduced Roadway Visibility Conditions,20241017,20260318,517,,upgraded_to_EA,EA26002,,car_or_light_truck
PE24033,PE,"Tesla, Inc.",TESLA,MODEL 3; MODEL S; MODEL X; MODEL Y,2016-2026,ELECTRICAL SYSTEM:ADAS:AUTONOMOUS/SELF DRIVING,Actually Smart Summon sessions resulting in low-speed impacts.,20250106,20260403,452,,upgraded_to_EA,EA26002,,car_or_light_truck
PE25001,PE,"General Motors, LLC",CADILLAC; CHEVROLET; GMC,ESCALADE; ESCALADE ESV; ESCALADE NA; SIERRA 1500; SILVERADO 1500; SUBURBAN,2019-2025,ENGINE; ENGINE AND ENGINE COOLING:ENGINE:HARD PARTS INTERNAL/MECHANICAL,Loss of motive power due to engine failure,20250116,20251023,280,25V274,recall,EA25007,,car_or_light_truck
PE25002,PE,Ford Motor Company,FORD,F-150,2015-2017,POWER TRAIN:AUTOMATIC TRANSMISSION:CONTROL MODULE (TCM/PCM/TECM),Unintended Transmission Downshift and Rear Wheel Lock-up,20250321,20260130,315,,upgraded_to_EA,EA26001,26V237,car_or_light_truck
PE25004,PE,"Kia America, Inc.",KIA,EV9,2024-2025,VISIBILITY:WINDSHIELD WIPER/WASHER,Windshield Wiper Failure,20250429,20260311,316,,closed_no_recall,,,car_or_light_truck
PE25005,PE,"Nissan North America, Inc.",NISSAN,CUBE,2009-2010,AIR BAGS:FRONTAL:DRIVER SIDE:INFLATOR MODULE,Driver Airbag Inflator Rupture,20250613,20260903,447,26V230,recall,,,car_or_light_truck
PE25006,PE,"Jaguar Land Rover North America, LLC",LAND ROVER,RANGE ROVER; RANGE ROVER SPORT,2014-2017,STEERING:LINKAGES:KNUCKLE:SPINDLE:ARM,Front Steering Knuckle Fractures,20250627,20260424,301,25V514,recall,EA26003,,car_or_light_truck
PE25007,PE,Ford Motor Company,FORD,FLEX,2017-2019,STRUCTURE:BODY:ROOF AND PILLARS,B-Pillar Trim Detachment,20250807,20260805,363,25V732,recall,,,car_or_light_truck
PE25011,PE,"Rivian Automotive, LLC",RIVIAN,EDV,2022-2023,SEAT BELTS; SEAT BELTS:FRONT:ANCHORAGE,Rivian EDV Seat Belt Anchor Detachment,20250922,20260225,156,25V816,recall,,,car_or_light_truck
PE25015,PE,Honda (American Honda Motor Co.),ACURA,ILX,2019-2020,"SERVICE BRAKES, HYDRAULIC:FOUNDATION COMPONENTS:MASTER CYLINDER",Loss of braking force,20251023,20260521,210,25V859,recall,,,car_or_light_truck
PE25018,PE,Honda (American Honda Motor Co.),HONDA,ODYSSEY,2018-2022,AIR BAGS; AIR BAGS:SENSOR:SIDE IMPACT; AIR BAGS:SIDE/WINDOW,Inadvertent Deployment of Side Air Bags,20251028,20260625,240,26V227,recall,,,car_or_light_truck
PE25020,PE,Ford Motor Company,FORD,FIESTA; FOCUS,2014-2018,ENGINE; ENGINE AND ENGINE COOLING:ENGINE:GASOLINE:BELTS AND ASSOCIATED PULLEYS,Timing Belt Failure,20251218,20260731,225,,upgraded_to_EA,EA26004,,car_or_light_truck
PE85011,PE,"Chrysler (FCA US, LLC)",DODGE; PLYMOUTH,600; ARIES; RELIANT,1981-1984,ENGINE AND ENGINE COOLING,ENGINE COMPARTMENT FIRES,19841114,19850731,259,84V147000,recall,EA85038,,car_or_light_truck
PE85016,PE,"General Motors, LLC",BUICK; CADILLAC; CHEVROLET; GMC; OLDSMOBILE; PONTIAC,2000; 6000; CAMARO; CAVALIER; CELEBRITY; CENTURY,1983-1984,ENGINE AND ENGINE COOLING,ENGINE COMPARTMENT FIRES,19841203,19850322,109,85V034000,recall,EA85018,,car_or_light_truck
PE86018,PE,"Chrysler (FCA US, LLC); EAGLE TRAILERS INC",EAGLE; EAGLE INTERNATIONAL,10; MOTORCOACH,1984-1984,"FUEL SYSTEM, GASOLINE:STORAGE",ALLEGED FIRES,19851213,19860314,91,86V034000,recall,,,car_or_light_truck
PE86031,PE,"General Motors, LLC",BUICK; CADILLAC; CHEVROLET; OLDSMOBILE; PONTIAC,CAVALIER; CIMARRON; FIRENZA; SKYHAWK; SUNBIRD,1985-1985,ENGINE AND ENGINE COOLING,UNDERHOOD FIRES,19860218,19860610,112,86V073000,recall,EA86021,87V181000,car_or_light_truck
PE86048,PE,Ford Motor Company,FORD; MERCURY,ESCORT; EXP; LYNX,1985-1985,ENGINE AND ENGINE COOLING,FIRES,19860423,19861201,222,,upgraded_to_EA,EA87005,89V095000,car_or_light_truck
PE86049,PE,"General Motors, LLC",CHEVROLET,CAVALIER,1984-1984,SEATS,SEAT TRACK LOCK,19860424,19860801,99,,upgraded_to_EA,EA86023,87V079000,car_or_light_truck
PE86050,PE,"Volvo Car USA, LLC",VOLVO,240; VOLVO,1980-1985,VEHICLE SPEED CONTROL:LINKAGES,SUDDEN ACCELERATION,19860428,19861001,156,86V129000,recall,,,car_or_light_truck
PE86051,PE,"General Motors, LLC",BUICK; CADILLAC; CHEVROLET; OLDSMOBILE; PONTIAC,BUICK; CADILLAC; CHEVROLET; OLDSMOBILE; PONTIAC,1985-1985,VISIBILITY,WINDSHIELD WIPER FAILURE,19860428,19860825,119,,upgraded_to_EA,EA86025,,car_or_light_truck
PE86053,PE,"General Motors, LLC",CHEVROLET; GMC,ASTRO; SAFARI,1985-1986,"SERVICE BRAKES, HYDRAULIC",INADEQUATE REAR BRAKES,19860501,19870120,264,,upgraded_to_EA,EA87009,,car_or_light_truck
PE86057,PE,"General Motors, LLC",CHEVROLET; PONTIAC,CHEVETTE; T1000,1979-1981,"SERVICE BRAKES, HYDRAULIC",BRAKE FAILURE/FIREWALL,19860523,19860926,126,,upgraded_to_EA,EA86033,,car_or_light_truck
PE86058,PE,Ford Motor Company,FORD,E350,1984-1986,VEHICLE SPEED CONTROL:LINKAGES,FUEL SPURTING/FIRES,19860616,19861104,141,,upgraded_to_EA,EA87002,,car_or_light_truck
PE86064,PE,"SAAB CARS USA, INC.",SAAB,9000,1986-1986,SEAT BELTS:FRONT:BUCKLE ASSEMBLY,SEAT TRACK/BELT FAILURE,19860707,19860909,64,,closed_no_recall,,,car_or_light_truck
PE86066,PE,Honda (American Honda Motor Co.),HONDA,ACCORD,1984-1986,VEHICLE SPEED CONTROL:LINKAGES,SUDDEN ACCELERATION,19860728,19861103,98,,closed_no_recall,,,car_or_light_truck
PE86067,PE,Ford Motor Company,LINCOLN,CONTINENTAL; MARK VII,1985-1986,"SERVICE BRAKES, HYDRAULIC",BRAKE FAILURE,19860729,19860909,42,86V108000; 86V109000,recall,,,car_or_light_truck
PE86073,PE,"General Motors, LLC",CHEVROLET; GMC,B6P,1984-1986,"SERVICE BRAKES, HYDRAULIC",INEFFECTIVE AIR BRAKES,19860813,19861016,64,,upgraded_to_EA,EA86033,,car_or_light_truck
PE86078,PE,"Chrysler (FCA US, LLC)",CHRYSLER; DODGE,DAYTONA; LASER,1984-1984,STRUCTURE,HOOD LATCH FAILURE,19860924,19870227,156,,closed_no_recall,,,car_or_light_truck
PE87001,PE,"Mercedes-Benz USA, LLC",MERCEDES BENZ,300E,1986-1986,VEHICLE SPEED CONTROL:LINKAGES,SUDDEN ACCELERATION,19861002,19870114,104,,closed_no_recall,,,car_or_light_truck
PE87003,PE,"General Motors, LLC",CHEVROLET; GMC,BLAZER; JIMMY; S10; S15,1983-1984,ELECTRICAL SYSTEM,ELECT. FAILURES/FIRES,19861027,19870716,262,,closed_no_recall,,,car_or_light_truck
PE87004,PE,"General Motors, LLC",CHEVROLET,CAVALIER,1982-1982,ELECTRICAL SYSTEM,ELECT. FAILURES/FIRES,19861105,19870716,253,,closed_no_recall,,,car_or_light_truck
PE87006,PE,"General Motors, LLC",CHEVROLET,P30,1984-1986,VEHICLE SPEED CONTROL:LINKAGES,FUEL SPURTING,19861114,19870422,159,,upgraded_to_EA,EA87022,,car_or_light_truck
PE87009,PE,"General Motors, LLC",GMC,RTS,9999-9999,PARKING BRAKE,PARK BRAKE SWITCH MALF,19861216,19870611,177,,closed_no_recall,,,car_or_light_truck
PE87012,PE,Ford Motor Company,FORD,RANGER,1986-1986,VEHICLE SPEED CONTROL:LINKAGES,ENGINE COMPARTMENT FIRES,19861219,19870515,147,,upgraded_to_EA,EA87019,,car_or_light_truck
PE87013,PE,"Chrysler (FCA US, LLC)",CHRYSLER; DODGE; PLYMOUTH,CHRYSLER; DODGE; DODGE TRUCK; PLYMOUTH; PLYMOUTH TRUCK,1984-1987,"SERVICE BRAKES, HYDRAULIC",LOSS OF POWER BRK ASSIST,19870106,19871001,268,,upgraded_to_EA,EA88001,,car_or_light_truck
PE87014,PE,"General Motors, LLC",CHEVROLET; GMC,SCHOOL BUS SERIES,1981-1987,VEHICLE SPEED CONTROL:LINKAGES,ENGINE FIRES,19870109,19870714,186,,upgraded_to_EA,EA87022,,car_or_light_truck
PE87015,PE,Ford Motor Company,FORD,BRONCO,1981-1985,"SERVICE BRAKES, HYDRAULIC",FRONT BRK CALIPER SEIZURE,19870115,19871130,319,,upgraded_to_EA,EA88027,,car_or_light_truck
PE87016,PE,Ford Motor Company,FORD; MERCURY,TEMPO; TOPAZ,1984-1984,STEERING,STEERING SYST. FAILURES,19870115,19870806,203,,closed_no_recall,,,car_or_light_truck
PE87017,PE,Ford Motor Company,FORD,E150; E250; E350; F150; F250; F350,1984-1986,VEHICLE SPEED CONTROL:LINKAGES,FUEL LEAKS/FIRES,19870128,19870526,118,,upgraded_to_EA,EA87019,,car_or_light_truck
PE87020,PE,Ford Motor Company,FORD,BRONCO II,1984-1986,VEHICLE SPEED CONTROL:LINKAGES,ENG. AND UNDER DASH FIRES,19870206,19870526,109,,upgraded_to_EA,EA87019,,car_or_light_truck
PE87021,PE,"General Motors, LLC",CHEVROLET; GMC,B6P042,1986-1987,VEHICLE SPEED CONTROL:LINKAGES,MUFFLERS EXPLODE,19870209,19870514,94,,upgraded_to_EA,EA87022,,car_or_light_truck
PE87023,PE,"Nissan North America, Inc.",NISSAN DIESEL,CPC12; CPC12BT,1987-9999,ELECTRICAL SYSTEM:WIRING,BRAKE LINE/ELECT WIRE,19870302,19870427,56,87V056000,recall,,,car_or_light_truck
PE87026,PE,Ford Motor Company,FORD; MERCURY,ESCORT; LYNX,1985-1986,SEATS,SEAT TRACK FAILURE,19870428,19870924,149,,upgraded_to_EA,EA87023,89V170000,car_or_light_truck
PE87027,PE,Hyundai Motor America,HYUNDAI,EXCEL,1986-1986,"SERVICE BRAKES, HYDRAULIC",BRAKE LOSS,19870428,19871209,225,87V180000,recall,,,car_or_light_truck
PE87028,PE,Ford Motor Company,FORD; MERCURY,CAPRI; ESCORT; EXP; LTD; LYNX; MARQUIS,1984-1986,ELECTRICAL SYSTEM,STALLING,19870501,19880121,265,,upgraded_to_EA,EA88030,88V091000,car_or_light_truck
PE87029,PE,"Chrysler (FCA US, LLC); RENAULT, INCORPORATED",AMERICAN MOTORS; RENAULT,ALLIANCE; ENCORE,1983-1984,SEATS,SEAT TRACK FAILURE,19870512,19880119,252,,upgraded_to_EA,EA88015,88V060000,car_or_light_truck
PE87030,PE,Ford Motor Company,FORD; MERCURY,SABLE; TAURUS,1986-1986,STEERING,STEERING BINDING,19870512,19870824,104,,closed_no_recall,,,car_or_light_truck
PE87031,PE,"General Motors, LLC",PONTIAC,SUNBIRD,1987-1987,STEERING,SEPARATED STRNG KNUCKLE,19870513,19870805,84,,upgraded_to_EA,EA88019,,car_or_light_truck
PE87035,PE,"Chrysler (FCA US, LLC)",DODGE,COLT,1977-1979,SEAT BELTS,SEAT BLT STALK CABLE WIRES,19870701,19870908,69,,closed_no_recall,,,car_or_light_truck
PE87037,PE,"Chrysler (FCA US, LLC)",DODGE; PLYMOUTH,ARROW; RAM 50,1979-1987,STEERING,PITMAN ARM FAILURE,19870701,19871103,125,,upgraded_to_EA,EA88006,,car_or_light_truck
PE87038,PE,"General Motors, LLC",BUICK; CADILLAC; CHEVROLET; OLDSMOBILE; PONTIAC,98; CAPRICE; DEVILLE; ELECTRA; ESTATE; FLEETWOOD,1984-1986,STEERING,HYDROBOOST FAILURE,19870709,19880128,203,,upgraded_to_EA,EA88019,,car_or_light_truck
PE87039,PE,"General Motors, LLC",CHEVROLET; GMC,B60,1986-1986,"SERVICE BRAKES, HYDRAULIC",REAR DISC BRAKE FAILURE,19870714,19871013,91,,upgraded_to_EA,EA88018,,car_or_light_truck
PE87041,PE,"General Motors, LLC",BUICK; OLDSMOBILE; PONTIAC,88; BONNEVILLE; LESABRE,1986-1987,VEHICLE SPEED CONTROL:LINKAGES,THROTTLE SYSTEM FAILURE,19870804,19871130,118,,upgraded_to_EA,EA88010,88V080000,car_or_light_truck
PE87042,PE,"Chrysler (FCA US, LLC)",DODGE,B250; D250; D350; W250; W350,1985-1987,VEHICLE SPEED CONTROL:LINKAGES,EXHAUST SYSTEM HEAT,19870807,19871109,94,,upgraded_to_EA,EA88025,,car_or_light_truck
PE87043,PE,"General Motors, LLC",CHEVROLET; GMC,3/4 TON; C20; C25; C30; C35; G20,1985-1987,VEHICLE SPEED CONTROL:LINKAGES,EXHAUST SYSTEM HEAT,19870807,19880114,160,,upgraded_to_EA,EA88016,,car_or_light_truck
PE87044,PE,"RENAULT, INCORPORATED",RENAULT,FUEGO,1983-1985,VEHICLE SPEED CONTROL:LINKAGES,FUEL EXPULSION,19870807,19880125,171,,upgraded_to_EA,EA88020,,car_or_light_truck
PE87045,PE,"Chrysler (FCA US, LLC)",CHRYSLER; DODGE,DAYTONA; LANCER; LASER; LEBARON,1985-1986,SEATS,SEAT FAILURES,19870807,19871117,102,,upgraded_to_EA,EA88008,88V061000,car_or_light_truck
PE87047,PE,Toyota Motor Corporation,TOYOTA,MR2,1985-1987,ENGINE AND ENGINE COOLING,ENGINE COMPARTMENT FIRES,19870818,19871210,114,,closed_no_recall,,,car_or_light_truck
PE87048,PE,"Chrysler (FCA US, LLC)",JEEP,CHEROKEE,1987-1987,VEHICLE SPEED CONTROL:LINKAGES,HIGH SPEED STALLING,19870819,19880310,204,,upgraded_to_EA,EA88025,,car_or_light_truck
PE87049,PE,"Subaru of America, Inc.",SUBARU,GL,1985-1985,SEAT BELTS:FRONT:RETRACTOR,SEAT BELT RETRACTORS,19870820,19880107,140,,upgraded_to_EA,EA88014,,car_or_light_truck
PE87051,PE,Toyota Motor Corporation,TOYOTA,COROLLA,1983-1983,STEERING,STEERING MALFUNCTION,19870825,19871209,106,,closed_no_recall,,,car_or_light_truck
PE87052,PE,Ford Motor Company,FORD,AEROSTAR,1986-1987,"SERVICE BRAKES, HYDRAULIC",REAR BRAKE LOCKUP,19870909,19880304,177,,upgraded_to_EA,EA88027,,car_or_light_truck
PE87054,PE,"General Motors, LLC",CADILLAC,DEVILLE; FLEETWOOD,1983-1984,STRUCTURE,TRUNK FIRES,19870904,19880208,157,,closed_no_recall,,,car_or_light_truck
PE87055,PE,Ford Motor Company,FORD; MERCURY,CROWN VICTORIA; GRAND MARQUIS,1986-1987,POWER TRAIN,FIRES,19870909,19880310,183,,closed_no_recall,,,car_or_light_truck
PE87056,PE,"General Motors, LLC",CHEVROLET; GMC,C30; C3500; G30; K30; K3500; P30,1984-1987,SUSPENSION,LOWER CONTROL ARM FAILURE,19870908,19871106,59,,upgraded_to_EA,EA88007,88V110001; 88V110002,car_or_light_truck
PE87057,PE,Toyota Motor Corporation,TOYOTA,CAMRY; COROLLA; TERCEL; VAN,1983-1986,ELECTRICAL SYSTEM,IGNITER ASSEMBLY FAILURE,19870910,19880330,202,,closed_no_recall,,,car_or_light_truck
PE87062,PE,"Chrysler (FCA US, LLC); RENAULT, INCORPORATED",AMERICAN MOTORS; RENAULT,ALLIANCE; ENCORE,1984-1985,"SERVICE BRAKES, HYDRAULIC",BRAKE FAILURE,19870928,19880331,185,,closed_no_recall,,,car_or_light_truck
PE88001,PE,"Chrysler (FCA US, LLC)",JEEP,CHEROKEE; CJ5; CJ6; CJ7; CJ8; WAGONEER,1983-1988,POWER TRAIN,FIRES CAUSED BY CLTCH LK,19871023,19880128,97,,closed_no_recall,,,car_or_light_truck
PE88002,PE,"General Motors, LLC",CHEVROLET; GMC,S10; S15; S25; T10; T15; T25,1987-1987,STEERING,FRCTR OF P/S PUMP BRCKT,19871009,19880422,196,,closed_no_recall,,,car_or_light_truck
PE88003,PE,"Mitsubishi Motors North America, Inc.",MITSUBISHI,CORDIA; MIRAGE; TREDIA,1983-1988,VEHICLE SPEED CONTROL:LINKAGES,ENGINE COMPARTMENT FIRES,19871013,19880121,100,,closed_no_recall,,,car_or_light_truck
PE88006,PE,Ford Motor Company,FORD,AEROSTAR,1987-1987,VEHICLE SPEED CONTROL:LINKAGES,FIRES,19871130,19880419,141,,upgraded_to_EA,EA88032,,car_or_light_truck
PE88008,PE,Ford Motor Company,FORD,BRONCO II,1986-1987,ELECTRICAL SYSTEM,LUMBAR SWTCH HRNESS FIRES,19871118,19880511,175,,upgraded_to_EA,EA88030,88V091000,car_or_light_truck
PE88010,PE,"General Motors, LLC",CHEVROLET,CAPRICE,1986-1987,VEHICLE SPEED CONTROL:LINKAGES,ENGINE COMPARTMENT FIRES,19871210,19880419,131,,upgraded_to_EA,EA88031,,car_or_light_truck
PE88012,PE,Ford Motor Company,LINCOLN,TOWN CAR,1985-1986,SUSPENSION,NON COLLISION FIRES,19880115,19880502,108,,closed_no_recall,,,car_or_light_truck
PE88014,PE,Ford Motor Company,FORD; MERCURY,SABLE; TAURUS,1986-1987,"SERVICE BRAKES, HYDRAULIC",HIGH BRAKE PEDAL EFFORT,19880115,19880526,132,,closed_no_recall,,,car_or_light_truck
PE88015,PE,"Chrysler (FCA US, LLC); RENAULT, INCORPORATED",AMERICAN MOTORS; RENAULT,ALLIANCE; ENCORE,1983-1985,SUSPENSION,FRONT SWAY BAR SEPARATION,19880115,19880608,145,,closed_no_recall,,,car_or_light_truck
PE88016,PE,"General Motors, LLC",CHEVROLET,C10; C15; C20; C25; C30; C35,1981-1986,VEHICLE SPEED CONTROL:LINKAGES,EXHAUST MANIFOLD LEAKS,19880114,19880331,77,,upgraded_to_EA,EA88031,,car_or_light_truck
PE88019,PE,"General Motors, LLC",CHEVROLET; GMC,C10; C15; C1500; C20; C25; C2500,1988-1988,"SERVICE BRAKES, HYDRAULIC",REAR BRK LIGHTS STAY ON,19880119,19880331,72,,upgraded_to_EA,EA88035,,car_or_light_truck
PE88020,PE,"General Motors, LLC",OLDSMOBILE,CALAIS,1988-1988,ELECTRICAL SYSTEM,QUAD 4 ENG WIRING FAILURE,19880201,19880316,44,,closed_no_recall,,,car_or_light_truck
PE88021,PE,"General Motors, LLC",BUICK,LESABRE,1987-1987,VISIBILITY,INSTRMNT LIGHT ON WINDSHLD,19880201,19880315,43,,closed_no_recall,,,car_or_light_truck
PE88022,PE,"Chrysler (FCA US, LLC)",DODGE,CONQUEST,1984-1985,PARKING BRAKE,PARKING BRAKE FAILURE,19880201,19880405,64,,closed_no_recall,,,car_or_light_truck
PE88023,PE,"General Motors, LLC",CHEVROLET; PONTIAC,CHEVETTE; T1000,1980-1987,POWER TRAIN,SHIFTER FAILURE,19880205,19880408,63,88V050000,recall,,,car_or_light_truck
PE88025,PE,"Nissan North America, Inc.",NISSAN,MAXIMA; SENTRA; STANZA,1985-1985,STEERING,STEERING MALFUNCTION,19880209,19880511,92,,closed_no_recall,,,car_or_light_truck
PE88026,PE,Ford Motor Company,FORD,AEROSTAR,1986-1987,VEHICLE SPEED CONTROL:LINKAGES,CRNKSHFT PULLEY BOLT FAILR,19880209,19880427,78,,upgraded_to_EA,EA88032,,car_or_light_truck
PE88027,PE,"General Motors, LLC",BUICK; CADILLAC; CHEVROLET; OLDSMOBILE; PONTIAC,2000; 6000; 88; CALAIS; CAPRICE; CAVALIER,1984-1985,EXTERIOR LIGHTING,HEADLAMP SWITCH FAILURE,19880209,19880511,92,,closed_no_recall,,,car_or_light_truck
PE88029,PE,"Chrysler (FCA US, LLC)",JEEP,CHEROKEE; COMANCHE; WAGONEER,1987-1988,VEHICLE SPEED CONTROL:LINKAGES,THROTTLE CONTROL,19880223,19880919,209,,upgraded_to_EA,EA89001,,car_or_light_truck
PE88032,PE,"Mercedes-Benz USA, LLC",MERCEDES BENZ,190; 300; 560,1985-1987,"SERVICE BRAKES, HYDRAULIC",ABS FAILURES,19880310,19880502,53,,closed_no_recall,,,car_or_light_truck
PE88033,PE,"General Motors, LLC",PONTIAC,FIERO,1984-1984,VEHICLE SPEED CONTROL:LINKAGES,THROTTLE CABLE BINDING,19880310,19880506,57,,upgraded_to_EA,EA88031,,car_or_light_truck
PE88034,PE,Ford Motor Company,FORD; MERCURY,TEMPO; TOPAZ,1984-1986,POWER TRAIN,HALFSHAFT FAILURE,19880318,19880919,185,,closed_no_recall,,,car_or_light_truck
PE88036,PE,Ford Motor Company,FORD,B500; B600; B700; B7000; B700D; B750,1983-1986,ENGINE AND ENGINE COOLING,COOLING FAN BEARING FAILUR,19880321,19880726,127,,closed_no_recall,,,car_or_light_truck
PE88037,PE,Ford Motor Company,FORD,C9000; CL9000; CLT9000; CT9000; L9000; LH9000,1984-1986,ENGINE AND ENGINE COOLING,COOLING FAN CLUTCH FAILURE,19880321,19880729,130,,closed_no_recall,,,car_or_light_truck
PE88044,PE,"General Motors, LLC",CHEVROLET; GMC,C10; C20; C30; K1500; K2500; K3500,1988-1988,"SERVICE BRAKES, HYDRAULIC",POOR BRAKING PERFORMANCE,19880411,19880718,98,,upgraded_to_EA,EA88035,,car_or_light_truck
PE88045,PE,"General Motors, LLC",CHEVROLET,BERETTA,1988-1988,SUSPENSION,LEFT REAR WHEEL SPINDLE,19880412,19880913,154,,upgraded_to_EA,EA88040,,car_or_light_truck
PE88046,PE,Ford Motor Company,FORD,ESCORT,1987-1987,EXTERIOR LIGHTING,HEADLAMP SWITCH FAILURE,19880415,19880711,87,,closed_no_recall,,,car_or_light_truck
PE88047,PE,"General Motors, LLC",CHEVROLET; GMC,BLAZER; JIMMY; S10; S15,1983-1987,SUSPENSION,REAR AXLE FAILURE,19880419,19881107,202,,upgraded_to_EA,EA89003,,car_or_light_truck
PE88048,PE,Ford Motor Company,FORD,AEROSTAR,1986-1987,VEHICLE SPEED CONTROL:LINKAGES,FUEL LEAKAGE,19880419,19880915,149,,upgraded_to_EA,EA88041,90V021000,car_or_light_truck
PE88049,PE,"Volkswagen Group of America, Inc.",VOLKSWAGEN,GOLF,1986-1986,VISIBILITY,WINDSHIELD WIPER FAILURE,19880427,19881129,216,,upgraded_to_EA,EA89006,,car_or_light_truck
PE88054,PE,Ford Motor Company,FORD,E150,1984-1987,VEHICLE SPEED CONTROL:LINKAGES,FUEL TANK OVERPRESSURIZATI,19880516,19890301,289,,closed_no_recall,,,car_or_light_truck
PE88056,PE,"General Motors, LLC",CHEVROLET; GMC,B6P042,1984-1988,VEHICLE SPEED CONTROL:LINKAGES,FUEL TANK LEAK,19880526,19880916,113,,upgraded_to_EA,EA88042,89V071000,car_or_light_truck
PE88057,PE,"BMW of North America, LLC",BMW,K SERIES; R SERIES,1981-1988,"SERVICE BRAKES, HYDRAULIC",BRAKE LIGHT FAILURE,19880601,19880722,51,,upgraded_to_EA,EA88037,88V192000,car_or_light_truck
PE88058,PE,"Chrysler (FCA US, LLC)",JEEP,WRANGLER,1987-1987,VISIBILITY,WINDSHIELD WIPER FAILURE,19880601,19881021,142,88V155000,recall,,,car_or_light_truck
PE88059,PE,Toyota Motor Corporation,TOYOTA,COROLLA,1987-1987,VISIBILITY:DEFROSTER/DEFOGGER/HVAC SYSTEM,DEFOGGER FIRES,19880613,19880914,93,,closed_no_recall,,,car_or_light_truck
PE88062,PE,Honda (American Honda Motor Co.),ACURA; HONDA,ACCORD; LEGEND,1986-1987,VEHICLE SPEED CONTROL:LINKAGES,FUEL SYSTEM VENTING,19880621,19881116,148,,upgraded_to_EA,EA89005,,car_or_light_truck
PE88063,PE,Ford Motor Company,LINCOLN,MARK VII,1988-1988,SEATS,DRIVER SEAT FAILURE,19880624,19881013,111,,closed_no_recall,,,car_or_light_truck
PE88069,PE,"RENAULT, INCORPORATED",RENAULT,MEDALLION,1988-1988,VEHICLE SPEED CONTROL:LINKAGES,STALLING,19880628,19881116,141,,closed_no_recall,,,car_or_light_truck
PE88070,PE,"General Motors, LLC",CHEVROLET; PONTIAC,CAMARO; FIREBIRD,1982-1985,STRUCTURE,FRAME CRACKING,19880628,19880922,86,,upgraded_to_EA,EA89008,89V225000,car_or_light_truck
PE88080,PE,"Chrysler (FCA US, LLC)",PLYMOUTH,VOYAGER,1984-1985,SUSPENSION,FRNT COIL SPRNG FRACTURE,19880630,19890405,279,,closed_no_recall,,,car_or_light_truck
PE88081,PE,"SAAB CARS USA, INC.",SAAB,9000,1988-1988,ELECTRICAL SYSTEM,WIRE HARNESS CHAFING,19880706,19880825,50,,closed_no_recall,,,car_or_light_truck
PE88083,PE,"Mitsubishi Motors North America, Inc.",MITSUBISHI,MONTERO,1986-1986,SEATS,SEAT FAILURE,19880718,19881021,95,,closed_no_recall,,,car_or_light_truck
PE88085,PE,"General Motors, LLC",BUICK; CADILLAC; CHEVROLET; OLDSMOBILE; PONTIAC,CAVALIER; CIMARRON; FIRENZA; SKYHAWK; SUNBIRD,1987-1988,"SERVICE BRAKES, HYDRAULIC",POOR BRAKING,19880727,19890117,174,,upgraded_to_EA,EA89010,,car_or_light_truck
PE88086,PE,"BMW of North America, LLC",BMW,325; 524; 528; 535; 635; 735,1985-1985,"SERVICE BRAKES, HYDRAULIC",BRAKE LIGHT SWITCH FAILURE,19880802,19881223,143,,upgraded_to_EA,EA89007,,car_or_light_truck
PE88087,PE,"General Motors, LLC",CHEVROLET,BERETTA; CORSICA,1987-1988,STRUCTURE,DOOR HINGE PIN FAILURE,19880802,19890105,156,,upgraded_to_EA,EA89008,89V225000,car_or_light_truck
PE88088,PE,Hyundai Motor America,HYUNDAI,EXCEL,1986-1986,STEERING,STEERING SHAFT SEPARATION,19880808,19881117,101,,closed_no_recall,,,car_or_light_truck
PE88089,PE,Hyundai Motor America,HYUNDAI,EXCEL,9999-9999,VEHICLE SPEED CONTROL:LINKAGES,RUPTURED FUEL HOSE,19880808,19881121,105,,closed_no_recall,,,car_or_light_truck
PE88091,PE,"Volkswagen Group of America, Inc.",VOLKSWAGEN,GOLF,1987-1987,VISIBILITY:DEFROSTER/DEFOGGER/HVAC SYSTEM,HEATER CORE RUPTURE,19880809,19881209,122,,upgraded_to_EA,EA89006,,car_or_light_truck
PE88092,PE,"Nissan North America, Inc.",DATSUN; NISSAN,200SX; 300ZX; 510; 720; MAXIMA; PULSAR,1982-1984,SEATS,SEAT FAILURES,19880809,19890728,353,,upgraded_to_EA,EA89031,,car_or_light_truck
PE88095,PE,"Chrysler (FCA US, LLC)",DODGE; PLYMOUTH,CARAVAN; VOYAGER,1984-1987,SEATS,BROKEN DRIVERS SEAT,19880822,19890215,177,,closed_no_recall,,,car_or_light_truck
PE88096,PE,Ford Motor Company,FORD,MUSTANG,1984-1984,SEAT BELTS:FRONT:BUCKLE ASSEMBLY,SEAT BELT LATCH ASSEMBLY,19880823,19890103,133,,closed_no_recall,,,car_or_light_truck
PE88097,PE,Ford Motor Company,FORD; MERCURY,COUGAR; THUNDERBIRD,1987-1988,VEHICLE SPEED CONTROL:LINKAGES,FLOORMAT/ACCEL PEDAL INTRF,19880831,19881202,93,,closed_no_recall,,,car_or_light_truck
PE88100,PE,Ford Motor Company,LINCOLN,CONTINENTAL,1985-1988,"SERVICE BRAKES, HYDRAULIC",ABS FAILURE,19880906,19890417,223,,closed_no_recall,,,car_or_light_truck
PE88101,PE,Ford Motor Company,FORD,CROWN VICTORIA,1980-1988,VEHICLE SPEED CONTROL:LINKAGES,ENGINE COMP FIRES,19880914,19890103,111,,closed_no_recall,,,car_or_light_truck
PE88102,PE,"Volkswagen Group of America, Inc.",VOLKSWAGEN,FOX,1987-1987,STEERING,STEERING WHEEL SEPARATION,19880915,19890105,112,88V187000,recall,,,car_or_light_truck
PE88107,PE,"General Motors, LLC",BUICK,LESABRE,1986-1986,STEERING,POWER STEERING HOSE,19880922,19890209,140,,upgraded_to_EA,EA89026,,car_or_light_truck
PE88108,PE,"Chrysler (FCA US, LLC)",DODGE,DAYTONA,1987-1988,STRUCTURE,TRUNK FIRE,19880922,19890106,106,,closed_no_recall,,,car_or_light_truck
PE88109,PE,"General Motors, LLC",CHEVROLET; GMC,C10,1988-1988,"SERVICE BRAKES, HYDRAULIC",LOOSE REAR BRK BACKING BLT,19880928,19890223,148,,upgraded_to_EA,EA89015,,car_or_light_truck
PE89002,PE,"General Motors, LLC",CHEVROLET; PONTIAC,CAMARO; FIREBIRD,1987-1987,STEERING,P/S BRACKET FAILURE,19881007,19890105,90,,upgraded_to_EA,EA89009,,car_or_light_truck
PE89003,PE,Ford Motor Company,FORD,F150,1988-1988,STEERING,STEERING COLUMN DROPS,19881013,19890208,118,,closed_no_recall,,,car_or_light_truck
PE89004,PE,"Subaru of America, Inc.",SUBARU,GL,1984-1984,ENGINE AND ENGINE COOLING,OIL LEAKS,19881014,19890130,108,,closed_no_recall,,,car_or_light_truck
PE89005,PE,"General Motors, LLC",PONTIAC,FIERO,1986-1987,SUSPENSION,REAR HUB CARRIER FAILURE,19881018,19881229,72,,closed_no_recall,,,car_or_light_truck
PE89006,PE,Ford Motor Company,FORD; MERCURY,SABLE; TAURUS,1986-1988,SEATS:FRONT ASSEMBLY:HEAD RESTRAINT,HEAD REST DROPS,19881019,19890626,250,,upgraded_to_EA,EA90005,91V036000,car_or_light_truck
PE89007,PE,Ford Motor Company,FORD; MERCURY,SABLE; TAURUS,1986-1987,SEATS,FRONT SEAT BRACKET,19881019,19890525,218,,upgraded_to_EA,EA89023,,car_or_light_truck
PE89008,PE,"SAAB CARS USA, INC.",SAAB,900,1988-1988,ELECTRICAL SYSTEM,BATTERY CABLE GROUNDING,19881021,19890126,97,,closed_no_recall,,,car_or_light_truck
PE89010,PE,Ford Motor Company,FORD,AEROSTAR,1986-1988,VISIBILITY,WINDSHIELD WIPER MOTOR,19881101,19890323,142,,upgraded_to_EA,EA89021,,car_or_light_truck
PE89011,PE,Ford Motor Company,FORD,F350,1988-1988,VEHICLE SPEED CONTROL:LINKAGES,POWER LOSS,19881103,19890419,167,,closed_no_recall,,,car_or_light_truck
PE89014,PE,Toyota Motor Corporation,TOYOTA,CAMRY,1987-1988,SEAT BELTS,FRNT SEAT LAP BELT JAMMING,19881118,19890322,124,,upgraded_to_EA,EA89020,89V175000,car_or_light_truck
PE89016,PE,"Chrysler (FCA US, LLC)",CHRYSLER; DODGE; PLYMOUTH,DAYTONA; LASER,1984-1988,EXTERIOR LIGHTING,HORN FAILURE,19881129,19890221,84,,upgraded_to_EA,EA89014,,car_or_light_truck
PE89019,PE,Ford Motor Company,FORD,FORD TRUCK,1981-1988,VEHICLE SPEED CONTROL:LINKAGES,THROTTLE PLATE JAMS OPEN,19881201,19890405,125,,closed_no_recall,,,car_or_light_truck
PE89020,PE,Ford Motor Company,FORD,F150; F250; F350,1986-1988,VEHICLE SPEED CONTROL:LINKAGES,FIRES,19881207,19890601,176,,closed_no_recall,,,car_or_light_truck
PE89021,PE,Ford Motor Company,FORD,AEROSTAR,1986-1988,SEAT BELTS,SEAT BELT CUTTING,19881209,19890803,237,,upgraded_to_EA,EA89032,89V226000,car_or_light_truck
PE89022,PE,Ford Motor Company,FORD,F350,1983-1987,VEHICLE SPEED CONTROL:LINKAGES,ANTIFREEZE UNDERHOOD FIRES,19881213,19890712,211,,closed_no_recall,,,car_or_light_truck
PE89023,PE,"General Motors, LLC",PONTIAC,FIERO,1985-1986,VEHICLE SPEED CONTROL:LINKAGES,ENGINE COMPARTMENT FIRES,19881213,19890331,108,,closed_no_recall,,,car_or_light_truck
PE89024,PE,"General Motors, LLC",CHEVROLET; GMC,BLAZER; JIMMY,1988-1988,STEERING,STEERING DAMPER SEPARATION,19881214,19890227,75,,upgraded_to_EA,EA89026,,car_or_light_truck
PE89026,PE,Ford Motor Company,LINCOLN,CONTINENTAL,1988-1989,SUSPENSION,AIR SUSPENSION FAILURE,19881220,19890412,113,,closed_no_recall,,,car_or_light_truck
PE89027,PE,"Chrysler (FCA US, LLC)",DODGE,OMNI,1987-1988,ELECTRICAL SYSTEM,TAIL LIGHT WIRING FIRES,19881220,19890331,101,,closed_no_recall,,,car_or_light_truck
PE89030,PE,"Subaru of America, Inc.",SUBARU,SUBARU,1983-1986,SEATS,FRONT SEAT FAILURE,19890110,19890606,147,,closed_no_recall,,,car_or_light_truck
PE89034,PE,"Ford Motor Company; REV Ambulance Group Orlando, Inc.",FORD; WHEELED COACH,AMBULANCE; E350,1983-1987,ELECTRICAL SYSTEM,FIRES,19890117,19890728,192,89V075000,recall,,,car_or_light_truck
PE89035,PE,"General Motors, LLC",BUICK; CADILLAC; CHEVROLET; OLDSMOBILE; PONTIAC,6000; CAVALIER; CELEBRITY; CENTURY; CIERA; CIMARRON,1988-1988,EXTERIOR LIGHTING,STOP LAMPS,19890119,19890524,125,,closed_no_recall,,,car_or_light_truck
PE89036,PE,"Chrysler (FCA US, LLC)",CHRYSLER; DODGE; PLYMOUTH,ACCLAIM; CARAVAN; DYNASTY; NEW YORKER; SPIRIT; VOYAGER,1989-1989,POWER TRAIN,TRANSMISSION DOWNSHIFTING,19890109,19890131,22,,closed_no_recall,,,car_or_light_truck
PE89037,PE,Ford Motor Company,MERCURY,TRACER,1988-1988,SEAT BELTS:FRONT:RETRACTOR,SEATBELT RETRACTOR JAMS,19890130,19890525,115,89V085000,recall,EA89032,89V226000,car_or_light_truck
PE89038,PE,"Ford Motor Company; REV Ambulance Group Orlando, Inc.",FORD; WHEELED COACH,AMBULANCE; E350,1983-1987,VISIBILITY:DEFROSTER/DEFOGGER/HVAC SYSTEM,UNDERHOOD FIRES,19890209,19890829,201,89V140000,recall,,,car_or_light_truck
PE89039,PE,Ford Motor Company,FORD; LINCOLN; MERCURY,CONTINENTAL; COUGAR; GRANADA; LTD; MARK VI; MARK VII,1980-1984,PARKING BRAKE,PARKING BRAKE FAILURE,19890209,19890613,124,,closed_no_recall,,,car_or_light_truck
PE89040,PE,Ford Motor Company; SENTINEL VEHICLES LIMITED,FORD; SENTINEL,E350; TYPE II; TYPE III,1983-1988,ELECTRICAL SYSTEM,UNDERHOOD FIRES,19890209,19890418,68,89V062000,recall,,,car_or_light_truck
PE89043,PE,Ford Motor Company,FORD,E350,1983-1987,VISIBILITY:DEFROSTER/DEFOGGER/HVAC SYSTEM,HEATER HOSE MISROUTING,19890215,19890802,168,,closed_no_recall,,,car_or_light_truck
PE89044,PE,Ford Motor Company,FORD,E350,1983-1987,VISIBILITY:DEFROSTER/DEFOGGER/HVAC SYSTEM,HEATER HOSE MISROUTING,19890217,19890419,61,,upgraded_to_EA,EA89021,,car_or_light_truck
PE89045,PE,"COONS MFG., INC.; Ford Motor Company",COONS; FORD,DIAMOND; E350,1983-1987,VISIBILITY:DEFROSTER/DEFOGGER/HVAC SYSTEM,UNDERHOOD FIRES,19890217,19890829,193,89V142000,recall,,,car_or_light_truck
PE89046,PE,Ford Motor Company,FORD,E350,1983-1987,VISIBILITY:DEFROSTER/DEFOGGER/HVAC SYSTEM,UNDERHOOD FIRES,19890217,19890505,77,,closed_no_recall,,,car_or_light_truck
PE89047,PE,Ford Motor Company,FORD,E350,1983-1987,VISIBILITY:DEFROSTER/DEFOGGER/HVAC SYSTEM,UNDERHOOD FIRES,19890217,19890315,26,,upgraded_to_EA,EA89021,,car_or_light_truck
PE89048,PE,Ford Motor Company,FORD,E350,1983-1987,VISIBILITY:DEFROSTER/DEFOGGER/HVAC SYSTEM,UNDERHOOD FIRES,19890217,19890721,154,,closed_no_recall,,,car_or_light_truck
PE89049,PE,Ford Motor Company,FORD,E350,1983-1987,VISIBILITY:DEFROSTER/DEFOGGER/HVAC SYSTEM,UNDERHOOD FIRES,19890217,19890615,118,,closed_no_recall,,,car_or_light_truck
PE89050,PE,Ford Motor Company,FORD,E350,1983-1987,VISIBILITY:DEFROSTER/DEFOGGER/HVAC SYSTEM,UNDERHOOD FIRES,19890217,19890719,152,,closed_no_recall,,,car_or_light_truck
PE89051,PE,Ford Motor Company,FORD,E350,1983-1987,VISIBILITY:DEFROSTER/DEFOGGER/HVAC SYSTEM,UNDERHOOD FIRES,19890217,19890315,26,,upgraded_to_EA,EA89021,,car_or_light_truck
PE89052,PE,Ford Motor Company,FORD,E350,1983-1987,VISIBILITY:DEFROSTER/DEFOGGER/HVAC SYSTEM,UNDERHOOD FIRES,19890217,19890719,152,,closed_no_recall,,,car_or_light_truck
PE89053,PE,Ford Motor Company,FORD,E350,1983-1987,VISIBILITY:DEFROSTER/DEFOGGER/HVAC SYSTEM,UNDERHOOD FIRES,19890217,19890315,26,,upgraded_to_EA,EA89021,,car_or_light_truck
PE89054,PE,Ford Motor Company,FORD,E350,1983-1987,VISIBILITY:DEFROSTER/DEFOGGER/HVAC SYSTEM,UNDERHOOD FIRES,19890217,19890505,77,,closed_no_recall,,,car_or_light_truck
PE89055,PE,Ford Motor Company,FORD,E350,1983-1987,VISIBILITY:DEFROSTER/DEFOGGER/HVAC SYSTEM,UNDERHOOD FIRES,19890217,19890315,26,,upgraded_to_EA,EA89021,,car_or_light_truck
PE89056,PE,Ford Motor Company,FORD,E350,1983-1987,VISIBILITY:DEFROSTER/DEFOGGER/HVAC SYSTEM,UNDERHOOD FIRES,19890217,19890505,77,,closed_no_recall,,,car_or_light_truck
PE89057,PE,Ford Motor Company,FORD,E350,1983-1987,VISIBILITY:DEFROSTER/DEFOGGER/HVAC SYSTEM,UNDERHOOD FIRES,19890217,19890615,118,,closed_no_recall,,,car_or_light_truck
PE89058,PE,Ford Motor Company,FORD,E350,1983-1987,VISIBILITY:DEFROSTER/DEFOGGER/HVAC SYSTEM,UNDERHOOD FIRES,19890217,19890505,77,,closed_no_recall,,,car_or_light_truck
PE89059,PE,Ford Motor Company,FORD,E350,1983-1987,VISIBILITY:DEFROSTER/DEFOGGER/HVAC SYSTEM,UNDERHOOD FIRES,19890217,19890505,77,,closed_no_recall,,,car_or_light_truck
PE89060,PE,Ford Motor Company,FORD,E350,1983-1987,VISIBILITY:DEFROSTER/DEFOGGER/HVAC SYSTEM,UNDERHOOD FIRES,19890217,19890719,152,,closed_no_recall,,,car_or_light_truck
PE89061,PE,Ford Motor Company,FORD,E350,1983-1987,VISIBILITY:DEFROSTER/DEFOGGER/HVAC SYSTEM,UNDERHOOD FIRES,19890217,19890705,138,,closed_no_recall,,,car_or_light_truck
PE89062,PE,Ford Motor Company,FORD,E350,1983-1987,VISIBILITY:DEFROSTER/DEFOGGER/HVAC SYSTEM,UNDERHOOD FIRES,19890217,19890505,77,,closed_no_recall,,,car_or_light_truck
PE89063,PE,Ford Motor Company,FORD,E350,1983-1987,VISIBILITY:DEFROSTER/DEFOGGER/HVAC SYSTEM,UNDERHOOD FIRES,19890217,19890505,77,,closed_no_recall,,,car_or_light_truck
PE89064,PE,Ford Motor Company,FORD,E350,1983-1987,VISIBILITY:DEFROSTER/DEFOGGER/HVAC SYSTEM,UNDERHOOD FIRES,19890217,19890705,138,,closed_no_recall,,,car_or_light_truck
PE89066,PE,Ford Motor Company,FORD,E350,1983-1987,VISIBILITY:DEFROSTER/DEFOGGER/HVAC SYSTEM,UNDERHOOD FIRES,19890217,19890505,77,,closed_no_recall,,,car_or_light_truck
PE89067,PE,Ford Motor Company,FORD,E350,1983-1987,VISIBILITY:DEFROSTER/DEFOGGER/HVAC SYSTEM,UNDERHOOD FIRES,19890217,19890803,167,,closed_no_recall,,,car_or_light_truck
PE89068,PE,Ford Motor Company,FORD,E350,1983-1987,VISIBILITY:DEFROSTER/DEFOGGER/HVAC SYSTEM,UNDERHOOD FIRES,19890217,19890505,77,,closed_no_recall,,,car_or_light_truck
PE89069,PE,Ford Motor Company,FORD,E350,1983-1987,VISIBILITY:DEFROSTER/DEFOGGER/HVAC SYSTEM,UNDERHOOD FIRES,19890217,19890719,152,,closed_no_recall,,,car_or_light_truck
PE89070,PE,Ford Motor Company,FORD,E350,1983-1987,VISIBILITY:DEFROSTER/DEFOGGER/HVAC SYSTEM,UNDERHOOD FIRES,19890217,19890829,193,89V139000,recall,,,car_or_light_truck
PE89071,PE,"COLLINS INDUSTRIES,INC.; Ford Motor Company",COLLINS; FORD,AMBULANCE; E350,1983-1987,VISIBILITY:WINDSHIELD WIPER/WASHER,UNDERHOOD FIRES,19890217,19890829,193,89V143000,recall,,,car_or_light_truck
PE89072,PE,Ford Motor Company,FORD,E350,1983-1987,VISIBILITY:DEFROSTER/DEFOGGER/HVAC SYSTEM,UNDERHOOD FIRES,19890217,19890315,26,,upgraded_to_EA,EA89021,,car_or_light_truck
PE89073,PE,Ford Motor Company; MILLER TRAILER,FORD; MILLER,AMBULANCES; E350,1983-1987,VISIBILITY:DEFROSTER/DEFOGGER/HVAC SYSTEM,UNDERHOOD FIRES,19890217,19890927,222,89V150000; 89V160000,recall,,,car_or_light_truck
PE89074,PE,Ford Motor Company,FORD,E350,1983-1987,VISIBILITY:DEFROSTER/DEFOGGER/HVAC SYSTEM,UNDERHOOD FIRES,19890217,19890703,136,,closed_no_recall,,,car_or_light_truck
PE89075,PE,Ford Motor Company,FORD,E350,1983-1987,VISIBILITY:DEFROSTER/DEFOGGER/HVAC SYSTEM,UNDERHOOD FIRES,19890217,19890505,77,,closed_no_recall,,,car_or_light_truck
PE89076,PE,Ford Motor Company,FORD,E350,1983-1987,VISIBILITY:DEFROSTER/DEFOGGER/HVAC SYSTEM,UNDERHOOD FIRES,19890217,19890505,77,,closed_no_recall,,,car_or_light_truck
PE89077,PE,Ford Motor Company,FORD,E350,1983-1987,VISIBILITY:DEFROSTER/DEFOGGER/HVAC SYSTEM,UNDERHOOD FIRES,19890217,19890505,77,,closed_no_recall,,,car_or_light_truck
PE89078,PE,ASHLEY EMERGENCY VEHICLES; Ford Motor Company,ASHLEY; FORD,AMBULANCE; E350,1983-1987,VISIBILITY:DEFROSTER/DEFOGGER/HVAC SYSTEM,UNDERHOOD FIRES,19890217,19890927,222,89V151000,recall,,,car_or_light_truck
PE89079,PE,Ford Motor Company,FORD,E350,1983-1987,VISIBILITY:DEFROSTER/DEFOGGER/HVAC SYSTEM,UNDERHOOD FIRES,19890217,19890928,223,,closed_no_recall,,,car_or_light_truck
PE89080,PE,Ford Motor Company,FORD,E350,1983-1987,VISIBILITY:DEFROSTER/DEFOGGER/HVAC SYSTEM,UNDERHOOD FIRES,19890217,19890505,77,,closed_no_recall,,,car_or_light_truck
PE89081,PE,Ford Motor Company,FORD,E350,1983-1987,VISIBILITY:DEFROSTER/DEFOGGER/HVAC SYSTEM,UNDERHOOD FIRES,19890217,19890505,77,,closed_no_recall,,,car_or_light_truck
PE89082,PE,Ford Motor Company,FORD,E350,1983-1987,VISIBILITY:DEFROSTER/DEFOGGER/HVAC SYSTEM,UNDERHOOD FIRES,19890217,19890505,77,,closed_no_recall,,,car_or_light_truck
PE89083,PE,Ford Motor Company,FORD,E350,1983-1987,VISIBILITY:DEFROSTER/DEFOGGER/HVAC SYSTEM,UNDERHOOD FIRES,19890217,19890505,77,,closed_no_recall,,,car_or_light_truck
PE89084,PE,Ford Motor Company,FORD,E350,1983-1987,VISIBILITY:DEFROSTER/DEFOGGER/HVAC SYSTEM,UNDERHOOD FIRES,19890217,19890505,77,,closed_no_recall,,,car_or_light_truck
PE89085,PE,Ford Motor Company,FORD,E350,1983-1987,VISIBILITY:DEFROSTER/DEFOGGER/HVAC SYSTEM,UNDERHOOD FIRES,19890217,19890505,77,,closed_no_recall,,,car_or_light_truck
PE89086,PE,Ford Motor Company,FORD,E350,1983-1987,VISIBILITY:DEFROSTER/DEFOGGER/HVAC SYSTEM,UNDERHOOD FIRES,19890217,19890505,77,,closed_no_recall,,,car_or_light_truck
PE89087,PE,Ford Motor Company,FORD,E350,1983-1987,VISIBILITY:DEFROSTER/DEFOGGER/HVAC SYSTEM,UNDERHOOD FIRES,19890217,19890315,26,,upgraded_to_EA,EA89021,,car_or_light_truck
PE89088,PE,Ford Motor Company,FORD,E350,1983-1987,VISIBILITY:DEFROSTER/DEFOGGER/HVAC SYSTEM,UNDERHOOD FIRES,19890217,19890719,152,,closed_no_recall,,,car_or_light_truck
PE89089,PE,Ford Motor Company,FORD,E350,1983-1987,VISIBILITY:DEFROSTER/DEFOGGER/HVAC SYSTEM,UNDERHOOD FIRES,19890217,19890801,165,,closed_no_recall,,,car_or_light_truck
PE89090,PE,"BMW of North America, LLC",BMW,524; 528; 530; 533; 728; 733,9999-9999,SEATS:FRONT ASSEMBLY:HEAD RESTRAINT,HEADREST FAILURE,19890217,19890626,129,,closed_no_recall,,,car_or_light_truck
PE89091,PE,Ford Motor Company,FORD; MERCURY,SABLE; TAURUS,1986-1987,VEHICLE SPEED CONTROL:LINKAGES,EXHAUST GAS INTRUSION,19890217,19890713,146,,closed_no_recall,,,car_or_light_truck
PE89092,PE,Ford Motor Company,FORD,AEROSTAR,1986-1989,STEERING,POWER STEERING LOCKING,19890223,19890720,147,,closed_no_recall,,,car_or_light_truck
PE89093,PE,"Chrysler (FCA US, LLC)",CHRYSLER; DODGE; PLYMOUTH,ARIES; NEW YORKER; RELIANT,1981-1983,SUSPENSION,FRAME CORROSION,19890301,19890329,28,89V052000,recall,,,car_or_light_truck
PE89096,PE,"General Motors, LLC",CHEVROLET,BERETTA; CORSICA,1988-1988,VISIBILITY,WINDSHIELD WIPER FAILURE,19890302,19890821,172,,closed_no_recall,,,car_or_light_truck
PE89098,PE,"General Motors, LLC",BUICK; CADILLAC; OLDSMOBILE; PONTIAC,88; 98; BONNEVILLE; DEVILLE; ELECTRA; FLEETWOOD,1986-1988,"SERVICE BRAKES, HYDRAULIC",ANTI LOCK BRAKES,19890310,19890517,68,,upgraded_to_EA,EA89028,,car_or_light_truck
PE89099,PE,Hyundai Motor America,HYUNDAI,EXCEL,1986-1986,VISIBILITY:DEFROSTER/DEFOGGER/HVAC SYSTEM,HEATER CORE FAILURE,19890314,19890705,113,,closed_no_recall,,,car_or_light_truck
PE89100,PE,Ford Motor Company,LINCOLN,TOWN CAR,1988-1988,VEHICLE SPEED CONTROL:LINKAGES,FUEL FILLER PIPE SPURTING,19890314,19890712,120,,closed_no_recall,,,car_or_light_truck
PE89101,PE,"General Motors, LLC",BUICK; OLDSMOBILE; PONTIAC,88; BONNEVILLE; LESABRE,1986-1987,"SERVICE BRAKES, HYDRAULIC",REAR BRAKE PIN,19890315,19890728,135,,upgraded_to_EA,EA89028,,car_or_light_truck
PE89102,PE,Ford Motor Company,FORD,E350,1983-1987,VISIBILITY:DEFROSTER/DEFOGGER/HVAC SYSTEM,HEATER HOSE ROUTING,19890315,19890801,139,,closed_no_recall,,,car_or_light_truck
PE89104,PE,"General Motors, LLC",BUICK; CHEVROLET; OLDSMOBILE; PONTIAC,BONNEVILLE; CUTLASS; GRAND PRIX; MONTE CARLO; REGAL,1985-1986,STEERING,JAMMED STEERING MECHANISM,19890317,19890512,56,,upgraded_to_EA,EA89026,,car_or_light_truck
PE89105,PE,"General Motors, LLC",BUICK; CHEVROLET; OLDSMOBILE; PONTIAC,6000; CELEBRITY; CENTURY; CIERA,1987-1987,STEERING,POWER STEERING HOSE FAILS,19890320,19890612,84,,upgraded_to_EA,EA89026,,car_or_light_truck
PE89106,PE,"General Motors, LLC",CHEVROLET; GMC,ASTRO; SAFARI,1985-1988,SUSPENSION,REAR AXLE SEAL FAILURE,19890323,19890919,180,,upgraded_to_EA,EA90007,,car_or_light_truck
PE89107,PE,"Volvo Car USA, LLC",VOLVO,700 SERIES; 740,1986-1989,VEHICLE SPEED CONTROL:LINKAGES,FUEL TANK/DRIVESHAFT,19890404,19891121,231,89V204000,recall,,,car_or_light_truck
PE89110,PE,"Chrysler (FCA US, LLC)",DODGE,D SERIES; D150; D250; D350; W SERIES; W150,1981-1989,VEHICLE SPEED CONTROL:LINKAGES,FUEL TANK STRAP FAILURE,19890405,19890626,82,,closed_no_recall,,,car_or_light_truck
PE89113,PE,"General Motors, LLC",PONTIAC,LEMANS,1988-1988,"SERVICE BRAKES, HYDRAULIC",INADEQUATE BRAKES,19890412,19891130,232,,upgraded_to_EA,EA90017,,car_or_light_truck
PE89114,PE,"General Motors, LLC",CHEVROLET; GMC,C1; C2; C3; G1; G2; G3,1984-1988,"SERVICE BRAKES, HYDRAULIC",BRAKE LEAD,19890412,19890919,160,,closed_no_recall,,,car_or_light_truck
PE89116,PE,"General Motors, LLC",CHEVROLET; GMC,C SERIES; K SERIES,1988-1989,"SERVICE BRAKES, HYDRAULIC",BRAKE LAMP SWITCH,19890412,19890705,84,,upgraded_to_EA,EA89028,,car_or_light_truck
PE89117,PE,"General Motors, LLC",CHEVROLET,CELEBRITY,1989-1989,"SERVICE BRAKES, HYDRAULIC",BRAKE LAMP SWITCH,19890412,19890705,84,,upgraded_to_EA,EA89028,,car_or_light_truck
PE89119,PE,Toyota Motor Corporation,TOYOTA,LAND CRUISER,1988-1988,SEAT BELTS:REAR/OTHER,REAR SAFETY BELT JAMS,19890425,19890726,92,,upgraded_to_EA,EA89030,89V155000,car_or_light_truck
PE89122,PE,"Subaru of America, Inc.",SUBARU,DL; GL,1987-1987,VEHICLE SPEED CONTROL:LINKAGES,ENGINE COMPARTMENT FIRES,19890518,19890629,42,89V103000,recall,,,car_or_light_truck
PE89123,PE,"Nissan North America, Inc.",NISSAN,PICKUP,1987-1989,STEERING,LOSS OF STEERING,19890523,19890801,70,,closed_no_recall,,,car_or_light_truck
PE89125,PE,Ford Motor Company,FORD,TAURUS; THUNDERBIRD,1987-1988,ELECTRICAL SYSTEM,PWR SEAT MALFUNC - FIRE,19890601,19891031,152,,closed_no_recall,,,car_or_light_truck
PE89126,PE,Ford Motor Company,FORD,TAURUS,1986-1987,SEAT BELTS,SAFETY BELT FAILURE,19890601,19891031,152,,upgraded_to_EA,EA90006,,car_or_light_truck
PE89127,PE,Toyota Motor Corporation,TOYOTA,VAN,1985-1985,STEERING,STEERING GEAR FAILURE,19890607,19890927,112,,upgraded_to_EA,EA89038,,car_or_light_truck
PE89128,PE,Ford Motor Company,FORD,F350,1986-1987,POWER TRAIN,GEARSHIFT LEVER BREAKS,19890607,19891017,132,,closed_no_recall,,,car_or_light_truck
PE89129,PE,Ford Motor Company,FORD,RANGER,1986-1987,STEERING,GEARSHIFT LEVER BREAKS,19890607,19900323,289,,upgraded_to_EA,EA90016,,car_or_light_truck
PE89130,PE,Ford Motor Company,FORD,F SERIES,1984-1988,POWER TRAIN,FIREWALL FRACTURE,19890615,19891117,155,,closed_no_recall,,,car_or_light_truck
PE89131,PE,"Mitsubishi Motors North America, Inc.",MITSUBISHI,MONTERO,1989-1989,VEHICLE SPEED CONTROL:LINKAGES,FUEL HOSE,19890619,19890906,79,,closed_no_recall,,,car_or_light_truck
PE89132,PE,"General Motors, LLC",CHEVROLET; GMC,C SERIES; G SERIES; K SERIES; R SERIES; V SERIES,1987-1989,SUSPENSION,LOWER BALL JOINT FAILURE,19890621,19891016,117,,upgraded_to_EA,EA90007,,car_or_light_truck
PE89133,PE,Ford Motor Company,FORD; MERCURY,CAPRI; MUSTANG,1988-1989,VEHICLE SPEED CONTROL:LINKAGES,UNDERDASH FIRES,19890629,19891128,152,,upgraded_to_EA,EA90009,,car_or_light_truck
PE89134,PE,Toyota Motor Corporation,TOYOTA,TERCEL,1982-1988,SUSPENSION,BROKEN STABILIZER BAR,19890703,19890922,81,,closed_no_recall,,,car_or_light_truck
PE89138,PE,Hyundai Motor America,HYUNDAI,EXCEL,1987-1987,SEAT BELTS,PASSIVE RESTRAINT SYSTEM,19890706,19891101,118,,closed_no_recall,,,car_or_light_truck
PE89139,PE,Ford Motor Company,FORD,FESTIVA,1989-1989,SEAT BELTS:REAR/OTHER,REAR SAFETY BELT,19890706,19891031,117,,upgraded_to_EA,EA90006,,car_or_light_truck
PE89142,PE,"BMW of North America, LLC",BMW,325; 524; 528; 535,1985-1987,"SERVICE BRAKES, HYDRAULIC",BRAKES DRAG & FAIL,19890714,19891012,90,,upgraded_to_EA,EA90002,,car_or_light_truck
PE89143,PE,Ford Motor Company,FORD; MERCURY,ESCORT; LYNX,1987-1988,SEAT BELTS,PASSIVE BELT FAILURE,19890718,19891227,162,,upgraded_to_EA,EA90008,,car_or_light_truck
PE89145,PE,"General Motors, LLC",BUICK; CHEVROLET; OLDSMOBILE; PONTIAC,BONNEVILLE; CUTLASS; GRAND PRIX; MONTE CARLO; REGAL,1985-1988,PARKING BRAKE,PARKING BRAKE CABLE,19890721,19890922,63,,closed_no_recall,,,car_or_light_truck
PE89146,PE,"Chrysler (FCA US, LLC)",CHRYSLER,CHRYSLER,9999-9999,STEERING,"BIND,LOOSENESS,LOCKUP",19890726,19891031,97,,closed_no_recall,,,car_or_light_truck
PE89148,PE,"General Motors, LLC",CHEVROLET; PONTIAC,CAMARO; FIREBIRD,1984-1986,SEAT BELTS:FRONT:BUCKLE ASSEMBLY,SAFETY BELT BUCKLE BREAKAG,19890801,19891003,63,,upgraded_to_EA,EA90001,90V105000,car_or_light_truck
PE89151,PE,"Chrysler (FCA US, LLC)",JEEP,CHEROKEE; WAGONEER; WRANGLER,1984-1988,SEAT BELTS:FRONT:RETRACTOR,SAFETY BELT RETRACTOR,19890811,19891211,122,,closed_no_recall,,,car_or_light_truck
PE89152,PE,"Porsche Cars North America, Inc.",PORSCHE,924; 944,1987-1987,VEHICLE SPEED CONTROL:LINKAGES,UNDER DASH FIRES,19890811,19891211,122,,closed_no_recall,,,car_or_light_truck
PE89153,PE,"Jaguar Cars, Ltd.",JAGUAR,XJ6,1987-1989,"SERVICE BRAKES, HYDRAULIC",ABS FAILURE,19890815,19891023,69,,upgraded_to_EA,EA90004,90V023000; 90V024000,car_or_light_truck
PE89154,PE,Mazda North American Operations,MAZDA,MAZDA,1984-1989,SEAT BELTS,SAFETY BELT FAILURE,19890814,19891115,93,,closed_no_recall,,,car_or_light_truck
PE89155,PE,Isuzu Motors Limited,ISUZU,IMPULSE,1988-1988,SUSPENSION,BALL JOINT FAILURES,19890815,19900109,147,,closed_no_recall,,,car_or_light_truck
PE89157,PE,Ford Motor Company,LINCOLN,CONTINENTAL,1988-1988,STEERING,PS PUMP PULLEY BREAKS,19890823,19890915,23,,closed_no_recall,,,car_or_light_truck
PE89161,PE,"General Motors, LLC",CHEVROLET,BERETTA,1988-1988,SUSPENSION,STEERING BINDS,19890908,19891115,68,,upgraded_to_EA,EA90007,,car_or_light_truck
PE89164,PE,"General Motors, LLC",CHEVROLET,CAMARO,1982-1988,POWER TRAIN,REAR AXLE SHAFT FAILURES,19890913,19900228,168,,upgraded_to_EA,EA90012,,car_or_light_truck
PE89166,PE,Ford Motor Company,FORD,PROBE,1988-1989,POWER TRAIN,TRANSMISSION OIL LINE FIRE,19890915,19891222,98,,closed_no_recall,,,car_or_light_truck
PE89167,PE,Mazda North American Operations,MAZDA,MX6,1988-1989,POWER TRAIN,TRANSMISSION OIL LINE FIRE,19890915,19891221,97,,closed_no_recall,,,car_or_light_truck
PE89168,PE,"Chrysler (FCA US, LLC)",CHRYSLER,LEBARON,1987-1989,SUSPENSION,TIRE/FRAME INTERFERENCE,19890929,19900130,123,,closed_no_recall,,,car_or_light_truck
PE89170,PE,"Chrysler (FCA US, LLC)",DODGE; PLYMOUTH,CARAVAN; VOYAGER,1984-1989,ENGINE AND ENGINE COOLING:ENGINE:GASOLINE,UNDERDASH FIRES,19890926,19900223,150,,closed_no_recall,,,car_or_light_truck
PE89171,PE,"General Motors, LLC",BUICK; OLDSMOBILE; PONTIAC,88; BONNEVILLE; LESABRE,1986-1988,"SERVICE BRAKES, HYDRAULIC",BRAKE FAILURE,19890926,19900326,181,,upgraded_to_EA,EA90017,,car_or_light_truck
PE90001,PE,Ford Motor Company,FORD; MERCURY,COUGAR; THUNDERBIRD,1988-1989,VEHICLE SPEED CONTROL:LINKAGES,THROTTLE STICKING,19891004,19900202,121,,upgraded_to_EA,EA90009,,car_or_light_truck
PE90002,PE,"Chrysler (FCA US, LLC)",CHRYSLER,CHRYSLER,1984-1989,VEHICLE SPEED CONTROL:LINKAGES,PORT INJECTOR FUEL LEAKS,19891005,19891115,41,,closed_no_recall,,,car_or_light_truck
PE90007,PE,"General Motors, LLC",GEO,TRACKER,1989-1989,STRUCTURE,WELD FAILURE IN STRUCTURE,19891019,19900430,193,,upgraded_to_EA,EA90026,91V135000,car_or_light_truck
PE90008,PE,"Suzuki Motor USA, LLC",SUZUKI,SIDEKICK,1989-1989,STRUCTURE,WELD FAILURE IN STRUCTURE,19891019,19900430,193,,closed_no_recall,,,car_or_light_truck
PE90011,PE,Hyundai Motor America,HYUNDAI,EXCEL,1987-1989,STEERING,FRONT SUSPENSION VIBRATION,19891025,19900402,159,,closed_no_recall,,,car_or_light_truck
PE90012,PE,"General Motors, LLC",GMC,BRIGADIER,1985-1989,STEERING,STEERING LOSS,19891024,19900314,141,,upgraded_to_EA,EA90023,,car_or_light_truck
PE90013,PE,"General Motors, LLC",CHEVROLET,LUMINA,1990-1990,SEAT BELTS,SAFETY BELT CUT BY D-RINGS,19891025,19900103,70,,upgraded_to_EA,EA90014,91V005000,car_or_light_truck
PE90015,PE,"General Motors, LLC",GMC,SCHOOL BUS SERIES,1986-1990,PARKING BRAKE,DRIVELINE LOCKUP,19891106,19900329,143,,closed_no_recall,,,car_or_light_truck
PE90019,PE,Ford Motor Company,FORD; MERCURY,SABLE; TAURUS,1986-1988,VEHICLE SPEED CONTROL,SPEED CONTROL FAILURE,19891127,19900327,120,,upgraded_to_EA,EA90042,,car_or_light_truck
PE90020,PE,"General Motors, LLC",GMC,C10; C20; C30; K10; K20; K30,1984-1988,VEHICLE SPEED CONTROL:LINKAGES,FUEL TANK CORROSION,19891130,19900320,110,,upgraded_to_EA,EA90015,,car_or_light_truck
PE90023,PE,Ford Motor Company,FORD,F SERIES,1983-1988,VISIBILITY:DEFROSTER/DEFOGGER/HVAC SYSTEM,FIRE IN HEATER/AC PLENUM,19891205,19900301,86,,closed_no_recall,,,car_or_light_truck
PE90024,PE,"Volkswagen Group of America, Inc.",VOLKSWAGEN,VANAGON,1981-1986,VEHICLE SPEED CONTROL:LINKAGES,"FUEL LEAK, EVAPORATIVE VNT",19891204,19900220,78,,closed_no_recall,,,car_or_light_truck
PE90027,PE,Toyota Motor Corporation,TOYOTA,CAMRY,1987-1990,SEAT BELTS,PASSIVE SAFETY BELT WARNIN,19891215,19900529,165,,upgraded_to_EA,EA90028,92V025000,car_or_light_truck
PE90028,PE,"General Motors, LLC",CHEVROLET; GMC,ASTRO; SAFARI,1987-1988,STEERING,POWER STEERING FAILURE,19891215,19900416,122,,upgraded_to_EA,EA90023,,car_or_light_truck
PE90031,PE,"Chrysler (FCA US, LLC)",DODGE,RAM 250,1987-1987,STRUCTURE,TRUCK FRAME BREAKAGE,19900112,19900327,74,,closed_no_recall,,,car_or_light_truck
PE90032,PE,"General Motors, LLC",CHEVROLET,CORVETTE,1984-1990,SUSPENSION,TIE ROD SOCKET FAILURE,19900112,19900322,69,90V032000,recall,,,car_or_light_truck
PE90033,PE,"Chrysler (FCA US, LLC)",JEEP,CHEROKEE,1989-1989,"SERVICE BRAKES, HYDRAULIC",FAILED ANTILOCK BRAKES,19900116,19900426,100,,upgraded_to_EA,EA90024,91V003000,car_or_light_truck
PE90034,PE,"Mitsubishi Motors North America, Inc.",MITSUBISHI,MONTERO,1990-1990,STEERING,STEERING COUPLING BOLT,19900122,19900315,52,,closed_no_recall,,,car_or_light_truck
PE90035,PE,Ford Motor Company,FORD,SCHOOL BUS,1985-1990,ENGINE AND ENGINE COOLING,ENGINE FIRES,19900123,19900628,156,,upgraded_to_EA,EA90031,,car_or_light_truck
PE90036,PE,Ford Motor Company,FORD,BRONCO,1989-1990,STRUCTURE,FLOORBOARD FRACTURE,19900123,19900726,184,,upgraded_to_EA,EA90034,,car_or_light_truck
PE90037,PE,Ford Motor Company,FORD,E250,1987-1990,ELECTRICAL SYSTEM,LOSS OF POWER BRAKE,19900130,19900522,112,,closed_no_recall,,,car_or_light_truck
PE90038,PE,"General Motors, LLC",CHEVROLET,CORVETTE,1990-1990,ELECTRICAL SYSTEM,UNDER DASH FIRE,19900202,19900507,94,,closed_no_recall,,,car_or_light_truck
PE90039,PE,"General Motors, LLC",CHEVROLET; GMC,ASTRO; S10; S15; SAFARI,1982-1988,SUSPENSION,SPARE TIRE CARRIER FAILURE,19900205,19900629,144,,upgraded_to_EA,EA91005,,car_or_light_truck
PE90040,PE,"General Motors, LLC",CHEVROLET,CORVETTE,1990-1990,PARKING BRAKE,PARKING BRAKE FAILURE,19900206,19900611,125,,closed_no_recall,,,car_or_light_truck
PE90041,PE,"General Motors, LLC",CHEVROLET,CORVETTE,1986-1987,SEAT BELTS:FRONT:RETRACTOR,SAFETY BELT RETRACTOR FAIL,19900208,19900611,123,,upgraded_to_EA,EA90033,91V143000,car_or_light_truck
PE90043,PE,Ford Motor Company,FORD,F700,1989-1989,"SERVICE BRAKES, HYDRAULIC",BRAKE CHAMBER FAILURE,19900221,19900706,135,,upgraded_to_EA,EA90036,,car_or_light_truck
PE90050,PE,"Chrysler (FCA US, LLC)",CHRYSLER,ALL MODELS,1986-1989,STRUCTURE,ALUMINUM WHEEL FAILURE,19900301,19900730,151,,closed_no_recall,,,car_or_light_truck
PE90051,PE,Ford Motor Company,FORD,FORD TRUCK,1985-1990,ENGINE AND ENGINE COOLING,INCREASE IN ENGINE RPM'S,19900305,19900505,61,,upgraded_to_EA,EA90031,,car_or_light_truck
PE90052,PE,Ford Motor Company,FORD,MUSTANG,1986-1989,SEATS,FR SEAT FLOOR MOUNT FAILS,19900307,19900620,105,,closed_no_recall,,,car_or_light_truck
PE90055,PE,"Subaru of America, Inc.",SUBARU,DL; GL,1980-1985,SUSPENSION,TRAILING ARM CORROSION,19900312,19900514,63,90V086000,recall,,,car_or_light_truck
PE90056,PE,Ford Motor Company,FORD,E350; F150; F350,1989-1990,POWER TRAIN:AUTOMATIC TRANSMISSION:GEAR POSITION INDICATION (PRNDL),TRNSMSSION PARK GEAR FAIL,19900312,19900612,92,90V101000,recall,,,car_or_light_truck
PE90058,PE,"General Motors, LLC",CHEVROLET,LUMINA,1990-1990,VEHICLE SPEED CONTROL,SPEED CONTROL FAILS,19900315,19900620,97,,closed_no_recall,,,car_or_light_truck
PE90059,PE,Isuzu Motors Limited,ISUZU,AMIGO; PICKUP TRUCK; TROOPER,1985-1987,VISIBILITY,WINDSHIELD WIPER FAILS,19900315,19900622,99,,closed_no_recall,,,car_or_light_truck
PE90060,PE,"JAGUAR ROVER TRIUMPH INC.; Jaguar Cars, Ltd.",JAGUAR,XJ6; XJS,1978-1987,VEHICLE SPEED CONTROL:LINKAGES,FUEL TANK LEAKAGE,19900314,19900929,199,90V123000,recall,,,car_or_light_truck
PE90062,PE,"General Motors, LLC",CHEVROLET,SPECTRUM,1986-1986,SEAT BELTS,SAFETY BELT CUT BY D-RING,19900321,19900730,131,,closed_no_recall,,,car_or_light_truck
PE90063,PE,Ford Motor Company,FORD; MERCURY,ESCORT; EXP; LYNX,1987-1988,SEAT BELTS,SAFETY BELT D-RING,19900321,19900731,132,,upgraded_to_EA,EA91003,92V063000,car_or_light_truck
PE90065,PE,"Nissan North America, Inc.",NISSAN,GXE VAN; VAN; XE VAN,1987-1988,"STEERING:HYDRAULIC POWER ASSIST:HOSE, PIPING, AND CONNECTIONS",ENGINE COMPARTMENT FIRE,19900327,19901015,202,90V136000,recall,,,car_or_light_truck
PE90066,PE,Ford Motor Company,FORD; MERCURY,SABLE; TAURUS,1986-1989,VEHICLE SPEED CONTROL:LINKAGES,THROTTLE STICKING,19900327,19900831,157,,upgraded_to_EA,EA90042,,car_or_light_truck
PE90067,PE,Ford Motor Company,FORD,B SERIES; F SERIES (MEDIUM),1986-1990,"SERVICE BRAKES, HYDRAULIC",PARK BRAKE SLOW TO ENGAGE,19900329,19900802,126,,upgraded_to_EA,EA90036,,car_or_light_truck
PE90070,PE,"General Motors, LLC",BUICK,SKYHAWK,1985-1985,ENGINE AND ENGINE COOLING,ENGINE COMPARTMEMT FIRE,19900402,19900725,114,,closed_no_recall,,,car_or_light_truck
PE90071,PE,Ford Motor Company,FORD; MERCURY,SABLE; TAURUS,1986-1989,ENGINE AND ENGINE COOLING,BRAKE DISC HUB FAILURE,19900402,19900628,87,,upgraded_to_EA,EA90031,,car_or_light_truck
PE90072,PE,Ford Motor Company,FORD,AEROSTAR,1987-1987,SUSPENSION,LOWER CNTRL ARM FRACTURE,19900409,19900619,71,,closed_no_recall,,,car_or_light_truck
PE90073,PE,Ford Motor Company,MERCURY,COUGAR,1990-1990,STRUCTURE,HOOD LATCHES FAIL,19900411,19900626,76,,upgraded_to_EA,EA90034,,car_or_light_truck
PE90079,PE,"Chrysler (FCA US, LLC)",DODGE; PLYMOUTH,CARAVAN; VOYAGER,1986-1989,VISIBILITY:DEFROSTER/DEFOGGER/HVAC SYSTEM,REAR SEAT STRUCTURE FAILS,19900507,19901002,148,,closed_no_recall,,,car_or_light_truck
PE90081,PE,"RENAULT, INCORPORATED",RENAULT,MEDALLION,1988-1989,VEHICLE SPEED CONTROL:LINKAGES,THROTTLE LINKAGE FAILS,19900511,19900814,95,90V138000,recall,,,car_or_light_truck
PE90083,PE,Ford Motor Company,FORD,FESTIVA,1989-1989,SEATS,SEAT SEPARATION,19900525,19900927,125,,closed_no_recall,,,car_or_light_truck
PE90084,PE,"General Motors, LLC",GEO,METRO,1989-1990,SUSPENSION,REAR SUSPENSION FAILS,19900530,19900814,76,,upgraded_to_EA,EA91005,,car_or_light_truck
PE90087,PE,Isuzu Motors Limited,ISUZU,TROOPER,1986-1990,ENGINE AND ENGINE COOLING,DIESEL ENGINE SURGE,19900606,19901012,128,,closed_no_recall,,,car_or_light_truck
PE90088,PE,"General Motors, LLC",BUICK; CHEVROLET; OLDSMOBILE; PONTIAC,CUTLASS; GRAND PRIX; LUMINA; REGAL,1988-1990,EXTERIOR LIGHTING,FAILURE STOP LAMP SWITCH,19900611,19901031,142,90V185000,recall,,,car_or_light_truck
PE90091,PE,Mazda North American Operations,MAZDA,B2000; B2200; B2600,1987-1989,STEERING,SECTOR SHAFT FAILURE,19900620,19901012,114,,closed_no_recall,,,car_or_light_truck
PE90097,PE,"General Motors, LLC",AC,AC,9999-9999,ELECTRICAL SYSTEM:WIRING,A/C WIRING HARNESS OVRLD,19900711,19900919,70,90V129000,recall,,,car_or_light_truck
PE90099,PE,Toyota Motor Corporation,TOYOTA,LAND CRUISER,1987-1987,VEHICLE SPEED CONTROL:LINKAGES,FUEL TANK LEAKS,19900720,19901012,84,,upgraded_to_EA,EA91002,91V110000,car_or_light_truck
PE90104,PE,Ford Motor Company,FORD,"TAURUS; TEMPO, TOPAZ",1985-1990,WHEELS:HUBCAP/COVER,WHEEL SEPARATION,19900802,19900830,28,90V159000,recall,,,car_or_light_truck
PE90105,PE,Ford Motor Company,FORD,TOPAZ,1985-1985,STEERING,STEERING TIE ROD FAILURE,19900801,19901129,120,,upgraded_to_EA,EA91014,91V126000,car_or_light_truck
PE90113,PE,Ford Motor Company,FORD,TAURUS,1990-1990,SEAT BELTS:FRONT:BUCKLE ASSEMBLY,SAFETY BELT BUCKLE LOCKING,19900820,19901218,120,,upgraded_to_EA,EA91011,92V113000,car_or_light_truck
PE90114,PE,"General Motors, LLC",GMC,"C-10, 20, 30",1988-1988,STEERING,TILT STRG COLUMN LOOSENS,19900822,19901217,117,,upgraded_to_EA,EA91023,91V083000,car_or_light_truck
PE90115,PE,"General Motors, LLC",CHEVROLET,BERETTA; CORSICA,1990-1990,VEHICLE SPEED CONTROL:LINKAGES,FUEL TANK SEPARATION,19900829,19910123,147,,closed_no_recall,,,car_or_light_truck
PE90116,PE,"Chrysler (FCA US, LLC)",CHRYSLER,CHRYSLER,1987-1990,VEHICLE SPEED CONTROL:LINKAGES,INJECTOR O-RING LEAKS,19900829,19910128,152,,closed_no_recall,,,car_or_light_truck
PE90117,PE,Ford Motor Company,FORD,BRONCO; BRONCO II,1986-1986,VEHICLE SPEED CONTROL:LINKAGES,FUEL TANK CORROSION,19900912,19901227,106,,closed_no_recall,,,car_or_light_truck
PE90118,PE,"Chrysler (FCA US, LLC); RENAULT, INCORPORATED",CHRYSLER; RENAULT,EAGLE/MEDALLION; MEDALLION,1987-1988,EXTERIOR LIGHTING,ELECTRICAL OVERLOAD,19900918,19910312,175,91V037000,recall,,,car_or_light_truck
PE90120,PE,"Chrysler (FCA US, LLC)",CHRYSLER,CHRYSLER,1990-1990,"SERVICE BRAKES, HYDRAULIC",FRONT BRAKE HOSE CHAFING,19900920,19910125,127,,upgraded_to_EA,EA91029,92V017000,car_or_light_truck
PE90122,PE,"General Motors, LLC",BUICK,REATTA,1989-1989,"SERVICE BRAKES, HYDRAULIC",FRONT BRAKE STEERING PULL,19900924,19901129,66,,closed_no_recall,,,car_or_light_truck
PE90123,PE,Honda (American Honda Motor Co.),HONDA,ACCORD,1990-1990,STRUCTURE,DOOR LOCK ACTUATOR FAILURE,19900927,19910122,117,,upgraded_to_EA,EA91013,,car_or_light_truck
PE91001,PE,"BMW of North America, LLC",BMW,"3, 6, 7 SER.",1987-1988,VEHICLE SPEED CONTROL:LINKAGES,FUEL INJECT. CONTROL FAILS,19901003,19910128,117,,closed_no_recall,,,car_or_light_truck
PE91002,PE,Ford Motor Company,FORD,B600; B700; C600; C700,1988-1990,STEERING,STEERING LOCKUP,19901003,19910131,120,,upgraded_to_EA,EA91014,91V126000,car_or_light_truck
PE91005,PE,Ford Motor Company,FORD,AEROSTAR,1985-1989,STRUCTURE,LIFTGATE FAILURE,19901018,19910201,106,,upgraded_to_EA,EA91015,91V136000,car_or_light_truck
PE91007,PE,"Volkswagen Group of America, Inc.",VOLKSWAGEN,CABRIOLET,1987-1989,VEHICLE SPEED CONTROL:LINKAGES,GAS TANK LEAKS,19901029,19910228,122,,upgraded_to_EA,EA91016,91V201000,car_or_light_truck
PE91012,PE,Ford Motor Company,FORD,B SERIES,1989-1990,VEHICLE SPEED CONTROL:LINKAGES,FUEL EXPULSION,19901108,19910626,230,,upgraded_to_EA,EA91031,91V146000,car_or_light_truck
PE91013,PE,Ford Motor Company,FORD,PROBE,1991-1991,STEERING,STEERING  WHEEL SEPARATION,19901114,19910122,69,,upgraded_to_EA,EA91014,91V126000,car_or_light_truck
PE91016,PE,"General Motors, LLC",CADILLAC,DEVILLE,1990-1991,ENGINE AND ENGINE COOLING,ENGINE COMPARTMENT FIRES,19901126,19910322,116,,upgraded_to_EA,EA91019,,car_or_light_truck
PE91017,PE,Ford Motor Company,FORD,BRONCO; F150,1988-1990,"SERVICE BRAKES, HYDRAULIC",FORD TRUCK INCONSISTENT VEHICLE CONTROL.,19901127,19910417,141,,upgraded_to_EA,EA91040,,car_or_light_truck
PE91018,PE,Ford Motor Company,LINCOLN,TOWN CAR,1990-1990,STRUCTURE,HOOD LATCH FAILURE,19901127,19910329,122,,upgraded_to_EA,EA91021,91V147000,car_or_light_truck
PE91020,PE,"General Motors, LLC",GMC,SUBURBAN,1987-1987,VEHICLE SPEED CONTROL:LINKAGES,FUEL TANK BAFFLE/STALLS,19901130,19910430,151,,closed_no_recall,,,car_or_light_truck
PE91023,PE,Honda (American Honda Motor Co.),HONDA,ACCORD,1990-1990,STRUCTURE,TRUNK LID FAILURE,19901205,19910318,103,,upgraded_to_EA,EA91018,,car_or_light_truck
PE91024,PE,"Chrysler (FCA US, LLC)",EAGLE,MEDALLION,1988-1989,STRUCTURE,LATCHES FAIL TO HOLD DOOR,19901205,19910306,91,,closed_no_recall,,,car_or_light_truck
PE91025,PE,Ford Motor Company,FORD,ESCORT; TEMPO; TOPAZ,1986-1987,VEHICLE SPEED CONTROL:LINKAGES,FUEL PUMP FAILURE,19901217,19910410,114,,upgraded_to_EA,EA91031,91V146000,car_or_light_truck
PE91026,PE,"Chrysler (FCA US, LLC)",DODGE; PLYMOUTH,CARAVAN; VOYAGER,1989-1990,SEAT BELTS:FRONT:BUCKLE ASSEMBLY,SEAT BELT BUCKLE FAILURE,19910104,19910501,117,91V053000,recall,,,car_or_light_truck
PE91027,PE,Hyundai Motor America,HYUNDAI,EXCEL,1986-1989,ENGINE AND ENGINE COOLING,ENGINE COMPARTMENT FIRES,19910104,19910503,119,,upgraded_to_EA,EA91024,91V225000,car_or_light_truck
PE91028,PE,"Chrysler (FCA US, LLC)",DODGE; PLYMOUTH,CHARGER; TURISMO,1986-1986,SUSPENSION,REAR SUSPENSION SEPARATION,19910107,19910417,100,91V056000,recall,,,car_or_light_truck
PE91029,PE,"General Motors, LLC",CADILLAC,DEVILLE; FLEETWOOD,1990-1990,VEHICLE SPEED CONTROL:LINKAGES,THROTTLE LINKAGE INTERFER,19910107,19910416,99,,closed_no_recall,,,car_or_light_truck
PE91030,PE,"Volkswagen Group of America, Inc.",VOLKSWAGEN,JETTA,1990-1990,ENGINE AND ENGINE COOLING,UNSTABLE HIGH ENGINE IDLE,19910114,19910531,137,,closed_no_recall,,,car_or_light_truck
PE91031,PE,"Volkswagen Group of America, Inc.",VOLKSWAGEN,JETTA,1985-1986,ENGINE AND ENGINE COOLING,ENGINE MOUNT FAILURE,19910114,19910429,105,,closed_no_recall,,,car_or_light_truck
PE91034,PE,"Volvo Car USA, LLC",VOLVO,VOLVO,1981-1987,ENGINE AND ENGINE COOLING,ENG. WIRING HARNESS/FIRES,19910117,19910424,97,,closed_no_recall,,,car_or_light_truck
PE91036,PE,Ford Motor Company,FORD; MERCURY,SABLE; TAURUS,1986-1988,STRUCTURE,DOOR HANDLES BREAKAGE,19910122,19910522,120,,upgraded_to_EA,EA91042,92V065000,car_or_light_truck
PE91038,PE,"General Motors, LLC",CHEVROLET,ASTRO,1990-1990,STRUCTURE,SLIDING DOOR HINGE FAILURE,19910123,19910531,128,,upgraded_to_EA,EA91046,,car_or_light_truck
PE91039,PE,"Subaru of America, Inc.",SUBARU,LEGACY; LOYAL; LOYALE; XT,1989-1990,POWER TRAIN:AUTOMATIC TRANSMISSION,REVERSE DELAYED ENGAGEMENT,19910123,19910530,127,91V082000; 91V091000,recall,,,car_or_light_truck
PE91040,PE,Isuzu Motors Limited,ISUZU,TROOPER II,1986-1989,SUSPENSION,LUG STUD FRACTURE,19910128,19910523,115,,closed_no_recall,,,car_or_light_truck
PE91042,PE,Toyota Motor Corporation,TOYOTA,CAMRY,1990-1990,ELECTRICAL SYSTEM,ENGINE COMPARTMENT FIRES,19910207,19910606,119,,closed_no_recall,,,car_or_light_truck
PE91043,PE,Honda (American Honda Motor Co.),ACURA,ACURA; INTEGRA,1990-1990,SEAT BELTS,AUTO. SHOULDER BELT FAILS,19910207,19910628,141,,closed_no_recall,,,car_or_light_truck
PE91046,PE,Isuzu Motors Limited,ISUZU,TROOPER,1984-1991,STRUCTURE,REAR DOOR HINGE SEPARATION,19910219,19910715,146,,upgraded_to_EA,EA91033,92V093000,car_or_light_truck
PE91048,PE,"General Motors, LLC",CHEVROLET,BERETTA; CORSICA,1991-1991,STEERING,STEERING WHEEL SEPARATION,19910220,19910410,49,,upgraded_to_EA,EA91023,91V083000,car_or_light_truck
PE91049,PE,"Chrysler (FCA US, LLC)",CHRYSLER; DODGE,DAYTONA; LEBARON,1989-1989,"SERVICE BRAKES, HYDRAULIC",BRAKE LINING DELAMINATION,19910221,19910618,117,,upgraded_to_EA,EA91029,92V017000,car_or_light_truck
PE91050,PE,"Volkswagen Group of America, Inc.",VOLKSWAGEN,VANAGON,1986-1988,STRUCTURE,SLIDING DOOR LATCH FAILURE,19910221,19910604,103,,upgraded_to_EA,EA91026,,car_or_light_truck
PE91052,PE,"General Motors, LLC",CHEVROLET; GMC,ASTRO; BLAZER; SAFARI,1990-1991,"SERVICE BRAKES, HYDRAULIC",BRAKE FAILURE,19910222,19910610,108,,upgraded_to_EA,EA91028,,car_or_light_truck
PE91053,PE,Hyundai Motor America,HYUNDAI,EXCEL,1986-1991,"SERVICE BRAKES, HYDRAULIC",PASSENGER BRAKE,19910226,19910605,99,,closed_no_recall,,,car_or_light_truck
PE91054,PE,"Mitsubishi Motors North America, Inc.",MITSUBISHI,3000GT,1991-1991,POWER TRAIN,POWER TRAIN LOCKUP,19910227,19910628,121,,closed_no_recall,,,car_or_light_truck
PE91057,PE,"General Motors, LLC",CHEVROLET; GMC,BLAZER; JIMMY; S10,1989-1990,EXTERIOR LIGHTING,HEADLIGHT SWITCH FAILURE,19910306,19910712,128,,upgraded_to_EA,EA91038,,car_or_light_truck
PE91058,PE,Ford Motor Company,FORD,EXPLORER,1991-1991,VEHICLE SPEED CONTROL:LINKAGES,THROTTLE RELEASE FAILURE,19910306,19910722,138,,upgraded_to_EA,EA91031,91V146000,car_or_light_truck
PE91061,PE,Honda (American Honda Motor Co.),HONDA,"ACCORD LX, DX",1990-1990,WHEELS,TIRE RIMS LOSE AIR,19910314,19910717,125,,closed_no_recall,,,car_or_light_truck
PE91064,PE,Ford Motor Company,FORD,E-150; E-250; E-350; E150; E250; E350,1990-1991,POWER TRAIN,TRANSMISSION FLUID FIRES,19910409,19910705,87,,closed_no_recall,,,car_or_light_truck
PE91065,PE,"Chrysler (FCA US, LLC)",CHRYSLER; DODGE; PLYMOUTH,ARIES; LEBARON; RELIANT; SHADOW; SUNDANCE,1987-1989,STEERING,STEERING GEAR BOLTS LOOSEN,19910416,19910830,136,,closed_no_recall,,,car_or_light_truck
PE91066,PE,"Chrysler (FCA US, LLC)",DODGE,COLT,1986-1986,ENGINE AND ENGINE COOLING,ENGINE COMPARTMENT FIRES,19910410,19910816,128,,closed_no_recall,,,car_or_light_truck
PE91067,PE,"Chrysler (FCA US, LLC)",JEEP,CHEROKEE,1990-1990,STEERING,STEERING GEAR LOCKUP,19910416,19910614,59,,closed_no_recall,,,car_or_light_truck
PE91069,PE,Honda (American Honda Motor Co.),ACURA,INTEGRA,1991-1991,POWER TRAIN,SPEED CONTROL FAILURE,19910426,19910712,77,,closed_no_recall,,,car_or_light_truck
PE91070,PE,"General Motors, LLC",GMC,C/K PICKUP TRUCK,1988-1990,"SERVICE BRAKES, HYDRAULIC",BRAKE LIGHT SWITCH FAILURE,19910429,19910830,123,,closed_no_recall,,,car_or_light_truck
PE91071,PE,"Subaru of America, Inc.",SUBARU,XT6,1988-1990,STEERING,POWER STEERING FAILURE,19910429,19910829,122,,upgraded_to_EA,EA91037,91V193000,car_or_light_truck
PE91072,PE,"General Motors, LLC",BUICK; CHEVROLET; OLDSMOBILE; PONTIAC,CUTLASS; CUTLASS SUPREME; GRAND PRIX; LUMINA; REGAL,1987-1991,STEERING,STEERING WHEEL SEPARATION,19910501,19910708,68,,closed_no_recall,,,car_or_light_truck
PE91076,PE,"Chrysler (FCA US, LLC)",DODGE; PLYMOUTH,CHARGER; HORIZON; OMNI; TURISMO,1987-1987,VEHICLE SPEED CONTROL:LINKAGES,FUEL RESERVOIR LEAKS,19910523,19910810,79,91V132000,recall,,,car_or_light_truck
PE91077,PE,Ford Motor Company,FORD,E-150; E-250; E-350; E150; E250; E350,1988-1991,"SERVICE BRAKES, HYDRAULIC",LOSS OF BRAKE EFFECTIVENES,19910523,19911031,161,,upgraded_to_EA,EA91040,,car_or_light_truck
PE91078,PE,Ford Motor Company,FORD,MUSTANG,1987-1988,EXTERIOR LIGHTING,HEADLAMP ASSEMBLY FAILURE,19910528,19910923,118,,closed_no_recall,,,car_or_light_truck
PE91080,PE,"Chrysler (FCA US, LLC)",DODGE; PLYMOUTH,ACCLAIM; SPIRIT,1991-1991,ENGINE AND ENGINE COOLING,ENGINE SPEED FLUCTUATION,19910530,19910930,123,,closed_no_recall,,,car_or_light_truck
PE91081,PE,Ford Motor Company,FORD,CROWN VICTORIA,1989-1989,VISIBILITY:DEFROSTER/DEFOGGER/HVAC SYSTEM,HEAT HOSE RESTRICTOR/FIRES,19910603,19911029,148,,closed_no_recall,,,car_or_light_truck
PE91082,PE,"Chrysler (FCA US, LLC)",DODGE; PLYMOUTH,SHADOW; SUNDANCE,1988-1989,SEAT BELTS,AUTO SHOULDER BELT FAILURE,19910605,19911030,147,,upgraded_to_EA,EA91043,92V053000,car_or_light_truck
PE91083,PE,Hyundai Motor America,HYUNDAI,EXCEL,1988-1989,POWER TRAIN,TRANSMISSION LOCKUP,19910610,19910924,106,,upgraded_to_EA,EA91039,,car_or_light_truck
PE91084,PE,Ford Motor Company,FORD,EXPLORER,1991-1991,"SERVICE BRAKES, HYDRAULIC",VACUUM BOOSTR VALVE FAILS,19910610,19911003,115,,upgraded_to_EA,EA91040,,car_or_light_truck
PE91088,PE,Mazda Motor Corp.; Mazda North American Operations,MAZDA,626; 929; MPV; MX-6; MX6,1986-1991,VEHICLE SPEED CONTROL:LINKAGES,THROTTLE STICKING,19910618,19911021,125,,closed_no_recall,,,car_or_light_truck
PE91089,PE,Ford Motor Company,FORD,MUSTANG,1990-1990,VEHICLE SPEED CONTROL:LINKAGES,"THROTTLE STICKS, HIGH IDLE",19910619,19911126,160,,upgraded_to_EA,EA92012,92V117000,car_or_light_truck
PE91093,PE,"Chrysler (FCA US, LLC)",CHRYSLER; DODGE; PLYMOUTH,CARAVAN; TOWN AND COUNTRY; VOYAGER,1991-1991,"SERVICE BRAKES, HYDRAULIC",ABS CONTROL FAILURE,19910628,19911023,117,,closed_no_recall,,,car_or_light_truck
PE91094,PE,"Chrysler (FCA US, LLC)",CHRYSLER; DODGE; PLYMOUTH,CARAVAN; IMPERIAL; TOWN AND COUNTRY; VOYAGER,1990-1991,"SERVICE BRAKES, HYDRAULIC",BRAKING PERFORMANCE LOSS,19910705,19911126,144,91V191000; 92V030000,recall,,,car_or_light_truck
PE91097,PE,Hyundai Motor America,HYUNDAI,EXCEL,1987-1988,SEAT BELTS,AUTO SHOULDER BELT FAILS,19910710,19911119,132,,upgraded_to_EA,EA91048,,car_or_light_truck
PE91098,PE,Ford Motor Company,FORD,TEMPO,1986-1986,SEAT BELTS:FRONT:WEBBING,SAFETY BELT CUT AT WEBBING,19910712,19911127,138,,upgraded_to_EA,EA91052,,car_or_light_truck
PE91099,PE,"General Motors, LLC",BUICK; OLDSMOBILE; PONTIAC,CALAIS; GRAND AM; SKYLARK; SOMERSET,1986-1986,SEAT BELTS,SAFETY BELT CUT AT D-RING,19910715,19911107,115,,upgraded_to_EA,EA91045,,car_or_light_truck
PE91101,PE,"General Motors, LLC",PONTIAC,LEMANS,1988-1991,"SERVICE BRAKES, HYDRAULIC",FRONT BRAKE DISC/HUB SEP,19910717,19911104,110,,closed_no_recall,,,car_or_light_truck
PE91106,PE,"Volvo Car USA, LLC",VOLVO,VOLVO,1985-1991,SUSPENSION,WHEEL FAILURE,19910731,19911002,63,,closed_no_recall,,,car_or_light_truck
PE91108,PE,Ford Motor Company,FORD; MERCURY,SABLE; TAURUS,1986-1991,STRUCTURE,STORAGE COMPAR SUFFOCATION,19910801,19911028,88,,upgraded_to_EA,EA91042,92V065000,car_or_light_truck
PE91109,PE,"General Motors, LLC",BUICK; OLDSMOBILE,CUSTOM CRUISER; ROADMASTER,1991-1992,VISIBILITY,DASH REFLCTS IN WINDSHIELD,19910801,19911129,120,,closed_no_recall,,,car_or_light_truck
PE91114,PE,"Volkswagen Group of America, Inc.",VOLKSWAGEN,JETTA,1985-1987,VISIBILITY:DEFROSTER/DEFOGGER/HVAC SYSTEM,HEATER CORE FAILURE,19910826,19911209,105,,upgraded_to_EA,EA91054,92V050000,car_or_light_truck
PE91120,PE,"General Motors, LLC",BUICK; CHEVROLET; OLDSMOBILE; PONTIAC,6000; CELEBRITY; CENTURY; CIERA,1986-1986,"SERVICE BRAKES, HYDRAULIC",FRONT BRAKE DISC/HUB SEP,19910830,19911104,66,,closed_no_recall,,,car_or_light_truck
PE91124,PE,Ford Motor Company,FORD,PROBE,1989-1990,ENGINE AND ENGINE COOLING,ENGINE COMPARTMENT FIRES,19910909,19911223,105,,closed_no_recall,,,car_or_light_truck
PE91125,PE,Ford Motor Company,FORD; MERCURY,CROWN VICTORIA; GRAND MARQUIS,1983-1991,"SERVICE BRAKES, HYDRAULIC",BRAKE LINE PUNCTURES,19910911,19920115,126,,upgraded_to_EA,EA92002,92V075000,car_or_light_truck
PE91127,PE,Ford Motor Company; Mazda North American Operations,FORD; MAZDA,AEROSTAR; EXPLORER; NAVAJO,1986-1991,POWER TRAIN:AUTOMATIC TRANSMISSION,PARK PAWL BENDING,19910916,19911108,53,91V189000; 91V189001,recall,,,car_or_light_truck
PE91128,PE,Ford Motor Company,FORD; MERCURY,SABLE; TAURUS,1986-1989,ELECTRICAL SYSTEM,FIRES IN IGNITION SWITCH,19910917,19920127,132,,closed_no_recall,,,car_or_light_truck
PE91131,PE,"General Motors, LLC",PONTIAC,FIREBIRD,1987-1988,VEHICLE SPEED CONTROL:LINKAGES,THROTTLE STICKING,19911001,19920130,121,,upgraded_to_EA,EA92001,,car_or_light_truck
PE91133,PE,"General Motors, LLC",BUICK; GMC; PONTIAC,GRAND PRIX; REGAL; SIERRA,1988-1989,STRUCTURE,W-CAR HINGE PIN FAILURE,19911001,19911205,65,,upgraded_to_EA,EA91046,,car_or_light_truck
PE91134,PE,Mazda Motor Corp.,MAZDA,MPV,1990-1991,"SERVICE BRAKES, HYDRAULIC",INCONSISTENT BRAKE PERFORM,19911001,19920203,125,,closed_no_recall,,,car_or_light_truck
PE91137,PE,Ford Motor Company,FORD,MUSTANG,1987-1991,STRUCTURE,HOOD LATCH FAILURES,19911009,19920227,141,,closed_no_recall,,,car_or_light_truck
PE91138,PE,"Chrysler (FCA US, LLC)",CHRYSLER; DODGE,COLT; PLYMOUTH,1986-1987,VEHICLE SPEED CONTROL:LINKAGES,REAR BUMPER COVER FIRES,19911014,19920121,99,,upgraded_to_EA,EA92014,,car_or_light_truck
PE91141,PE,"Chrysler (FCA US, LLC)",DODGE,DAYTONA,1991-1991,STRUCTURE:BODY:DOOR,AUTO DOOR LOCK MALFUNCTION,19911022,19920212,113,92V016000,recall,,,car_or_light_truck
PE91142,PE,"General Motors, LLC",CHEVROLET,CELEBRITY,1987-1988,STEERING,STEERING WHEEL SEPARATION,19911025,19920122,89,,closed_no_recall,,,car_or_light_truck
PE91143,PE,"General Motors, LLC",GMC,"C,K,R,V,AND G",1982-1990,POWER TRAIN,TRANS FLUID LEAK/FIRES,19911029,19920212,106,,upgraded_to_EA,EA92009,93V016000,car_or_light_truck
PE91147,PE,Toyota Motor Corporation,TOYOTA,4RUNNER,1990-1991,"SERVICE BRAKES, HYDRAULIC",LOSS OF BRAKE EFFECTIVENES,19911106,19920324,139,,upgraded_to_EA,EA92011,,car_or_light_truck
PE91150,PE,Ford Motor Company,FORD,ESCORT,1991-1991,VEHICLE SPEED CONTROL:LINKAGES,FUEL TANK LEAKAGE,19911203,19920415,134,,upgraded_to_EA,EA92012,92V117000,car_or_light_truck
PE91151,PE,"BMW of North America, LLC",BMW,735,1988-1988,STEERING,STEERING LOCK-UPS,19911206,19920430,146,,closed_no_recall,,,car_or_light_truck
PE91157,PE,"Chrysler (FCA US, LLC)",CHRYSLER,CHRYSLER,9999-9999,EXTERIOR LIGHTING,INCONSIST.BRK LIGHT OPER.,19911227,19920430,125,,closed_no_recall,,,car_or_light_truck
PE92001,PE,"General Motors, LLC",CHEVROLET; GMC,BLAZER; JIMMY; S10,1989-1991,VEHICLE SPEED CONTROL:LINKAGES,HIGH IDLE FLARE,19920107,19920522,136,,upgraded_to_EA,EA92015,,car_or_light_truck
PE92004,PE,"Chrysler (FCA US, LLC)",CHRYSLER; PLYMOUTH,ALL MINI-VANS; VOYAGER,1992-1992,STEERING,STEERING SHAFT SEPARATIONS,19920109,19920226,48,92V015000,recall,,,car_or_light_truck
PE92005,PE,"General Motors, LLC",GMC,SUBURBAN,1991-1991,"SERVICE BRAKES, HYDRAULIC",BRAKE LINE ABRASION,19920116,19920528,133,,upgraded_to_EA,EA92020,93V119000,car_or_light_truck
PE92006,PE,"Volkswagen Group of America, Inc.",AUDI,4000; COUPE; QUATTRO,1985-1987,VISIBILITY:DEFROSTER/DEFOGGER/HVAC SYSTEM,GAS TANK LEAKAGE,19920117,19920529,133,,closed_no_recall,,,car_or_light_truck
PE92009,PE,"General Motors, LLC",GM,P30 2TN INTER.DELIV.VAN,1985-1988,SUSPENSION,GM P30 CHASS.ROAD WHL FAIL,19920127,19920529,123,,upgraded_to_EA,EA92019,92V129000,car_or_light_truck
PE92010,PE,"General Motors, LLC",BUICK; OLDSMOBILE; PONTIAC,88; BONNEVILLE; LESABRE,1992-1992,VEHICLE SPEED CONTROL:LINKAGES,FUEL LINE CONNECTOR FAILS,19920127,19920522,116,,upgraded_to_EA,EA92015,,car_or_light_truck
PE92014,PE,Ford Motor Company,FORD; LINCOLN; MERCURY,CONTINENTAL; SABLE; TAURUS,1988-1990,ENGINE AND ENGINE COOLING,ENGINE MOUNT FAILURE,19920204,19920625,142,,closed_no_recall,,,car_or_light_truck
PE92015,PE,"General Motors, LLC",CHEVROLET,ASTRO,1986-1988,SEATS,DRIVER SEAT BACK FAILURE,19920204,19920624,141,,upgraded_to_EA,EA92022,93V187000,car_or_light_truck
PE92016,PE,"Chrysler (FCA US, LLC)",JEEP,WRANGLER,1987-1990,VEHICLE SPEED CONTROL:LINKAGES,FUEL TANK/EXHAUST INTERFER,19920205,19920522,107,,upgraded_to_EA,EA92014,,car_or_light_truck
PE92017,PE,"General Motors, LLC",CHEVROLET,LIGHT TRUCK,1992-1992,STEERING,DETACHED TIE ROD END,19920210,19920513,93,,closed_no_recall,,,car_or_light_truck
PE92020,PE,"General Motors, LLC",GMC,GMC,1988-1992,"SERVICE BRAKES, HYDRAULIC",BRAKE DISC/HUB SEPARATION,19920220,19920612,113,,upgraded_to_EA,EA92020,93V119000,car_or_light_truck
PE92021,PE,"General Motors, LLC",CHEVROLET,BERETTA; CORSICA,1987-1991,VEHICLE SPEED CONTROL:LINKAGES,STICKING THROTTLE,19920224,19920626,123,,upgraded_to_EA,EA92024,,car_or_light_truck
PE92025,PE,"General Motors, LLC",CHEVROLET,CORVETTE,1992-1992,EXTERIOR LIGHTING,INCONSIS.BRK LGT OPERATION,19920304,19920603,91,,closed_no_recall,,,car_or_light_truck
PE92026,PE,"General Motors, LLC",GMC,SUBURBAN,1988-1991,SEATS,SEAT BACK FAILURES,19920306,19920624,110,,upgraded_to_EA,EA92022,93V187000,car_or_light_truck
PE92027,PE,"Chrysler (FCA US, LLC)",DODGE; PLYMOUTH,CARAVAN; VOYAGER,1989-1990,STRUCTURE,R/HTCHBCK HYDR.CYLIN.FAILS,19920310,19920603,85,,closed_no_recall,,,car_or_light_truck
PE92028,PE,"Chrysler (FCA US, LLC)",DODGE; PLYMOUTH,CARAVAN; VOYAGER,1991-1991,SEAT BELTS:FRONT:ANCHORAGE,SAFETY BLT ANCHORAGE BRKS,19920311,19920720,131,,closed_no_recall,,,car_or_light_truck
PE92029,PE,Ford Motor Company,FORD,BRONCO II; EXPLORER; RANGER,1986-1991,SUSPENSION,WHL SEPARATION/TORQUE LOSS,19920316,19920831,168,,closed_no_recall,,,car_or_light_truck
PE92033,PE,"General Motors, LLC",CHEVROLET,CAPRICE,1991-1991,VEHICLE SPEED CONTROL:LINKAGES,FUEL TANK LEAKAGE,19920326,19920731,127,,upgraded_to_EA,EA92035,,car_or_light_truck
PE92039,PE,"General Motors, LLC",BUICK,LESABRE; PARK AVENUE; SKYLARK,1990-1992,"SERVICE BRAKES, HYDRAULIC",BRAKE CALIPER CORROSION,19920415,19920814,121,,closed_no_recall,,,car_or_light_truck
PE92040,PE,Ford Motor Company,MOBILITY UNLIMITED,ECONOLINE,1985-1992,"SERVICE BRAKES, HYDRAULIC",HAND BRAKING CONTROL FAILS,19920416,19920728,103,,closed_no_recall,,,car_or_light_truck
PE92041,PE,"Volkswagen Group of America, Inc.",AUDI; VOLKSWAGEN,4000; 5000; 90,1986-1991,POWER TRAIN,TRANSMISSION FAILURES,19920416,19920803,109,,upgraded_to_EA,EA92028,93V006000,car_or_light_truck
PE92042,PE,Ford Motor Company,FORD,BRONCO; F-150,1990-1991,SEATS:FRONT ASSEMBLY:RECLINER,FNT RECLNING SEAT BCK FAIL,19920417,19920827,132,,upgraded_to_EA,EA92029,,car_or_light_truck
PE92043,PE,"General Motors, LLC",CHEVROLET,BERETTA; CORSICA,1987-1990,"SERVICE BRAKES, HYDRAULIC",PARK BRAKE HANDLE FAILURE,19920422,19920831,131,,closed_no_recall,,,car_or_light_truck
PE92044,PE,Ford Motor Company,FORD; MERCURY,SABLE; TAURUS,1988-1990,STEERING,POWER STEERING LEAKS/FIRES,19920427,19920831,126,,upgraded_to_EA,EA93007,93V057000,car_or_light_truck
PE92045,PE,"BMW of North America, LLC",BMW,315; 325; 525; 535,9999-9999,VISIBILITY,WINDSHIELD WIPER FAILURE,19920430,19920930,153,92V140000,recall,,,car_or_light_truck
PE92048,PE,"General Motors, LLC",CHEVROLET,BERETTA; CORSICA,1988-1989,SEATS,SEAT BREAKS FROM TRACK,19920512,19920928,139,,closed_no_recall,,,car_or_light_truck
PE92050,PE,Mazda North American Operations,MAZDA,626; 929,1988-1988,STRUCTURE,INADVERTENT DOOR OPENING,19920602,19920925,115,,upgraded_to_EA,EA92031,93V174000,car_or_light_truck
PE92051,PE,"General Motors, LLC",CHEVROLET,CAPRICE,1991-1991,SUSPENSION,STEEL WHEEL FAILURES,19920604,19920702,28,92V089000,recall,,,car_or_light_truck
PE92052,PE,"General Motors, LLC",CHEVROLET; OLDSMOBILE; PONTIAC,LUMINA; SILHOUETTE; TRANS SPORT,1990-1992,VEHICLE SPEED CONTROL:LINKAGES,APV FUEL LINE FIRES,19920604,19921030,148,,upgraded_to_EA,EA92035,,car_or_light_truck
PE92053,PE,"Chrysler (FCA US, LLC)",DODGE; PLYMOUTH,CARAVAN; VOYAGER,1991-1992,VISIBILITY,WINDOW SHATTERING,19920608,19921009,123,,upgraded_to_EA,EA92033,,car_or_light_truck
PE92054,PE,Ford Motor Company,FORD,ESCORT GT,1988-1988,EXTERIOR LIGHTING,HEADLAMP FAILURES,19920618,19921027,131,,closed_no_recall,,,car_or_light_truck
PE92055,PE,Ford Motor Company,FORD,F-250,1992-1992,ENGINE AND ENGINE COOLING,ENGINE COMPARTMENT FIRES,19920624,19920820,57,92V112000,recall,,,car_or_light_truck
PE92056,PE,Ford Motor Company,FORD; LINCOLN; MERCURY,CONTINENTAL; SABLE; TAURUS,1986-1989,STRUCTURE,SUB-FRM/UNIBODY ABSOR.FAIL,19920701,19921130,152,,upgraded_to_EA,EA92040,93V106001; 93V106002,car_or_light_truck
PE92062,PE,"Chrysler (FCA US, LLC)",DODGE,DAKOTA,1992-1992,"SERVICE BRAKES, HYDRAULIC",BRK PDL PIVOT SHAFT DISENG,19920706,19920929,85,,upgraded_to_EA,EA92045,,car_or_light_truck
PE92065,PE,Toyota Motor Corporation,TOYOTA,CAMRY; CELICA,1987-1989,VEHICLE SPEED CONTROL:LINKAGES,THROTTLE STICKING,19920716,19921218,155,,upgraded_to_EA,EA92044,,car_or_light_truck
PE92068,PE,Mazda Motor Corp.,MAZDA,B-SERIES TRUCK,1991-1992,SUSPENSION,WHEEL CRACKING,19920729,19920930,63,92V139000,recall,,,car_or_light_truck
PE92069,PE,Ford Motor Company,FORD,CROWN VICTORIA,1989-1990,STEERING,STEERING COLUMN FIRES,19920803,19921130,119,,upgraded_to_EA,EA93007,93V057000,car_or_light_truck
PE92072,PE,"Chrysler (FCA US, LLC)",DODGE,D100; D150; D250; RAM 1500; RAM 2500; W100,1990-1992,"SERVICE BRAKES, HYDRAULIC",MASTER CYLINDER FAILURE,19920826,19921229,125,,upgraded_to_EA,EA92045,,car_or_light_truck
PE92073,PE,"General Motors, LLC",CHEVROLET; PONTIAC,CAMARO; FIREBIRD,1991-1991,VEHICLE SPEED CONTROL:LINKAGES,FUEL TANK LEAKAGE,19920902,19930129,149,,upgraded_to_EA,EA93005,94V077000,car_or_light_truck
PE92075,PE,"Chrysler (FCA US, LLC)",JEEP,WRANGLER,1987-1989,VEHICLE SPEED CONTROL:LINKAGES,EXHAUST SYSTEM FIRES,19920909,19930129,142,,closed_no_recall,,,car_or_light_truck
PE92077,PE,Ford Motor Company,FORD,BRONCO; F-150; F-250; F-350; F150; F250,1990-1992,VEHICLE SPEED CONTROL:LINKAGES,FUEL EXPULSION,19920909,19930107,120,,upgraded_to_EA,EA93001,93V125000,car_or_light_truck
PE92078,PE,Ford Motor Company; Mazda North American Operations,FORD; MAZDA,EXPLORER; NAVAJO,1992-1992,POWER TRAIN,AUTO TRANS.PRNDL MISALIGN,19920909,19930129,142,,upgraded_to_EA,EA93004,,car_or_light_truck
PE92079,PE,"General Motors, LLC",BUICK; CHEVROLET,CAPRICE; ROADMASTER,1990-1992,SEAT BELTS:REAR/OTHER,R SEAT BELT WEBBING LENGTH,19920909,19930119,132,,closed_no_recall,,,car_or_light_truck
PE92080,PE,"Chrysler (FCA US, LLC)",JEEP,CHEROKEE,1992-1993,"SERVICE BRAKES, HYDRAULIC",BRAKE PERFORMANCE,19921005,19930212,130,,closed_no_recall,,,car_or_light_truck
PE92082,PE,Ford Motor Company,FORD,ESCORT,1991-1991,STEERING,INADVER. STEERING LOCKUP,19921006,19930226,143,,upgraded_to_EA,EA93007,93V057000,car_or_light_truck
PE92083,PE,"Chrysler (FCA US, LLC)",JEEP,CHEROKEE,1993-1993,STEERING,STEERING GEARBOX BLT FAILS,19921014,19930115,93,,upgraded_to_EA,EA93009,,car_or_light_truck
PE92084,PE,Ford Motor Company; Mazda North American Operations,FORD; MAZDA,BRONCO II; EXPLORER; NAVAJO; RANGER,1990-1991,SEATS,FRONT SEAT TRACK FAILURE,19921023,19930226,126,,closed_no_recall,,,car_or_light_truck
PE92085,PE,"General Motors, LLC",GEO,METRO,1989-1989,STRUCTURE,HOOD FLY-UP,19921026,19930219,116,,upgraded_to_EA,EA93006,93V189000; 93V189001,car_or_light_truck
PE92086,PE,"Chrysler (FCA US, LLC)",DODGE; EAGLE,MONACO; PREMIER,1991-1992,ENGINE AND ENGINE COOLING,ENGINE COMPARTMENT FIRES,19921125,19930331,126,,closed_no_recall,,,car_or_light_truck
PE92087,PE,"Suzuki Motor USA, LLC",SUZUKI,SIDEKICK,1991-1991,SEAT BELTS,SEAT BLT LOCKS-STOW POSIT.,19921202,19930427,146,,closed_no_recall,,,car_or_light_truck
PE92088,PE,Toyota Motor Corporation,TOYOTA,CAMRY,1991-1991,VISIBILITY:DEFROSTER/DEFOGGER/HVAC SYSTEM,UNDER DASH FIRES,19921204,19930426,143,,upgraded_to_EA,EA93010,93V147000,car_or_light_truck
PE92089,PE,"Volkswagen Group of America, Inc.",VOLKSWAGEN,GOLF; JETTA,1990-1991,STRUCTURE,DETACHMENT OF BUMPER COVER,19921217,19930303,76,,upgraded_to_EA,EA93008,,car_or_light_truck
PE92090,PE,"General Motors, LLC",CHEVROLET,CAPRICE,1989-1989,VEHICLE SPEED CONTROL:LINKAGES,THROTTLE STICKING/BINDING,19921222,19930512,141,,upgraded_to_EA,EA93011,,car_or_light_truck
PE93003,PE,Isuzu Motors Limited,ISUZU,TROOPER II,1986-1986,SEAT BELTS:FRONT:RETRACTOR,SEAT BELT RETRACTORS FAIL,19930205,19930608,123,,upgraded_to_EA,EA93015,,car_or_light_truck
PE93004,PE,"General Motors, LLC",SATURN,SC; SC1; SL; SW,1992-1992,SEATS,SEATBACK FAILURE,19930205,19930608,123,,upgraded_to_EA,EA93016,,car_or_light_truck
PE93007,PE,"General Motors, LLC",CADILLAC; OLDSMOBILE,88; 98; DEVILLE; FLEETWOOD,1991-1992,VEHICLE SPEED CONTROL:LINKAGES,FUEL LINE FAILURE,19930210,19930503,82,,upgraded_to_EA,EA93011,,car_or_light_truck
PE93009,PE,"General Motors, LLC",CHEVROLET,CORSICA,1990-1991,VEHICLE SPEED CONTROL:LINKAGES,FUEL FILTER FIRES,19930226,19930630,124,,upgraded_to_EA,EA93018,,car_or_light_truck
PE93010,PE,Ford Motor Company,FORD; LINCOLN; MERCURY,BRONCO; CONTINENTAL; ECONOLINE; F-150; F-250; F-350,1991-1992,ENGINE AND ENGINE COOLING,IDLE AIR SPD CTRL VLV MALF,19930302,19930730,150,,upgraded_to_EA,EA93022,,car_or_light_truck
PE93013,PE,"General Motors, LLC",BUICK; OLDSMOBILE,88; LESABRE,1993-1993,VEHICLE SPEED CONTROL:LINKAGES,FUEL LEAKS,19930305,19930713,130,,upgraded_to_EA,EA93018,,car_or_light_truck
PE93015,PE,Ford Motor Company,FORD,E-150; E-250; E-350; F-150; F-250; F-350,1992-1992,"SERVICE BRAKES, HYDRAULIC",PARKING BRAKE FAILURE,19930309,19930727,140,,upgraded_to_EA,EA93020,94V169001; 94V169002,car_or_light_truck
PE93016,PE,Toyota Motor Corporation,TOYOTA,PREVIA,1991-1991,VISIBILITY,WINDSHIELD WIPER MTR FAILS,19930309,19930720,133,93V113000,recall,,,car_or_light_truck
PE93017,PE,"Chrysler (FCA US, LLC)",JEEP,GRAND CHEROKEE,1993-1993,STRUCTURE,REAR LIFTGATE LATCH,19930316,19930428,43,93V055000,recall,,,car_or_light_truck
PE93018,PE,"General Motors, LLC",CHEVROLET,SCHOOL BUSES,1983-1983,STEERING,STEER BOX PITMAN SHAFT FLS,19930329,19930730,123,,upgraded_to_EA,EA93021,,car_or_light_truck
PE93019,PE,"Nissan North America, Inc.",NISSAN,VAN,1987-1990,STRUCTURE,POWER DOOR LOCK FAILURE,19930331,19930728,119,,closed_no_recall,,,car_or_light_truck
PE93020,PE,Ford Motor Company,MERCURY,VILLAGER,1993-1993,EXTERIOR LIGHTING,BACKLITE SHATTERING,19930401,19930728,118,,closed_no_recall,,,car_or_light_truck
PE93021,PE,"Nissan North America, Inc.",NISSAN,QUEST,1993-1993,EXTERIOR LIGHTING,BACKLITE SHATTERING,19930401,19930728,118,,closed_no_recall,,,car_or_light_truck
PE93022,PE,"General Motors, LLC",SATURN,SATURN; SL,1992-1993,STEERING,STEERING SYSTEM LOCKUP,19930405,19930930,178,,closed_no_recall,,,car_or_light_truck
PE93035,PE,Ford Motor Company,MERCURY,CAPRI,1991-1991,VISIBILITY,WINDSHIELD WIPER FAILURE,19930408,19930819,133,,upgraded_to_EA,EA93019,,car_or_light_truck
PE93036,PE,Ford Motor Company,LINCOLN,CONTINENTAL,1984-1987,SUSPENSION,AIR SUSPENSION FAILURE,19930412,19930804,114,,closed_no_recall,,,car_or_light_truck
PE93038,PE,"Chrysler (FCA US, LLC)",DODGE,RAM,1991-1993,VEHICLE SPEED CONTROL:LINKAGES,ROLL-OVER/VENT VALVE LEAK,19930422,19930831,131,,upgraded_to_EA,EA93031,94V106000,car_or_light_truck
PE93039,PE,"General Motors, LLC",BUICK,REGAL,1991-1991,VEHICLE SPEED CONTROL:LINKAGES,FUEL LINE SEPARATION,19930427,19930914,140,93V145000,recall,,,car_or_light_truck
PE93042,PE,"Jaguar Cars, Ltd.",JAGUAR,XJ6; XJS,1988-1992,SEAT BELTS,PASSIVE RESTRAINT FAILURE,19930504,19931104,184,93V179000,recall,,,car_or_light_truck
PE93043,PE,"Volkswagen Group of America, Inc.",VOLKSWAGEN,VANAGON,1984-1991,VISIBILITY:DEFROSTER/DEFOGGER/HVAC SYSTEM,OVERHEAD A/C SEPARATION,19930505,19931029,177,93V175000,recall,,,car_or_light_truck
PE93044,PE,"Chrysler (FCA US, LLC)",CHRYSLER,NEW YORKER,1992-1993,VEHICLE SPEED CONTROL:LINKAGES,UNDER BODY FUEL LEAKS,19930506,19930917,134,,upgraded_to_EA,EA93031,94V106000,car_or_light_truck
PE93045,PE,Ford Motor Company,FORD,RANGER,1993-1993,STEERING,STEERING GEAR BOLT BROKEN,19930507,19930831,116,,upgraded_to_EA,EA94008,,car_or_light_truck
PE93046,PE,Ford Motor Company,FORD,MUSTANG,1992-1992,VISIBILITY,WINDSHIELD WIPER FAILURE,19930507,19930721,75,,upgraded_to_EA,EA93019,,car_or_light_truck
PE93047,PE,Ford Motor Company,MERCURY,VILLAGER,1993-1993,STRUCTURE,POWER DOOR LOCK FAILURE,19930507,19930811,96,,closed_no_recall,,,car_or_light_truck
PE93049,PE,"General Motors, LLC",CHEVROLET,P30,1990-1990,PARKING BRAKE,PARKING BRAKE SYSTEM,19930517,19930930,136,,upgraded_to_EA,EA93023,94V183000,car_or_light_truck
PE93051,PE,"Chrysler (FCA US, LLC)",JEEP,WRANGLER,1992-1992,VEHICLE SPEED CONTROL:LINKAGES,FUEL LINE LEAKAGE,19930518,19930819,93,,upgraded_to_EA,EA93031,94V106000,car_or_light_truck
PE93054,PE,"Chrysler (FCA US, LLC)",DODGE,AD100; AD150; D150; D250; D350; RAM 1500,1989-1993,"SERVICE BRAKES, HYDRAULIC",POOR BRAKE PERFORMANCE,19930527,19931229,216,,closed_no_recall,,,car_or_light_truck
PE93056,PE,"Chrysler (FCA US, LLC)",CHRYSLER; DODGE; PLYMOUTH,CARAVAN; TOWN AND COUNTRY; VOYAGER,1991-1991,VEHICLE SPEED CONTROL:LINKAGES,MELTED THROTTLE CABLES,19930609,19930914,97,,upgraded_to_EA,EA93031,94V106000,car_or_light_truck
PE93057,PE,"Chrysler (FCA US, LLC)",JEEP,CHEROKEE; WRANGLER,1989-1993,POWER TRAIN,DRIVESHAFT/UNIV.JOINT FAIL,19930614,19931029,137,,upgraded_to_EA,EA93025,,car_or_light_truck
PE93058,PE,Ford Motor Company,FORD; LINCOLN; MERCURY,CONTINENTAL; SABLE; TAURUS,1987-1993,STEERING,BROKEN TIE RODS,19930615,19940216,246,,upgraded_to_EA,EA94008,,car_or_light_truck
PE93059,PE,Ford Motor Company,FORD,F SUPER DUTY,1990-1990,VEHICLE SPEED CONTROL:LINKAGES,FUEL LINE ROUTING,19930621,19931029,130,,upgraded_to_EA,EA93026,94V040000,car_or_light_truck
PE93060,PE,Honda (American Honda Motor Co.),HONDA,PRELUDE,1992-1992,STEERING,4WHL STEERING SENSOR FAILS,19930622,19931029,129,,closed_no_recall,,,car_or_light_truck
PE93061,PE,Hyundai Motor America,HYUNDAI,SONATA,1989-1992,SEAT BELTS,PASS.RESTRAINT SYSTEM FAIL,19930708,19931130,145,93V196000,recall,,,car_or_light_truck
PE93062,PE,"General Motors, LLC",CHEVROLET; GMC,K10; K10703; K15,1993-1993,POWER TRAIN,PROPSHAFT TUBE FAILURE,19930712,19931027,107,93V165000,recall,,,car_or_light_truck
PE93063,PE,"Nissan North America, Inc.",NISSAN,MAXIMA,1992-1992,AIR BAGS,INADVER.AIR BAG DEPLOYMENT,19930712,19931008,88,,upgraded_to_EA,EA93024,94V007000,car_or_light_truck
PE93065,PE,Ford Motor Company,FORD; MERCURY,SABLE; TAURUS,1988-1992,VEHICLE SPEED CONTROL:LINKAGES,UNDERBODY FUEL LINE FAILS,19930715,19931130,138,,upgraded_to_EA,EA93033,,car_or_light_truck
PE93068,PE,"Chrysler (FCA US, LLC)",DODGE,DAYTONA,1990-1990,STRUCTURE,HOOD LATCH FAILURE,19930723,19931007,76,,upgraded_to_EA,EA94005,,car_or_light_truck
PE93069,PE,Ford Motor Company,FORD,L SERIES; LT8000,1992-1993,VEHICLE SPEED CONTROL:LINKAGES,THROTTLE NOT RETURNING,19930727,19930930,65,93V160000,recall,EA93026,94V040000,car_or_light_truck
PE93070,PE,Ford Motor Company,FORD; LINCOLN; MERCURY,CONTINENTAL; SABLE; TAURUS,1991-1991,SUSPENSION,FAILURE OF WHEEL STUDS,19930727,19931122,118,,closed_no_recall,,,car_or_light_truck
PE93072,PE,"General Motors, LLC",SATURN,SATURN,1991-1993,"SERVICE BRAKES, HYDRAULIC",BRAKE DRAG/EFFECTIVENESS,19930729,19931129,123,,closed_no_recall,,,car_or_light_truck
PE93074,PE,Toyota Motor Corporation,TOYOTA,CAMRY,1990-1993,ELECTRICAL SYSTEM,ALLEGED BATTERY FAILURES,19930827,19931227,122,,upgraded_to_EA,EA93032,,car_or_light_truck
PE93075,PE,Ford Motor Company,FORD; MERCURY,COUGAR; THUNDERBIRD,1989-1992,VEHICLE SPEED CONTROL:LINKAGES,THRTTL VLV LINKAGE BUSHING,19930830,19931230,122,,upgraded_to_EA,EA93033,,car_or_light_truck
PE93076,PE,Ford Motor Company,FORD,ESCORT,1991-1991,VEHICLE SPEED CONTROL:LINKAGES,FUEL PUMP WIRING SHORTAGE,19930903,19940128,147,,upgraded_to_EA,EA93033,,car_or_light_truck
PE93077,PE,"Chrysler (FCA US, LLC)",JEEP,GRAND CHEROKEE,1993-1993,VEHICLE SPEED CONTROL:LINKAGES,FUEL TANK LEAKAGE,19930914,19940131,139,,upgraded_to_EA,EA94003,,car_or_light_truck
PE93078,PE,"General Motors, LLC",PONTIAC,LEMANS,1990-1992,SEAT BELTS,AUTO RESTRAINT SYST. FAILS,19930916,19940131,137,,upgraded_to_EA,EA94004,94V248000,car_or_light_truck
PE93080,PE,"Chrysler (FCA US, LLC)",JEEP,WRANGLER,1990-1990,VEHICLE SPEED CONTROL:LINKAGES,SENDING UNIT GASKET FAILS,19930922,19931215,84,,upgraded_to_EA,EA93031,94V106000,car_or_light_truck
PE93082,PE,Honda (American Honda Motor Co.),HONDA,CIVIC,1988-1991,ELECTRICAL SYSTEM,STALLING,19930923,19940131,130,,closed_no_recall,,,car_or_light_truck
PE93083,PE,Honda (American Honda Motor Co.),HONDA,ACCORD,1990-1990,VEHICLE SPEED CONTROL:LINKAGES,STALLING,19930927,19940131,126,,closed_no_recall,,,car_or_light_truck
PE93084,PE,"Chrysler (FCA US, LLC)",CHRYSLER; DODGE; PLYMOUTH,CARAVAN; TOWN AND COUNTRY; VOYAGER,1992-1992,STRUCTURE,REAR HATCH LATCH FAILURE,19930930,19940131,123,,upgraded_to_EA,EA94005,,car_or_light_truck
PE93085,PE,"General Motors, LLC",CHEVROLET; PONTIAC,GRAND PRIX; LUMINA; LUMINA APV,1990-1991,SUSPENSION,WHEEL FAILURES,19930929,19940228,152,94V041001,recall,,,car_or_light_truck
PE93086,PE,Ford Motor Company,FORD; LINCOLN; MERCURY,CROWN VICTORIA; GRAND MARQUIS; TOWN CAR,1992-1993,STRUCTURE,HOOD FLY-UP WHILE DRIVING,19931001,19940228,150,,closed_no_recall,,,car_or_light_truck
PE93087,PE,"SAAB CARS USA, INC.",SAAB,900,1990-1991,VEHICLE SPEED CONTROL:LINKAGES,FUEL PUMP FAILS/TANK LEAKS,19931005,19940228,146,,upgraded_to_EA,EA94011,,car_or_light_truck
PE93088,PE,"General Motors, LLC",OLDSMOBILE,TORONADO,1992-1992,SEAT BELTS:FRONT:RETRACTOR,SEAT BELT RETRACTOR FAILS,19931007,19940228,144,,upgraded_to_EA,EA94004,94V248000,car_or_light_truck
PE93089,PE,"General Motors, LLC",CHEVROLET; GMC,C10; C1500; C20; C2500; C30; C3500,1991-1991,VEHICLE SPEED CONTROL:LINKAGES,FUEL TANK SUPPORT FAILURE,19931008,19940210,125,,closed_no_recall,,,car_or_light_truck
PE93090,PE,"General Motors, LLC",CHEVROLET; PONTIAC,CAVALIER; SUNBIRD,1988-1991,ENGINE AND ENGINE COOLING,ENGINE COMPARTMENT FIRES,19931008,19940228,143,,upgraded_to_EA,EA94029,,car_or_light_truck
PE93091,PE,"Chrysler (FCA US, LLC)",JEEP,GRAND CHEROKEE,1993-1993,STEERING,STEERING SHAFT FAILURE,19931013,19940125,104,93V210000,recall,,,car_or_light_truck
PE93092,PE,Honda (American Honda Motor Co.),ACURA,LEGEND,1987-1987,VEHICLE SPEED CONTROL:LINKAGES,FUEL TANK LEAKAGE,19931015,19940228,136,,closed_no_recall,,,car_or_light_truck
PE93094,PE,"General Motors, LLC",GMC,SCHOOL BUSES,1988-1992,POWER TRAIN,DRIVESHAFT FAILURES,19931101,19940207,98,,upgraded_to_EA,EA94024,,car_or_light_truck
PE93095,PE,"Volvo Car USA, LLC",VOLVO,240; 740; 760; 780; 940; 960,1991-1991,AIR BAGS,INADVER.AIR BAG DEPLOYMENT,19931123,19940420,148,,upgraded_to_EA,EA94015,94V185000,car_or_light_truck
PE93098,PE,"General Motors, LLC",CHEVROLET,CAPRICE,1991-1992,SUSPENSION,LWR BALL JOINT ASSEM.FAILS,19931130,19940330,120,,closed_no_recall,,,car_or_light_truck
PE93099,PE,Ford Motor Company,FORD,TAURUS,1988-1989,STEERING,STEERING LCK-UP/IMPEDIMENT,19931130,19940328,118,,upgraded_to_EA,EA94022,,car_or_light_truck
PE93100,PE,Ford Motor Company,FORD; MERCURY,SABLE; TAURUS,1986-1993,SUSPENSION,POLYCAST ROAD WHEEL CRACKS,19931202,19940630,210,,closed_no_recall,,,car_or_light_truck
PE93101,PE,"Nissan North America, Inc.",NISSAN,SENTRA,1991-1993,VEHICLE SPEED CONTROL:LINKAGES,STALLING,19931130,19940331,121,,closed_no_recall,,,car_or_light_truck
PE93102,PE,"SAAB CARS USA, INC.",SAAB,900,1988-1988,SEATS:FRONT ASSEMBLY:RECLINER,SEAT BACK RECLINER FAILURE,19931208,19940421,134,,closed_no_recall,,,car_or_light_truck
PE94002,PE,"Chrysler (FCA US, LLC)",JEEP,GRAND CHEROKEE,1994-1994,VEHICLE SPEED CONTROL:LINKAGES,QUICK-CONNECT FUEL LINE FAILURE,19940113,19940526,133,,upgraded_to_EA,EA94016,,car_or_light_truck
PE94003,PE,"Hyundai Motor America; Mitsubishi Motors North America, Inc.",HYUNDAI; MITSUBISHI,EXCEL; PRECIS,1986-1989,VISIBILITY:DEFROSTER/DEFOGGER/HVAC SYSTEM,HEATER CORE FAILURE,19940114,19940610,147,94V103000; 94V103001,recall,,,car_or_light_truck
PE94004,PE,Ford Motor Company,FORD,F-350; F350,1988-1994,"SERVICE BRAKES, HYDRAULIC",HYDRAULIC BRAKE LINE CRACKS/LEAKS,19940125,19940429,94,,closed_no_recall,,,car_or_light_truck
PE94006,PE,"General Motors, LLC",OLDSMOBILE,88,1992-1992,POWER TRAIN,INADVERTENT SHIFT OF TRANSMISSION,19940128,19940630,153,,upgraded_to_EA,EA94024,,car_or_light_truck
PE94007,PE,Honda (American Honda Motor Co.),ACURA,NSX,1990-1993,SUSPENSION,PREMATURE REAR TIRE WEAR,19940128,19940929,244,,closed_no_recall,,,car_or_light_truck
PE94008,PE,"Chrysler (FCA US, LLC)",DODGE,RAM,1994-1994,SEAT BELTS:FRONT:BUCKLE ASSEMBLY,SEAT BELT,19940128,19940629,152,,upgraded_to_EA,EA94019,95V005000,car_or_light_truck
PE94009,PE,"General Motors, LLC; Mazda Motor Corp.",MAZDA; OLDSMOBILE,88; RX-7,1992-1993,ENGINE AND ENGINE COOLING:COOLING SYSTEM,TURBOCHARGER MALFUNCTION,19940131,19940524,113,94V094000,recall,EA94029,,car_or_light_truck
PE94010,PE,Ford Motor Company,FORD,MUSTANG,1989-1991,VEHICLE SPEED CONTROL:LINKAGES,FUEL LINE ROUTING,19940202,19940419,76,,closed_no_recall,,,car_or_light_truck
PE94011,PE,"General Motors, LLC; Suzuki Motor USA, LLC",GEO; SUZUKI,SIDEKICK; TRACKER,1993-1994,SUSPENSION,REAR AXLE HOUSING FAILURE,19940203,19940420,76,94V073001; 94V073002,recall,,,car_or_light_truck
PE94012,PE,"General Motors, LLC",CHEVROLET; GMC,C10; C20; PICKUP; PICKUP TRUCK,1991-1993,VEHICLE SPEED CONTROL:LINKAGES,CNG FUEL TANK FAILURE,19940207,19940328,49,94V044001,recall,,,car_or_light_truck
PE94013,PE,"Chrysler (FCA US, LLC)",DODGE,DAKOTA,1994-1994,ENGINE AND ENGINE COOLING,ENGINE FIRES,19940209,19940630,141,,closed_no_recall,,,car_or_light_truck
PE94015,PE,Ford Motor Company,FORD,CROWN VICTORIA,1993-1993,ELECTRICAL SYSTEM,GROUNDING STRAP ROUTING,19940214,19940629,135,,upgraded_to_EA,EA94020,,car_or_light_truck
PE94018,PE,"Nissan North America, Inc.",NISSAN,300ZX; MAXIMA,1986-1988,ENGINE AND ENGINE COOLING,ENGINE COMPARTMENT FIRES,19940222,19940623,121,,closed_no_recall,,,car_or_light_truck
PE94019,PE,"General Motors, LLC",SATURN,SATURN,1992-1993,ENGINE AND ENGINE COOLING,ENGINE MOUNT FAILURES,19940302,19940629,119,,upgraded_to_EA,EA94029,,car_or_light_truck
PE94021,PE,Ford Motor Company,FORD,AEROSTAR,1987-1989,SEAT BELTS:FRONT:BUCKLE ASSEMBLY,SEAT BELT BUCKLE FAILURE,19940304,19940719,137,,upgraded_to_EA,EA94025,,car_or_light_truck
PE94023,PE,"Volkswagen Group of America, Inc.",AUDI,100; 200; 80; 90,1990-1990,AIR BAGS,INADVERTENT AIR BAG DEPLOYMENT,19940307,19940719,134,,upgraded_to_EA,EA94026,97V172000,car_or_light_truck
PE94024,PE,"Chrysler (FCA US, LLC)",CHRYSLER; DODGE; PLYMOUTH,CARAVAN; CARAVAN C/K; GRAND CARAVAN; GRAND VOYAGER; TOWN AND COUNTRY; VOYAGER,1991-1993,"SERVICE BRAKES, HYDRAULIC",ABS BRAKING SYSTEM FAILS,19940307,19940729,144,,upgraded_to_EA,EA94028,96V099000,car_or_light_truck
PE94026,PE,Ford Motor Company,FORD,AEROMAX,1992-1994,STRUCTURE,AIR HOSE ASSEMBLY,19940311,19940620,101,,closed_no_recall,,,car_or_light_truck
PE94027,PE,"Chrysler (FCA US, LLC)",DODGE; EAGLE,MONACO; PREMIER,1988-1992,SEAT BELTS,AUTO SHOULDER BELT FAILS,19940318,19940729,133,,upgraded_to_EA,EA94019,95V005000,car_or_light_truck
PE94028,PE,"General Motors, LLC",SATURN,SATURN,1992-1994,SUSPENSION,BROKEN REAR SPINDLES,19940324,19940608,76,,closed_no_recall,,,car_or_light_truck
PE94030,PE,Ford Motor Company,FORD,B600; B700 SCHOOL BUS,1988-1993,STEERING,STEERING GEAR MALFUNCTIONS,19940325,19940630,97,94V118000,recall,EA94022,,car_or_light_truck
PE94031,PE,"General Motors, LLC",CHEVROLET; GMC,CHEVROLET; GMC,1989-1993,ENGINE AND ENGINE COOLING,ENGINE COMPARTMENT FIRES,19940329,19940729,122,,upgraded_to_EA,EA94029,,car_or_light_truck
PE94032,PE,Ford Motor Company,FORD,CROWN VICTORIA,1992-1993,STEERING,STEERING POWER ASSIST FAILURE,19940408,19940630,83,,upgraded_to_EA,EA94022,,car_or_light_truck
PE94034,PE,Ford Motor Company,FORD,F-SERIES,1986-1988,ELECTRICAL SYSTEM,UNDER DASH FIRES,19940425,19940831,128,,upgraded_to_EA,EA95002,96V071000,car_or_light_truck
PE94035,PE,"Nissan North America, Inc.",NISSAN,ALTIMA,1993-1993,SEAT BELTS,SEAT BELT LOCK-UP,19940426,19940831,127,,closed_no_recall,,,car_or_light_truck
PE94037,PE,"Chrysler (FCA US, LLC)",JEEP,WRANGLER,1987-1990,SEAT BELTS:FRONT:BUCKLE ASSEMBLY,SEAT BELT BUCKLE FAILURE,19940426,19940830,126,,upgraded_to_EA,EA94031,,car_or_light_truck
PE94038,PE,"Chrysler (FCA US, LLC)",DODGE,DAKOTA; PICKUP,1994-1994,STEERING,STEERING LOCK-UP/IMPEDIMNT,19940502,19940809,99,,closed_no_recall,,,car_or_light_truck
PE94039,PE,Ford Motor Company,FORD,PROBE,1990-1991,SEAT BELTS,PASS.RESTRAINT MALFUNCTION,19940504,19940908,127,,upgraded_to_EA,EA94032,96V172001; 96V172002,car_or_light_truck
PE94040,PE,"General Motors, LLC",CHEVROLET,BERETTA; CORSICA,1993-1993,AIR BAGS,IMPROP. AIR BAG DEPLOYMENT,19940506,19940927,144,,closed_no_recall,,,car_or_light_truck
PE94042,PE,"General Motors, LLC",CHEVROLET; PONTIAC,CAVALIER; SUNBIRD,1994-1994,EXTERIOR LIGHTING,HORN BUTTON FALLING OFF,19940523,19940929,129,,closed_no_recall,,,car_or_light_truck
PE94043,PE,Hyundai Motor America,HYUNDAI,EXCEL; SONATA,1986-1991,ELECTRICAL SYSTEM,CHARGING SYSTEM FAILURES,19940527,19941031,157,,closed_no_recall,,,car_or_light_truck
PE94044,PE,Ford Motor Company,FORD,EXPLORER,1991-1992,ENGINE AND ENGINE COOLING,ENGINE COOLING FAN CRACKS,19940610,19940831,82,,closed_no_recall,,,car_or_light_truck
PE94046,PE,"General Motors, LLC",CHEVROLET; GMC,BLAZER; JIMMY; PICKUP; PICKUP TRUCK; S10; SONOMA,1991-1994,"SERVICE BRAKES, HYDRAULIC",ABS BRAKING SYSTEM FAILS,19940617,19941031,136,,upgraded_to_EA,EA94038,99I006000; 99V193000,car_or_light_truck
PE94047,PE,Ford Motor Company,FORD,ECOSTAR,1993-9999,ELECTRICAL SYSTEM,BATTERY FIRES,19940616,19940923,99,94V175000,recall,EA95002,96V071000,car_or_light_truck
PE94048,PE,"General Motors, LLC",BUICK; CHEVROLET; OLDSMOBILE; PONTIAC,6000; CELEBRITY; CIERA; CUTLASS; REGAL,1986-1992,ENGINE AND ENGINE COOLING,SUB-FRAME ABSORBER FAILURE,19940621,19941230,192,,closed_no_recall,,,car_or_light_truck
PE94050,PE,"General Motors, LLC",CHEVROLET,BLAZER,1989-1989,ELECTRICAL SYSTEM,FIRE IN DASH/INSTRUM.CLSTR,19940627,19940914,79,,upgraded_to_EA,EA94033,,car_or_light_truck
PE94051,PE,"Subaru of America, Inc.",SUBARU,JUSTY; LEGACY; LOYALE,1987-1991,STRUCTURE,HOOD LATCH FAILURE,19940629,19941031,124,,closed_no_recall,,,car_or_light_truck
PE94052,PE,Honda (American Honda Motor Co.),HONDA,CIVIC,1986-1991,SEAT BELTS:FRONT:BUCKLE ASSEMBLY,SEAT BELT BUCKLE FAILS,19940711,19941027,108,,upgraded_to_EA,EA94035,95V103001,car_or_light_truck
PE94053,PE,"General Motors, LLC",CADILLAC,ELDORADO; SEVILLE,1993-1994,ENGINE AND ENGINE COOLING,ENGINE COMPARTMENT FIRES,19940714,19940916,64,94V158000,recall,,,car_or_light_truck
PE94054,PE,Isuzu Motors Limited,ISUZU,RODEO,1992-1992,SUSPENSION,REAR AXLE FAILURE,19940714,19941128,137,,closed_no_recall,,,car_or_light_truck
PE94055,PE,Honda (American Honda Motor Co.),HONDA,CIVIC,1993-1993,STEERING,ALLEGED STEERING LOCKUP,19940720,19941230,163,,closed_no_recall,,,car_or_light_truck
PE94056,PE,"Chrysler (FCA US, LLC)",DODGE,INTREPID,1993-1994,STRUCTURE,TRUNK LID SUPPORT FAILURE,19940726,19941130,127,,upgraded_to_EA,EA94040,,car_or_light_truck
PE94057,PE,"BMW of North America, LLC",BMW,525,1991-1991,STEERING,STEERING LCK-UP/IMPEDIMENT,19940726,19941125,122,,closed_no_recall,,,car_or_light_truck
PE94058,PE,Ford Motor Company,FORD,MUSTANG,1992-1993,"SERVICE BRAKES, HYDRAULIC",FRONT BRAKE ROTOR FAILURE,19940725,19941011,78,,closed_no_recall,,,car_or_light_truck
PE94059,PE,Mazda North American Operations,MAZDA,PROTEGE,1990-1993,SEAT BELTS,AUTO RESTRAINT SYSTEM FAIL,19940728,19941130,125,,upgraded_to_EA,EA94039,97V211000,car_or_light_truck
PE94060,PE,"Chrysler (FCA US, LLC)",EAGLE,PREMIER,1988-1989,ENGINE AND ENGINE COOLING,ENGINE COMPARTMENT FIRES,19940803,19941229,148,,closed_no_recall,,,car_or_light_truck
PE94062,PE,"General Motors, LLC",CHEVROLET,BERETTA; CORSICA,1991-1992,STEERING,STEERING COLUMN SMK/FLAMES,19940804,19941230,148,,closed_no_recall,,,car_or_light_truck
PE94063,PE,"General Motors, LLC",BUICK; CHEVROLET; OLDSMOBILE; PONTIAC,CUTLASS; GRAND PRIX; LUMINA; REGAL,1988-1993,"SERVICE BRAKES, HYDRAULIC",CORRODED REAR DISK BRAKES,19940812,19941221,131,,closed_no_recall,,,car_or_light_truck
PE94064,PE,"General Motors, LLC",CHEVROLET,LUMINA APV,1991-1991,"SERVICE BRAKES, HYDRAULIC",BROKEN/LEAKING BRAKE HOSES,19940818,19941031,74,,upgraded_to_EA,EA94038,99I006000; 99V193000,car_or_light_truck
PE94065,PE,Ford Motor Company,FORD,E250; E350; F250; F350,1985-1987,VEHICLE SPEED CONTROL:LINKAGES,FUEL INJECTOR PUMP FAILS,19940819,19941228,131,,upgraded_to_EA,EA95011,,car_or_light_truck
PE94067,PE,Mazda Motor Corp.,MAZDA,929,1990-1990,"SERVICE BRAKES, HYDRAULIC",BRAKE FLUID LEAKS,19940819,19941123,96,,closed_no_recall,,,car_or_light_truck
PE94068,PE,"Volkswagen Group of America, Inc.",VOLKSWAGEN,JETTA,1991-1991,SUSPENSION,REAR WHEEL SEPARATION,19940914,19941230,107,,closed_no_recall,,,car_or_light_truck
PE94069,PE,"Chrysler (FCA US, LLC)",DODGE,SHADOW,1992-1993,UNKNOWN OR OTHER,INTERIOR FIRES,19940914,19950131,139,,closed_no_recall,,,car_or_light_truck
PE94070,PE,"General Motors, LLC",CHEVROLET; OLDSMOBILE; PONTIAC,LUMINA APV; SILHOUETTE; TRANS SPORT,1992-1994,POWER TRAIN,TRNSAXL OIL HOSE SEPARATES,19940915,19950118,125,,closed_no_recall,,,car_or_light_truck
PE94072,PE,"Chrysler (FCA US, LLC)",DODGE,RAM 2500; RAM 3500,1994-1994,POWER TRAIN,TRANS HOSE SEPARATION,19941003,19950322,170,,closed_no_recall,,,car_or_light_truck
PE94073,PE,Ford Motor Company,FORD,CROWN VICTORIA; GRAND MARQUIS,1992-1993,"SERVICE BRAKES, HYDRAULIC",BRAKE LINE PUNCTURES,19941004,19941228,85,,upgraded_to_EA,EA95018,96V024001; 96V024002,car_or_light_truck
PE94074,PE,"Chrysler (FCA US, LLC)",EAGLE; PLYMOUTH,LASER; TALON,1990-1993,STRUCTURE,HOOD FLY-UP,19941012,19950224,135,,closed_no_recall,,,car_or_light_truck
PE94075,PE,Mazda Motor Corp.,MAZDA,MX-3; MX3,1992-1994,ELECTRICAL SYSTEM,ALTERNATOR FIRES,19941012,19941221,70,,closed_no_recall,,,car_or_light_truck
PE94077,PE,Ford Motor Company,FORD; MERCURY,CROWN VICTORIA; GRAND MARQUIS,1992-1992,VEHICLE SPEED CONTROL:LINKAGES,FUEL LINE INTERFERENCE,19941104,19950329,145,,upgraded_to_EA,EA95011,,car_or_light_truck
PE94078,PE,Ford Motor Company,FORD,ESCORT,1990-1990,ELECTRICAL SYSTEM,FIRES IN STEERING COLUMN,19941104,19950224,112,,upgraded_to_EA,EA95002,96V071000,car_or_light_truck
PE94080,PE,"Mitsubishi Motors North America, Inc.",MITSUBISHI,MITSUBISHI,1986-1991,SEAT BELTS,TAKATA SEAT BLT BCKLS FAIL,19941114,19950310,116,,upgraded_to_EA,EA95004,95V103004,car_or_light_truck
PE94081,PE,Mazda North American Operations,MAZDA,MAZDA,1986-1991,SEAT BELTS,TAKATA SEAT BLT BCKLS FAIL,19941114,19950310,116,,upgraded_to_EA,EA95005,95V103005,car_or_light_truck
PE94082,PE,"Suzuki Motor USA, LLC",SUZUKI,SUZUKI,1986-1991,SEAT BELTS,TAKATA SEAT BLT BCKLS FAIL,19941114,19950310,116,,upgraded_to_EA,EA95006,95V103008,car_or_light_truck
PE94083,PE,"Nissan North America, Inc.",NISSAN,NISSAN,1986-1991,SEAT BELTS,TAKATA SEAT BLT BCKLS FAIL,19941114,19950310,116,,upgraded_to_EA,EA95007,95V103002,car_or_light_truck
PE94084,PE,"Subaru of America, Inc.",SUBARU,SUBARU,1986-1991,SEAT BELTS,TAKATA SEAT BLT BCKLS FAIL,19941114,19950310,116,,closed_no_recall,,,car_or_light_truck
PE94085,PE,Isuzu Motors Limited,ISUZU,ISUZU,1986-1991,SEAT BELTS,TAKATA SEAT BLT BCKLS FAIL,19941114,19950310,116,,upgraded_to_EA,EA95009,95V103009,car_or_light_truck
PE94087,PE,Ford Motor Company,FORD,ECONOLINE; F-250; F-350,1994-1994,POWER TRAIN,TRNS OIL COOLER LINE FAILS,19941118,19950331,133,,upgraded_to_EA,EA95012,96I003001; 96I003002,car_or_light_truck
PE94088,PE,"BMW of North America, LLC",BMW,525,1991-1991,AIR BAGS,AIR BAG WIRING FAILURE,19941125,19950331,126,96V110000,recall,EA95013,96V110000,car_or_light_truck
PE94089,PE,Ford Motor Company,FORD,ESCORT,1990-1990,"SERVICE BRAKES, HYDRAULIC",FRONT BRAKE FIRES,19941125,19950324,119,,upgraded_to_EA,EA95018,96V024001; 96V024002,car_or_light_truck
PE94092,PE,"General Motors, LLC; Takata (TK Global, LLC)",GEO; TAKATA,METRO; TAKATA; TRACKER,1986-1991,SEAT BELTS,TAKATA SEAT BLT BCKLS FAIL,19941221,19950425,125,,upgraded_to_EA,EA95014,95V103007,car_or_light_truck
PE94093,PE,"Chrysler (FCA US, LLC); Takata (TK Global, LLC)",DODGE; TAKATA,COLT; TAKATA,1986-1991,SEAT BELTS,TAKATA SEAT BLT BCKLS FAIL,19941221,19950802,224,95V103001; 95V103002; 95V103003; 95V103004; 95V103005; 95V103006; 95V103007; 95V103008; 95V103009; 95V103010; 95V103011,recall,,,car_or_light_truck
PE94095,PE,"Chrysler (FCA US, LLC)",DODGE; PLYMOUTH,NEON,1995-1995,STEERING,LOSS OF STEERING CONTROL,19941228,19950425,118,,upgraded_to_EA,EA95029,96V229000,car_or_light_truck
PE95001,PE,Ford Motor Company,FORD,EXPLORER,1991-1994,"SERVICE BRAKES, HYDRAULIC",BRAKE MASTER CYLINDER/BOOSTER SEPARATION,19950103,19950619,167,,upgraded_to_EA,EA95018,96V024001; 96V024002,car_or_light_truck
PE95002,PE,"Chrysler (FCA US, LLC)",DODGE; PLYMOUTH,SHADOW; SUNDANCE,1991-1992,SEATS,SEAT BACK FAILURE,19950113,19950531,138,,upgraded_to_EA,EA95017,97V078000,car_or_light_truck
PE95004,PE,"Chrysler (FCA US, LLC)",DODGE,DAKOTA; RAM; RAM 1500; RAM 2500; RAM 3500; RAM WAGON,1991-1991,STEERING,STEERING WHEEL SEPARATION,19950119,19950511,112,95V089000,recall,EA95029,96V229000,car_or_light_truck
PE95007,PE,Ford Motor Company,LINCOLN,MARK VIII,1995-1995,"SERVICE BRAKES, HYDRAULIC",BRAKE PEDAL SEPARATION FROM PIVOT ARM,19950201,19950504,92,,upgraded_to_EA,EA95018,96V024001; 96V024002,car_or_light_truck
PE95009,PE,"SAAB CARS USA, INC.",SAAB,9000,1986-1991,ELECTRICAL SYSTEM,PASSENGER COMPARTMENT FIRES,19950210,19950630,140,,upgraded_to_EA,EA95020,,car_or_light_truck
PE95010,PE,"General Motors, LLC",CHEVROLET,BLAZER,1994-1994,"SERVICE BRAKES, HYDRAULIC",BRAKE PEDAL SEPARATION FROM PIVOT ARM,19950215,19950526,100,,upgraded_to_EA,EA95026,01I006000,car_or_light_truck
PE95013,PE,Ford Motor Company,FORD,FESTIVA,1988-1991,SEAT BELTS:FRONT:BUCKLE ASSEMBLY,SEAT BELT FAILURE OR MALFUNCTION,19950223,19950728,155,95V103011,recall,EA95021,,car_or_light_truck
PE95014,PE,"Chrysler (FCA US, LLC)",DODGE; PLYMOUTH,CARAVAN; VOYAGER,1990-1990,SEAT BELTS:REAR/OTHER,REAR SEAT ANCHORAGES,19950223,19950707,134,,closed_no_recall,,,car_or_light_truck
PE95019,PE,Ford Motor Company,FORD; MERCURY,COUGAR; THUNDERBIRD,1987-1990,SEAT BELTS:FRONT:BUCKLE ASSEMBLY,FAULTY SEATBELT BUCKLES,19950327,19950731,126,,upgraded_to_EA,EA95021,,car_or_light_truck
PE95020,PE,"Chrysler (FCA US, LLC)",JEEP,WRANGLER,1987-1990,SEATS,SEAT BACK FAILURE,19950327,19950728,123,,closed_no_recall,,,car_or_light_truck
PE95024,PE,"Nissan North America, Inc.",NISSAN,D21,1994-1995,"SERVICE BRAKES, HYDRAULIC",INADVERTENT RELEASE OF PARKING BRAKE,19950412,19950727,106,,closed_no_recall,,,car_or_light_truck
PE95025,PE,"General Motors, LLC",CADILLAC,DEVILLE,1994-1994,UNKNOWN OR OTHER,DASH TRIM PIECE SEPARATION,19950501,19950831,122,,upgraded_to_EA,EA95025,,car_or_light_truck
PE95026,PE,Ford Motor Company,FORD,TAURUS,1992-1992,UNKNOWN OR OTHER,PLASTIC TRIM PANEL SEPARATION,19950501,19950831,122,,closed_no_recall,,,car_or_light_truck
PE95027,PE,Ford Motor Company,MERCURY,GRAND MARQUIS,1994-1994,AIR BAGS:FRONTAL,PASSENGER AIR BAG DETACHMENT,19950503,19950831,120,,upgraded_to_EA,EA95022,,car_or_light_truck
PE95034,PE,"General Motors, LLC",CHEVROLET,PRIZM,1990-1990,UNKNOWN OR OTHER,HOOD FLY UP,19950605,19951026,143,,closed_no_recall,,,car_or_light_truck
PE95035,PE,"General Motors, LLC",GEO,STORM,1990-1991,STEERING,STEERING COLUMN LOOSENING,19950607,19951010,125,,closed_no_recall,,,car_or_light_truck
PE95037,PE,Ford Motor Company,MERCURY,VILLAGER,1993-1993,VISIBILITY:DEFROSTER/DEFOGGER/HVAC SYSTEM,FRONT BLOWER ASSEMBLY FIRE,19950619,19950922,95,,closed_no_recall,,,car_or_light_truck
PE95038,PE,"Nissan North America, Inc.",NISSAN,MAXIMA,1995-1995,SEATS,SEAT TRACKS,19950620,19951031,133,,upgraded_to_EA,EA95032,,car_or_light_truck
PE95041,PE,"Chrysler (FCA US, LLC)",DODGE,DAKOTA,1991-1992,POWER TRAIN,INADVERTENT MOVEMENT OF SHIFTER,19950623,19960531,343,,upgraded_to_EA,EA96006,00V106000,car_or_light_truck
PE95049,PE,"Chrysler (FCA US, LLC)",JEEP,CHEROKEE; GRAND CHEROKEE; WAGONEER; WRANGLER,1990-1995,SUSPENSION,REAR AXLE SHAFT SEPARATION,19950817,19960126,162,,closed_no_recall,,,car_or_light_truck
PE95050,PE,"General Motors, LLC",CHEVROLET; GMC,C10; C15; C20; C25; C30; C35,1993-1994,SEATS,FRONT SEAT BACK COLLAPSE,19950922,19951222,91,95V246000,recall,,,car_or_light_truck
PE95051,PE,"Chrysler (FCA US, LLC)",DODGE,VIPER,1992-1994,STRUCTURE,CANVAS SOFT-TOP FLY-OFF,19951010,19960229,142,,upgraded_to_EA,EA96001,,car_or_light_truck
PE95052,PE,"General Motors, LLC",CHEVROLET; GMC,C10; C15; C20; C25; C30; C35,1995-1995,STEERING: STEERING WHEEL/HANDLE BAR,STEERING SHAFT SEPARATIONS,19951025,19960322,149,,closed_no_recall,,,car_or_light_truck
PE95053,PE,"Chrysler (FCA US, LLC)",CHRYSLER; DODGE; PLYMOUTH,CARAVAN; GRAND CARAVAN; GRAND VOYAGER; TOWN AND COUNTRY; VOYAGER,1996-1996,ENGINE AND ENGINE COOLING:EXHAUST SYSTEM:EMISSION CONTROL,FUEL LEAKEAGE FROM ROLLOVER VALVE,19951025,19951222,58,95V236000,recall,,,car_or_light_truck
PE95058,PE,Ford Motor Company,FORD,L9000,1995-1995,"SERVICE BRAKES, HYDRAULIC",FRONT BRAKE FAILURE,19951117,19960318,122,,upgraded_to_EA,EA96017,,car_or_light_truck
PE95062,PE,"General Motors, LLC",CHEVROLET; OLDSMOBILE; PONTIAC,LUMINA APV; SILHOUETTE; TRANS SPORT,1994-1994,ELECTRICAL SYSTEM:WIRING,PASSENGER SIDE DASH FIRES,19951209,19960410,123,,closed_no_recall,,,car_or_light_truck
PE96001,PE,"General Motors, LLC",CHEVROLET,CAPRICE; IMPALA,1996-1996,SUSPENSION,REAR WHEEL SEPARATION,19960104,19960531,148,96V245000,recall,EA96007,,car_or_light_truck
PE96002,PE,"General Motors, LLC",CHEVROLET; OLDSMOBILE; PONTIAC,LUMINA APV; SILHOUETTE; TRANS SPORT,1992-1992,"SERVICE BRAKES, HYDRAULIC",FRONT BRAKE HOSE FAILURE,19960105,19960416,102,,closed_no_recall,,,car_or_light_truck
PE96003,PE,"Chrysler (FCA US, LLC)",DODGE,DAKOTA,1990-1990,STEERING,STEER RCK +PINION MNT FAIL,19960116,19960610,146,96V094000,recall,,,car_or_light_truck
PE96004,PE,"Chrysler (FCA US, LLC); Mitsubishi Motors North America, Inc.",DODGE; MITSUBISHI,3000GT; STEALTH,1992-1993,VISIBILITY,GLASS SUNROOF SHATTERING,19960117,19960531,135,,closed_no_recall,,,car_or_light_truck
PE96005,PE,Ford Motor Company,FORD; MERCURY,TEMPO; TOPAZ,1984-1991,"SERVICE BRAKES, HYDRAULIC",REAR BRK ADJUSTER FAILURE,19960119,19960528,130,,upgraded_to_EA,EA96017,,car_or_light_truck
PE96006,PE,"Mitsubishi Motors North America, Inc.",MITSUBISHI,MIRAGE,1989-1993,SEAT BELTS,AUTO SHOULDER BELT FAILURE,19960119,19960628,161,97V063001,recall,EA96015,97V063001; 97V073001,car_or_light_truck
PE96007,PE,"Chrysler (FCA US, LLC)",DODGE; EAGLE; PLYMOUTH,COLT; SUMMIT,1989-1993,SEAT BELTS,AUTO SHOULDER BELT FAILURE,19960119,19960628,161,,upgraded_to_EA,EA96014,97V063002; 97V073001; 97V073002,car_or_light_truck
PE96008,PE,"Chrysler (FCA US, LLC)",CHRYSLER; DODGE; JEEP; PLYMOUTH,ACCLAIM; CARAVAN; GRAND CARAVAN; GRAND CHEROKEE; GRAND VOYAGER; SHADOW,1991-1996,SEAT BELTS,SAFETY BLT LATCH OPERATION,19960125,19960628,155,,upgraded_to_EA,EA96014,97V063002; 97V073001; 97V073002,car_or_light_truck
PE96009,PE,Ford Motor Company,MERCURY,VILLAGER,1993-1993,ELECTRICAL SYSTEM,BATTERY EXPLOSION,19960125,19960530,126,,upgraded_to_EA,EA96005,,car_or_light_truck
PE96011,PE,"General Motors, LLC",PONTIAC,GRAND PRIX,1994-1994,VISIBILITY,WINDSHIELD WIPER FAILURE,19960208,19960618,131,,upgraded_to_EA,EA96010,97V017000,car_or_light_truck
PE96013,PE,"Chrysler (FCA US, LLC)",DODGE,RAM PICKUP,1994-1995,VISIBILITY:WINDSHIELD WIPER/WASHER,WINDSHIELD WIPER FAILURES,19960222,19960628,127,,closed_no_recall,,,car_or_light_truck
PE96014,PE,Honda (American Honda Motor Co.),HONDA,ACCORD,1995-1995,AIR BAGS,OVERSENSITIVE AIR BAG DEPLOYMENT,19960223,19961031,251,96V217000,recall,,,car_or_light_truck
PE96015,PE,Ford Motor Company,FORD,WINDSTAR,1996-1996,POWER TRAIN:AUTOMATIC TRANSMISSION,FAILURE OF AUTO TRANS PARK LOCK SYSTEM,19960223,19960522,89,96V086000,recall,,,car_or_light_truck
PE96016,PE,Ford Motor Company,FORD,EXPLORER,1993-1994,"SERVICE BRAKES, HYDRAULIC:ANTILOCK/TRACTION CONTROL/ELECTRONIC LIMITED SLIP",WHEEL LOCKUP WITH ANTILOCK BRAKE SYSTEM,19960228,19960724,147,,upgraded_to_EA,EA96017,,car_or_light_truck
PE96018,PE,Ford Motor Company,FORD; MERCURY,SABLE; TAURUS,1993-1993,EXTERIOR LIGHTING:HEADLIGHTS,HEADLIGHTS FAILURE,19960305,19960731,148,,upgraded_to_EA,EA96019,98V009000,car_or_light_truck
PE96019,PE,"Volvo Car USA, LLC",VOLVO,740,1988-1989,ELECTRICAL SYSTEM:12V/24V/48V BATTERY:CABLES,BATTERY CABLE SHORT,19960304,19960521,78,96V085000,recall,,,car_or_light_truck
PE96020,PE,"Chrysler (FCA US, LLC); TRW, INCORPORATED",DODGE; TRW,AIR BAG INFLATOR; RAM,1994-9999,AIR BAGS:FRONTAL:DRIVER SIDE:INFLATOR MODULE,AIR BAG INFLATOR FAILURE,19960308,19961029,235,,closed_no_recall,,,car_or_light_truck
PE96022,PE,"Chrysler (FCA US, LLC)",DODGE,RAM 1500,1994-1995,STEERING:GEAR BOX:SHAFT PITMAN,ALLEGED FAILURE OF STEERING PITMAN SHAFT,19960322,19960731,131,,closed_no_recall,,,car_or_light_truck
PE96024,PE,Ford Motor Company,FORD,ECONOLINE,1994-1994,STEERING:GEAR BOX (OTHER THAN RACK AND PINION),SEPARATION OF STEERING GEAR FROM FRAME,19960327,19960718,113,,closed_no_recall,,,car_or_light_truck
PE96025,PE,"Chrysler (FCA US, LLC)",DODGE,RAM PICKUP,1994-1995,ENGINE AND ENGINE COOLING:EXHAUST SYSTEM:EMISSION CONTROL,EVAPORATIVE CANISTER LEAKAGE,19960327,19960729,124,,closed_no_recall,,,car_or_light_truck
PE96026,PE,Ford Motor Company,FORD,UNKNOWN,9999-9999,ELECTRICAL SYSTEM:ALTERNATOR/GENERATOR/REGULATOR,ALTERNATOR FIRES,19960409,19960930,174,,closed_no_recall,,,car_or_light_truck
PE96027,PE,Ford Motor Company; Mazda Motor Corp.; Mazda North American Operations; WAGNER ELEC. BRAKE/CLUTCH,FORD; MAZDA; WAGNER,BRAKE/CLUTCH; PROBE; RX-7; RX7,1989-9999,SEAT BELTS,MAZDA RX7 AUTOMATIC SEAT BELT FAILURE,19960416,19960930,167,96V173000,recall,,,car_or_light_truck
PE96029,PE,Ford Motor Company,FORD,CROWN VICTORIA,1995-1995,STEERING:LINKAGES,STEERING GEAR SECTOR SHAFT ARM (PITMAN A,19960417,19960730,104,96V135000,recall,,,car_or_light_truck
PE96030,PE,Ford Motor Company,FORD,F-150,1997-1997,SEAT BELTS:FRONT:ANCHORAGE,SEAT BELT ANCHORAGE SEPARATION,19960418,19960830,134,96V256000,recall,EA96020,96V256000,car_or_light_truck
PE96031,PE,"General Motors, LLC",CHEVROLET,LUMINA,1996-1996,AIR BAGS,INAPPROPRIATE AIR BAG DEPLOYMENT,19960418,19960927,162,,upgraded_to_EA,EA96023,,car_or_light_truck
PE96033,PE,Ford Motor Company,FORD; LINCOLN; MERCURY,CONTINENTAL; SABLE; TAURUS; TEMPO; TOPAZ,1991-1995,ENGINE AND ENGINE COOLING,ENGINE COOLING FAN FIRES,19960502,19960930,151,97V019000,recall,EA96024,97V019000,car_or_light_truck
PE96035,PE,"Chrysler (FCA US, LLC)",CHRYSLER; DODGE; PLYMOUTH,CARAVAN; TOWN AND COUNTRY; VOYAGER,1991-1993,STRUCTURE,ALLEGED REAR LIFTGATE SUPPORT FAILURE,19960506,19961031,178,97V079000,recall,EA96025,,car_or_light_truck
PE96036,PE,"Chrysler (FCA US, LLC)",CHRYSLER; DODGE; PLYMOUTH,ACCLAIM; CARAVAN; LEBARON; SHADOW; SPIRIT; SUNDANCE,1991-1992,VEHICLE SPEED CONTROL:LINKAGES,THROTTLE WILL NOT RETURN TO THE POSITION,19960514,19961031,170,,upgraded_to_EA,EA97002,,car_or_light_truck
PE96037,PE,"General Motors, LLC",CHEVROLET,CAPRICE,1994-1995,STEERING,STERRING WHEEL BREAKAGE,19960516,19960924,131,,upgraded_to_EA,EA96022,,car_or_light_truck
PE96038,PE,"Chrysler (FCA US, LLC)",CHRYSLER; DODGE; PLYMOUTH,CARAVAN; TOWN AND COUNTRY; VOYAGER,1996-1996,STRUCTURE,SLIDING DOOR LATCH FAILURE,19960516,19961015,152,,upgraded_to_EA,EA96025,,car_or_light_truck
PE96039,PE,"General Motors, LLC",CHEVROLET,PICKUP; PICKUP TRUCK,1993-1994,STRUCTURE,CRACKING/FRACTURE OF CHASSIS FRAME RAILS,19960517,19960930,136,,closed_no_recall,,,car_or_light_truck
PE96040,PE,Toyota Motor Corporation,TOYOTA,CAMRY,1992-1992,STRUCTURE,ENGINE COMPARTMENT HOOD SUPPORT FAILURES,19960522,19960904,105,,closed_no_recall,,,car_or_light_truck
PE96041,PE,Ford Motor Company,FORD,F SERIES,1995-1996,ELECTRICAL SYSTEM,VEHICLE ELECTRICAL FIRE,19960613,19961114,154,,closed_no_recall,,,car_or_light_truck
PE96042,PE,Ford Motor Company,FORD,WINDSTAR,1995-1996,"SERVICE BRAKES, HYDRAULIC",BRAKE PEDAL FADE/EXTENDED STOPPING,19960613,19961031,140,,upgraded_to_EA,EA96026,,car_or_light_truck
PE96044,PE,"Chrysler (FCA US, LLC)",DODGE,RAM 2500,1994-1994,VEHICLE SPEED CONTROL:LINKAGES,ALLEGED FUEL TANK LEAKAGE,19960627,19961129,155,,upgraded_to_EA,EA97002,,car_or_light_truck
PE96045,PE,"General Motors, LLC",CHEVROLET,BLAZER,1994-1994,SUSPENSION,ALLEGED FAILURE OF REAR LEAF SPRINGS,19960712,19961216,157,,closed_no_recall,,,car_or_light_truck
PE96047,PE,"Chrysler (FCA US, LLC)",DODGE,DODGE TRUCK,1984-1985,POWER TRAIN,STEERING COLUMN FAILURE/SEPARATION,19960715,19961113,121,96V230000,recall,,,car_or_light_truck
PE96048,PE,"General Motors, LLC",CHEVROLET,S10,1994-1994,STEERING,LOSS OF STEERING CONTROL,19960719,19961113,117,96V195000,recall,EA97007,,car_or_light_truck
PE96050,PE,Ford Motor Company,FORD,AEROSTAR,1988-1990,VEHICLE SPEED CONTROL:LINKAGES,CRACKED FUEL TANKS,19960806,19961220,136,,upgraded_to_EA,EA96030,98V190000,car_or_light_truck
PE96051,PE,"Chrysler (FCA US, LLC)",CHRYSLER; DODGE; PLYMOUTH,CARAVAN; GRAND CARAVAN; GRAND VOYAGER; TOWN AND COUNTRY; VOYAGER,1996-1996,VEHICLE SPEED CONTROL:LINKAGES,FUEL LEAKS FROM THE GAS TANK,19960819,19970131,165,99V216000,recall,EA97002,,car_or_light_truck
PE96052,PE,Ford Motor Company,FORD,F-250,1994-1996,SUSPENSION,SEPARATED FRONT SUSPENSION,19960823,19970127,157,,closed_no_recall,,,car_or_light_truck
PE96053,PE,"Chrysler (FCA US, LLC)",DODGE; EAGLE; JEEP,CHEROKEE; GRAND CHEROKEE; MONACO; PREMIER,1989-1993,"SERVICE BRAKES, HYDRAULIC",BRAKE DISC/HUB SEPARATION,19960905,19970113,130,,upgraded_to_EA,EA97001,98V005000,car_or_light_truck
PE96055,PE,Mazda Motor Corp.,MAZDA,MPV,1991-1992,VEHICLE SPEED CONTROL:LINKAGES,FUEL LIQUID-VAPOR SEPARATOR FAILURE,19960913,19961220,98,,upgraded_to_EA,EA96031,,car_or_light_truck
PE96056,PE,"General Motors, LLC",CHEVROLET,SUBURBAN,1995-1995,ELECTRICAL SYSTEM,UNDERSEAT VEHICLE FIRES,19960917,19970317,181,,closed_no_recall,,,car_or_light_truck
PE96057,PE,Hyundai Motor America,HYPERTEK,DOMINATOR,1997-1997,STRUCTURE,WHEEL FAILURE,19960927,19970527,242,,closed_no_recall,,,car_or_light_truck
PE96060,PE,Land Rover,LAND ROVER,DISCOVERY,1996-1996,STRUCTURE,DOOR OPEN WHILE DRIVING,19961021,19961216,56,96V247000,recall,,,car_or_light_truck
PE96061,PE,"General Motors, LLC",CHEVROLET,S10,1997-1997,SEAT BELTS:FRONT:WEBBING,SEAT BELT WEBBING SEPARATION,19961025,19970228,126,,upgraded_to_EA,EA97004,97V096001; 97V096002,car_or_light_truck
PE96065,PE,"General Motors, LLC",CHEVROLET; OLDSMOBILE; PONTIAC,LUMINA APV; SILHOUETTE; TRANS SPORT,1990-1990,ENGINE AND ENGINE COOLING,ALLEGED ENGINE SUBFRAME MOUNT/INSULATOR,19961115,19970408,144,97V058000,recall,,,car_or_light_truck
PE96066,PE,Ford Motor Company,FORD,EXPLORER,1993-1994,ELECTRICAL SYSTEM,DRIVER DOOR ELECTRICAL FIRE,19961122,19970515,174,97V083000,recall,,,car_or_light_truck
PE96069,PE,"Chrysler (FCA US, LLC)",DODGE; PLYMOUTH,NEON,1995-1995,STEERING,LOSS OF STEERING CONTROL,19961126,19970430,155,,upgraded_to_EA,EA97009,97V169000,car_or_light_truck
PE96070,PE,"Chrysler (FCA US, LLC)",DODGE,RAM,1994-1996,POWER TRAIN,TRANSMISSION FLUID FIRES,19961126,19970515,170,96V084000; 97V084000,recall,,,car_or_light_truck
PE96072,PE,Ford Motor Company,FORD,E-150,1992-1995,STEERING,LOSS OF STEERING CONTROL,19961205,19970429,145,,closed_no_recall,,,car_or_light_truck
PE96073,PE,Ford Motor Company,FORD,B700,1992-1992,STEERING,LOSS OF POWER STEERING ASSIST,19961205,19970507,153,,closed_no_recall,,,car_or_light_truck
PE96074,PE,Ford Motor Company,FORD,EXPLORER,1992-1993,STRUCTURE,SUNROOF (AIR ROOF) SHATTER,19961217,19970523,157,,upgraded_to_EA,EA97011,97V235001; 97V235002,car_or_light_truck
PE96075,PE,"Subaru of America, Inc.",SUBARU,IMPREZA; LEGACY,1994-1996,AIR BAGS,OVERSENSITIVE AIR BAG DEPLOYMENT,19961218,19970430,133,,upgraded_to_EA,EA97010,98V315000,car_or_light_truck
PE96076,PE,"General Motors, LLC",CHEVROLET,PICKUP; SUBURBAN,1996-1996,STEERING,STEERING SHAFT SEPARATIONS,19961218,19970417,120,,upgraded_to_EA,EA97007,,car_or_light_truck
PE97001,PE,"General Motors, LLC",CHEVROLET,SILVERADO 3500,1997-1997,"SERVICE BRAKES, HYDRAULIC",REAR AXLE SEPARATION FROM VEHICLE,19970117,19970529,132,,closed_no_recall,,,car_or_light_truck
PE97002,PE,Hyundai Motor America,HYUNDAI,ELANTRA,1996-1996,VISIBILITY,WINDSHIELD WIPER FAILURE,19970117,19970227,41,97V026000,recall,,,car_or_light_truck
PE97003,PE,Toyota Motor Corporation,LEXUS; TOYOTA,CAMRY; ES250,1989-1991,VEHICLE SPEED CONTROL:LINKAGES,LEAKING FUEL TANK,19970121,19970423,92,,upgraded_to_EA,EA97008,,car_or_light_truck
PE97004,PE,Toyota Motor Corporation,TOYOTA,CAMRY,1994-1994,STEERING,STEERING WHEEL SEPARATION/DISENGAGEMENT,19970129,19970603,125,,upgraded_to_EA,EA97014,98V155000,car_or_light_truck
PE97005,PE,Ford Motor Company,FORD,F SERIES,1997-1997,VEHICLE SPEED CONTROL:LINKAGES,UNDERCARRIAGE FIRES,19970129,19970512,103,,closed_no_recall,,,car_or_light_truck
PE97006,PE,Mazda Motor Corp.,MAZDA,626,1995-1996,AIR BAGS,INAPPROPRIATE AIR BAG DEPLOYMENT,19970130,19970523,113,,upgraded_to_EA,EA97012,98V249000,car_or_light_truck
PE97007,PE,"Chrysler (FCA US, LLC)",DODGE; PLYMOUTH,NEON,1995-1995,ELECTRICAL SYSTEM,ALLEGED FIRES IN  STEERING COLUMN AREA,19970131,19970407,66,,closed_no_recall,,,car_or_light_truck
PE97008,PE,"General Motors, LLC",CHEVROLET,CAMARO,1990-1992,AIR BAGS,INADVERTENT AIR BAG DEPLOYMENT,19970203,19970630,147,,closed_no_recall,,,car_or_light_truck
PE97009,PE,"Chrysler (FCA US, LLC)",CHRYSLER; DODGE,CIRRUS; STRATUS,1995-1995,SUSPENSION,LOWER CONTROL ARM BALL JOINT FAILURE,19970313,19970929,200,,upgraded_to_EA,EA97016,97V201000,car_or_light_truck
PE97010,PE,Ford Motor Company,FORD,EXPLORER,1995-1996,ELECTRICAL SYSTEM,ELECTRICAL FIRE IN CENTER CONSOLE,19970313,19970904,175,,closed_no_recall,,,car_or_light_truck
PE97011,PE,Ford Motor Company,FORD,MUSTANG; WINDSTAR,1994-1996,STRUCTURE,OUTER HOOD PANEL DETACHMENT,19970313,19970930,201,,upgraded_to_EA,EA97018,97V180000,car_or_light_truck
PE97012,PE,"Volvo Car USA, LLC",VOLVO,200; 200 SERIES; 700; 900,1987-1991,ELECTRICAL SYSTEM,PASSENGER COMPARTMENT FIRES,19970317,19970926,193,97V166000,recall,,,car_or_light_truck
PE97013,PE,"Chrysler (FCA US, LLC)",CHRYSLER; DODGE; PLYMOUTH,CARAVAN; TOWN AND COUNTRY; VOYAGER,1992-1993,VISIBILITY,WINDSHIELD WIPER FAILURE,19970402,19970930,181,,upgraded_to_EA,EA97020,99V189000,car_or_light_truck
PE97014,PE,Hyundai Motor America,HYUNDAI,ACCENT,1995-1995,AIR BAGS,AIR BAG EXHAUST FIRE,19970404,19970826,144,,closed_no_recall,,,car_or_light_truck
PE97016,PE,"General Motors, LLC",CHEVROLET; OLDSMOBILE; PONTIAC,LUMINA APV; SILHOUETTE; TRANS SPORT,1990-1991,SEATS,FRONT SEAT BACK COLLAPSE,19970407,19970930,176,,upgraded_to_EA,EA97019,99I003000,car_or_light_truck
PE97017,PE,Toyota Motor Corporation,TOYOTA,COROLLA,1995-1995,AIR BAGS,AIR BAG EXHAUST FIRE,19970423,19970930,160,,closed_no_recall,,,car_or_light_truck
PE97018,PE,Toyota Motor Corporation,TOYOTA,AVALON,1996-1996,EXTERIOR LIGHTING,TURN SIGNAL FAILURES,19970429,19970722,84,,upgraded_to_EA,EA97015,,car_or_light_truck
PE97019,PE,Ford Motor Company,FORD,F-150,1997-1997,POWER TRAIN,FAILURE TRANSMISSION PARK ENGAGEMENT/LOC,19970506,19970916,133,97V147000; 97V171000,recall,,,car_or_light_truck
PE97025,PE,"General Motors, LLC",CHEVROLET; GMC,ASTRO; SAFARI,1990-1991,ELECTRICAL SYSTEM,INSTRUMENT PANEL/DASH  ELECTRICAL FIRE,19970612,19971126,167,,closed_no_recall,,,car_or_light_truck
PE97027,PE,"General Motors, LLC",CHEVROLET; GMC,C1500; C2500; C3500; K1500; K2500; K3500,1994-1995,SEATS,DRIVERS SEAT FAILURE,19970617,19971031,136,,upgraded_to_EA,EA97023,,car_or_light_truck
PE97028,PE,"General Motors, LLC",CHEVROLET; GMC,BLAZER; JIMMY; S10; SONOMA,1995-1995,VISIBILITY,WINDSHIELD WIPER,19970617,19971023,128,,upgraded_to_EA,EA97022,98V150001; 98V150002,car_or_light_truck
PE97029,PE,"Chrysler (FCA US, LLC)",CHRYSLER,SEBRING,1996-1996,STRUCTURE,CONVERTIBLE TOP COVER DISENGAGEMENT,19970617,19971124,160,,upgraded_to_EA,EA97025,99I004000,car_or_light_truck
PE97033,PE,Ford Motor Company,FORD,F-150,1997-1997,WHEELS,WHEEL SEPARATION FROM VEHICLE,19970714,19971224,163,,upgraded_to_EA,EA97027,98V095000,car_or_light_truck
PE97034,PE,Toyota Motor Corporation,TOYOTA,CAMRY,1997-1997,POWER TRAIN,IGNITION INTERLOCK FAILURE,19970716,19971128,135,97V213000,recall,,,car_or_light_truck
PE97035,PE,Ford Motor Company,FORD,TAURUS,1993-1993,SUSPENSION:FRONT:SPRINGS:COIL SPRINGS,FRONT SUSPENSION COIL SPRING FAILURE,19970722,19971126,127,,upgraded_to_EA,EA97026,98I002000; 98V094000,car_or_light_truck
PE97036,PE,"General Motors, LLC",CHEVROLET; PONTIAC,CAMARO; FIREBIRD,1994-1997,VEHICLE SPEED CONTROL:LINKAGES,FUEL TUB RETAINING CLIP FAILURE,19970724,19971113,112,,upgraded_to_EA,EA97024,,car_or_light_truck
PE97037,PE,Ford Motor Company,FORD,ASPIRE,1994-1995,STEERING,STEERING WHEEL/COLUMN LOCKUP,19970728,19971128,123,,closed_no_recall,,,car_or_light_truck
PE97039,PE,Land Rover,LAND ROVER,RANGE ROVER,1995-1996,ELECTRICAL SYSTEM,UNDERHOOD FIRES,19970827,19971230,125,,upgraded_to_EA,EA97028,98V149000,car_or_light_truck
PE97040,PE,"Chrysler (FCA US, LLC); Mitsubishi Motors North America, Inc.",EAGLE; MITSUBISHI; PLYMOUTH,ECLIPSE; LASER; TALON,1990-1996,WHEELS,TRANSFER CASE LOCKUP,19970904,19980130,148,,upgraded_to_EA,EA98002,98V069001; 98V069002,car_or_light_truck
PE97041,PE,"General Motors, LLC",CHEVROLET,CAVALIER,1996-1997,AIR BAGS,INADVERTENT AIR BAG DEPLOYMENTS,19970909,19980123,136,,upgraded_to_EA,EA98001,98V146000,car_or_light_truck
PE97042,PE,"Chrysler (FCA US, LLC)",DODGE; PLYMOUTH,NEON,1995-1995,AIR BAGS,OVERSENSITIVE AIR BAG DEPLOYMENT,19970921,19980130,131,,upgraded_to_EA,EA98003,,car_or_light_truck
PE97043,PE,"Chrysler (FCA US, LLC)",DODGE,RAM,1996-1997,"SERVICE BRAKES, HYDRAULIC",CLUTCH HYDRAULIC LINE FAILURE,19971020,19980227,130,99V115000,recall,EA98005,,car_or_light_truck
PE97045,PE,"Volvo Car USA, LLC",VOLVO,850,1996-1996,ENGINE AND ENGINE COOLING,ENGINE COMPARTMENT FIRE,19971023,19980213,113,,closed_no_recall,,,car_or_light_truck
PE97046,PE,"Chrysler (FCA US, LLC)",CHRYSLER; DODGE; PLYMOUTH,CARAVAN; TOWN AND COUNTRY; VOYAGER,1994-1994,AIR BAGS,INADVERTENT AIR BAG DEPLOYMENTS,19971024,19980227,126,,upgraded_to_EA,EA98003,,car_or_light_truck
PE97047,PE,"Volvo Car USA, LLC",VOLVO,940; 960,1994-1995,AIR BAGS,INADVERTENT AIR BAG DEPLOYMENT,19971029,19980421,174,,closed_no_recall,,,car_or_light_truck
PE97048,PE,Ford Motor Company,FORD,WINDSTAR,1998-1998,"SERVICE BRAKES, HYDRAULIC",MISSING/LOOSE FRONT BRAKE CALIPER ANCHOR,19971103,19980430,178,,upgraded_to_EA,EA98008,98I003000,car_or_light_truck
PE97049,PE,"Chrysler (FCA US, LLC)",DODGE; PLYMOUTH,CARAVAN; GRAND CARAVAN; GRAND VOYAGER; VOYAGER,1994-1995,VISIBILITY,AIR BAG CIRCUIT/WINDSHIELD WIPER MOTOR,19971118,19980317,119,,closed_no_recall,,,car_or_light_truck
PE97050,PE,"General Motors, LLC",CADILLAC,ALLANTE,1992-1992,STRUCTURE,CONVERTIBLE TOP OPENING WHILE DRIVING,19971219,19980529,161,,closed_no_recall,,,car_or_light_truck
PE97051,PE,Ford Motor Company,FORD,MUSTANG,1994-1995,"SERVICE BRAKES, HYDRAULIC",PARKING BRAKE FAILURE,19971223,19980527,155,,upgraded_to_EA,EA98008,98I003000,car_or_light_truck
PE98001,PE,"Chrysler (FCA US, LLC)",CHRYSLER,SEBRING,1995-1995,POWER TRAIN,AUTOMATIC TRANSAXLE IGNITION INTERLOCK,19980107,19980529,142,,upgraded_to_EA,EA98014,98V183000,car_or_light_truck
PE98002,PE,"Chrysler (FCA US, LLC)",DODGE,RAM 2500; RAM 3500,1994-1995,EXTERIOR LIGHTING,HEADLIGHT CIRCUIT FAILURE,19980114,19980508,114,,upgraded_to_EA,EA98010,99V024000,car_or_light_truck
PE98003,PE,"Volkswagen Group of America, Inc.",AUDI,100; 90,1993-1993,VEHICLE SPEED CONTROL:LINKAGES,UNDERHOOD FIRES,19980123,19980518,115,,upgraded_to_EA,EA98011,98V332000,car_or_light_truck
PE98005,PE,"General Motors, LLC",CADILLAC,DEVILLE,1994-1997,EXTERIOR LIGHTING,ERRATIC TURN SIGNAL OPERATION,19980206,19980827,202,,closed_no_recall,,,car_or_light_truck
PE98006,PE,"Volkswagen Group of America, Inc.",VOLKSWAGEN,CORRADO,1992-1992,VISIBILITY:DEFROSTER/DEFOGGER/HVAC SYSTEM,HEATER CORE RUPTURE,19980205,19980527,111,,upgraded_to_EA,EA98012,98V295000,car_or_light_truck
PE98007,PE,"Nissan North America, Inc.",INFINITI,Q45,1991-1991,ELECTRICAL SYSTEM,PASSENGER COMPARTMENT FIRE,19980206,19980625,139,,upgraded_to_EA,EA98015,98V284000,car_or_light_truck
PE98008,PE,"General Motors, LLC",SATURN,SATURN,1994-1994,SEATS,SEAT BACK FAILURES,19980211,19980731,170,,upgraded_to_EA,EA98017,99V045000,car_or_light_truck
PE98009,PE,Ford Motor Company,FORD,EXPEDITION; F-150,1997-1997,SUSPENSION,INDEPENDENT FRONT SUSPENSION TORSION BAR,19980213,19980630,137,,closed_no_recall,,,car_or_light_truck
PE98010,PE,Ford Motor Company,FORD,AEROSTAR,1993-1994,VEHICLE SPEED CONTROL:LINKAGES,FUEL SENDER ASSEMBLY FIRES,19980213,19980714,151,,upgraded_to_EA,EA98016,99V028000; 99V029000,car_or_light_truck
PE98012,PE,"Chrysler (FCA US, LLC)",DODGE; PLYMOUTH,NEON,1995-1996,ELECTRICAL SYSTEM,UNDERHOOD FIRES,19980226,19980623,117,,closed_no_recall,,,car_or_light_truck
PE98013,PE,"General Motors, LLC",CHEVROLET,G SERIES,1993-1993,ELECTRICAL SYSTEM,ELECTRICAL SHORT/FIRE,19980302,19981007,219,,upgraded_to_EA,EA98023,98V299000,car_or_light_truck
PE98014,PE,"Chrysler (FCA US, LLC)",CHRYSLER; DODGE; EAGLE,CONCORDE; INTREPID; VISION,1993-1993,VEHICLE SPEED CONTROL:LINKAGES,FUEL RAIL LEAKAGE,19980306,19980615,101,98V130000,recall,,,car_or_light_truck
PE98016,PE,"Jaguar Cars, Ltd.",JAGUAR,XJ12,1993-1994,VEHICLE SPEED CONTROL:LINKAGES,THROTTLE HANG-UP,19980313,19980930,201,,upgraded_to_EA,EA98022,98V271000,car_or_light_truck
PE98017,PE,Ford Motor Company,FORD,B700; B800,1993-1996,VEHICLE SPEED CONTROL:LINKAGES,UNDERHOOD FUEL LEAKAGE AND FIRES,19980331,19980918,171,,upgraded_to_EA,EA98018,,car_or_light_truck
PE98021,PE,Ford Motor Company,FORD,F-150,1997-1997,VEHICLE SPEED CONTROL:LINKAGES,LOSS OF THROTTLE CONTROL,19980401,19980831,152,,upgraded_to_EA,EA98018,,car_or_light_truck
PE98022,PE,"Chrysler (FCA US, LLC)",CHRYSLER; DODGE; EAGLE,CONCORDE; INTREPID; VISION,1993-1994,SUSPENSION,REAR SUSPENSION TRAILING ARM/BOLT,19980414,19980831,139,,upgraded_to_EA,EA98025,99V215000,car_or_light_truck
PE98023,PE,"General Motors, LLC",CHEVROLET,MONTE CARLO,1996-1997,"SERVICE BRAKES, HYDRAULIC",DEGRADED BRAKING PERFORMANCE,19980423,19980831,130,01I014000,recall,EA98019,,car_or_light_truck
PE98024,PE,Ford Motor Company,FORD; LINCOLN,EXPEDITION; F-150; NAVIGATOR,1996-1998,STEERING,TIE ROD END FAILURES,19980421,19980721,91,,closed_no_recall,,,car_or_light_truck
PE98028,PE,"Suzuki Motor USA, LLC",SUZUKI,SUZUKI MOTORCYCLE,1997-1997,VEHICLE SPEED CONTROL:LINKAGES,FUEL TANK LEAK,19980519,19980623,35,98V133000,recall,,,car_or_light_truck
PE98030,PE,"General Motors, LLC",CHEVROLET,VENTURE,1997-1997,UNKNOWN OR OTHER,FINGER CUTTING/PINCHING,19980515,19980630,46,98V145000,recall,,,car_or_light_truck
PE98032,PE,"Mitsubishi Motors North America, Inc.",MITSUBISHI,GALANT,1994-1994,EXTERIOR LIGHTING,STOP LAMP SWITCH,19980522,19980908,109,98V212000,recall,,,car_or_light_truck
PE98033,PE,"Chrysler (FCA US, LLC); Mitsubishi Motors North America, Inc.",EAGLE; MITSUBISHI,MIRAGE; SUMMIT,1994-1994,AIR BAGS,OVERSENSITIVE AIR BAG DEPLOYMENTS,19980527,19990316,293,,upgraded_to_EA,EA99007,,car_or_light_truck
PE98037,PE,"Volkswagen Group of America, Inc.",VOLKSWAGEN,GOLF; GTI; JETTA,1995-1996,STRUCTURE,HOOD LATCH FAILURE,19980701,19980720,19,98V160000,recall,,,car_or_light_truck
PE98038,PE,Ford Motor Company,FORD,E SERIES,1993-1995,VISIBILITY,POWER MIRROR CIRCUIT FIRES,19980708,19981120,135,,upgraded_to_EA,EA99004,,car_or_light_truck
PE98039,PE,"Porsche Cars North America, Inc.",PORSCHE,BOXSTER,1998-1998,STRUCTURE,DOOR CABLE FAILURE,19980709,19981124,138,,closed_no_recall,,,car_or_light_truck
PE98040,PE,Ford Motor Company,FORD,ASPIRE,1996-1997,VEHICLE SPEED CONTROL:LINKAGES,FUEL VAPOR VALVE LEAKS,19980715,19981116,124,,upgraded_to_EA,EA99001,00V422000,car_or_light_truck
PE98041,PE,Ford Motor Company,FORD,CROWN VICTORIA,1996-1998,SEATS,FRONT SEAT ANCHOR BOLT FAILURE,19980723,19980929,68,,closed_no_recall,,,car_or_light_truck
PE98042,PE,"Mitsubishi Motors North America, Inc.",MITSUBISHI,MONTERO,1998-1998,SEATS:MID/REAR ASSEMBLY,REAR FOLDING SEAT DISENGAGEMENT,19980731,19980903,34,98V205000,recall,,,car_or_light_truck
PE98043,PE,"Volvo Car USA, LLC",VOLVO,V70,1998-1998,VEHICLE SPEED CONTROL:LINKAGES,EXHAUST PIPE BURNS,19980805,19981021,77,98V254000,recall,,,car_or_light_truck
PE98044,PE,"Chrysler (FCA US, LLC)",CHRYSLER; DODGE; EAGLE,INTREPID; LHS; VISION,1994-1994,SUSPENSION,ENGINE CRADLE/CONTROL ARM BRACKET WELD,19980811,19981231,142,,upgraded_to_EA,EA98025,99V215000,car_or_light_truck
PE98045,PE,Ford Motor Company,FORD,CROWN VICTORIA,1996-1996,STEERING,BALL JOINT FAILURE,19980813,19981218,127,98V322000,recall,,,car_or_light_truck
PE98046,PE,Isuzu Motors Limited,ISUZU,AMIGO,1998-1998,STRUCTURE,SUNSHADE RETAINER FAILURE,19980819,19981028,70,98V260000,recall,,,car_or_light_truck
PE98047,PE,"BMW of North America, LLC",BMW,K1200RS,1998-1998,VEHICLE SPEED CONTROL:LINKAGES,FUEL TANK LEAK,19980827,19981015,49,98V258000,recall,,,car_or_light_truck
PE98048,PE,Ford Motor Company,FORD,EXPLORER,1992-1994,VISIBILITY:DEFROSTER/DEFOGGER/HVAC SYSTEM,BLOWER ASSEMBLY FIRES,19980904,19990115,133,,upgraded_to_EA,EA99004,,car_or_light_truck
PE98049,PE,"General Motors, LLC",CHEVROLET,CAPRICE,1994-1995,VISIBILITY:DEFROSTER/DEFOGGER/HVAC SYSTEM,COOLANT FIRES,19980904,19990113,131,,upgraded_to_EA,EA99003,,car_or_light_truck
PE98050,PE,Ford Motor Company,FORD,CONTOUR,1995-1995,SUSPENSION,FRONT SUSPENSION COIL SPRING FAILURE,19980914,19990204,143,,closed_no_recall,,,car_or_light_truck
PE98051,PE,Honda (American Honda Motor Co.); Isuzu Motors Limited,HONDA; ISUZU,PASSPORT; RODEO,1998-1998,"SERVICE BRAKES, HYDRAULIC",BRAKING SYSTEM/ABS,19980923,19990331,189,,upgraded_to_EA,EA99008,02I002000; 02I002001,car_or_light_truck
PE98052,PE,Ford Motor Company,LINCOLN,TOWN CAR,1998-1998,VEHICLE SPEED CONTROL:LINKAGES,FUEL SPIT BACK DURING REFUELING,19980925,19990409,196,,upgraded_to_EA,EA99010,,car_or_light_truck
PE98053,PE,Honda (American Honda Motor Co.),HONDA,PASSPORT,1998-1998,POWER TRAIN,BROKEN ACCELERATOR PEDAL,19981009,19990218,132,,closed_no_recall,,,car_or_light_truck
PE98054,PE,Isuzu Motors Limited,ISUZU,RODEO,1998-1998,POWER TRAIN,BROKEN ACCELERATOR PEDAL,19981009,19990218,132,,closed_no_recall,,,car_or_light_truck
PE98055,PE,Ford Motor Company,LINCOLN,TOWN CAR,1992-1993,ELECTRICAL SYSTEM,UNDER HOOD FIRES,19981027,19990311,135,,upgraded_to_EA,EA99006,99V124000,car_or_light_truck
PE98056,PE,Ford Motor Company,FORD,WINDSTAR,1995-1996,"SERVICE BRAKES, HYDRAULIC",REAR AXLE TRAILING ARM,19981028,19990224,119,,closed_no_recall,,,car_or_light_truck
PE98057,PE,Ford Motor Company,FORD; MERCURY,CROWN VICTORIA; MARQUIS,1998-1998,VEHICLE SPEED CONTROL:LINKAGES,INERTIA FUEL SHUT OFF SWITCH,19981028,19990211,106,,upgraded_to_EA,EA99010,,car_or_light_truck
PE98060,PE,"General Motors, LLC",GMC,C/K PICKUP; SUBURBAN,1997-1997,STEERING,ERRATIC STEERING BOOST WHILE DRIVING,19981113,19990512,180,,upgraded_to_EA,EA99011,,car_or_light_truck
PE98061,PE,Ford Motor Company,FORD,F-250,1999-1999,STEERING,STEERING SHAFT FRACTURE,19981118,19981207,19,,closed_no_recall,,,car_or_light_truck
PE98063,PE,Ford Motor Company,FORD; MERCURY,CONTOUR; MYSTIQUE,1996-1996,EXTERIOR LIGHTING,HEADLIGHT SWITCH,19981203,19990510,158,99V103000,recall,,,car_or_light_truck
PE99001,PE,"Volkswagen Group of America, Inc.",AUDI,A6,1998-1999,VEHICLE SPEED CONTROL:LINKAGES,FUEL EXPULSION,19990101,19990324,82,99V058000,recall,,,car_or_light_truck
PE99002,PE,Ford Motor Company,FORD,MUSTANG,1996-1997,"SERVICE BRAKES, HYDRAULIC",FRONT BRAKE HOSE,19990111,19990630,170,,closed_no_recall,,,car_or_light_truck
PE99003,PE,"General Motors, LLC",GMC,C/K SERIES,1999-1999,"SERVICE BRAKES, HYDRAULIC",BRAKE HOSE ABRASION,19990112,19990722,191,00X001000,recall,EA99017,,car_or_light_truck
PE99005,PE,"Volvo Car USA, LLC",VOLVO,V70,1998-1998,VEHICLE SPEED CONTROL:LINKAGES,FUEL LEAKAGE,19990115,19990630,166,,closed_no_recall,,,car_or_light_truck
PE99006,PE,"General Motors, LLC",GMC,A-BODY; P30 MOTORHOME CHASSIS,1981-1998,ELECTRICAL SYSTEM,ELECTRICAL SHORT/FIRE,19990126,19990726,181,,closed_no_recall,,,car_or_light_truck
PE99007,PE,"Volkswagen Group of America, Inc.",VOLKSWAGEN,JETTA,1999-1999,UNKNOWN OR OTHER,PASSENGER COMPARTMENT FIRE,19990129,19990208,10,99V022000,recall,,,car_or_light_truck
PE99008,PE,"Chrysler (FCA US, LLC)",CHRYSLER; DODGE,AVENGER; SEBRING,1995-1995,SUSPENSION,BALL JOINT,19990201,19990413,71,99V066001; 99V066002; 99V066003; 99V066004,recall,,,car_or_light_truck
PE99009,PE,"General Motors, LLC",CHEVROLET,S10,1999-1999,VEHICLE SPEED CONTROL:LINKAGES,POST-COLLISION FUEL SYSTEM INTEGRITY,19990201,19990611,130,,upgraded_to_EA,EA99012,,car_or_light_truck
PE99010,PE,"Chrysler (FCA US, LLC)",CHRYSLER; DODGE; PLYMOUTH,CARAVAN; GRAND CARAVAN; GRAND VOYAGER; TOWN AND COUNTRY; VOYAGER,1996-1999,"FUEL SYSTEM, GASOLINE:STORAGE:TANK ASSEMBLY:FILLER PIPE AND CAP",POST-COLLISION FUEL SYSTEM INTEGRITY,19990203,19990611,128,,upgraded_to_EA,EA99013,,car_or_light_truck
PE99012,PE,"General Motors, LLC",CADILLAC,ALLANTE,1987-1993,"SERVICE BRAKES, HYDRAULIC",BRAKING SYSTEM,19990205,19990630,145,,upgraded_to_EA,EA99017,,car_or_light_truck
PE99013,PE,Ford Motor Company,MERCURY,VILLAGER,1994-1995,VEHICLE SPEED CONTROL:LINKAGES,FUEL RAIL HOSE FITTING LEAKAGE,19990209,19990629,140,,upgraded_to_EA,EA99015,,car_or_light_truck
PE99014,PE,Mazda Motor Corp.,MAZDA,MIATA,1995-1995,AIR BAGS,INAPPROPRIATE AIR BAG DEPLOYMENT,19990224,19990630,126,,upgraded_to_EA,EA99016,00V004000,car_or_light_truck
PE99015,PE,Ford Motor Company,FORD; MERCURY,SABLE; TAURUS,1993-1993,VISIBILITY,WINDSHIELD WIPER,19990224,19990806,163,,upgraded_to_EA,EA99023,,car_or_light_truck
PE99016,PE,"General Motors, LLC",OLDSMOBILE,INTRIGUE,1998-1998,SEAT BELTS:REAR/OTHER,REAR SAFETY BELT MALFUNCTION,19990225,19990707,132,,upgraded_to_EA,EA99019,00V044000,car_or_light_truck
PE99017,PE,"BMW of North America, LLC",BMW,3 SERIES,1999-1999,AIR BAGS:SIDE/WINDOW,INADVERTENT SIDE AIR BAG DEPLOYMENTS,19990302,19990511,70,99V063000,recall,,,car_or_light_truck
PE99019,PE,Ford Motor Company,FORD,F-150,1998-1998,STRUCTURE,SPARE TIRE WEAR,19990304,19990727,145,,closed_no_recall,,,car_or_light_truck
PE99020,PE,"Subaru of America, Inc.",SUBARU,FORESTER,1999-1999,SEAT BELTS:FRONT:ANCHORAGE,SEAT BELT ANCHORAGE SEPARATION,19990305,19990326,21,,closed_no_recall,,,car_or_light_truck
PE99021,PE,"General Motors, LLC",CHEVROLET; GMC,BLAZER; JIMMY,1996-1996,POWER TRAIN,UPPER CONTROL ARM BALL JOINT BREAKAGE,19990305,19990730,147,,closed_no_recall,,,car_or_light_truck
PE99022,PE,Ford Motor Company,FORD,E-250,1997-1997,POWER TRAIN,SHIFT-LOCK,19990318,19990528,71,,closed_no_recall,,,car_or_light_truck
PE99024,PE,"General Motors, LLC",CHEVROLET; GMC,BLAZER; JIMMY,1995-1995,"SERVICE BRAKES, HYDRAULIC",LOSS OF POWER ASSIST BRAKING,19990405,20000316,346,,upgraded_to_EA,EA00008,,car_or_light_truck
PE99025,PE,Ford Motor Company,FORD,WINDSTAR,1995-1995,"FUEL SYSTEM, GASOLINE",FUEL TANK CRACKS,19990415,19990726,102,,upgraded_to_EA,EA99020,99V309000,car_or_light_truck
PE99026,PE,"Chrysler (FCA US, LLC)",DODGE,RAM 2500; RAM 3500,1994-1995,SUSPENSION,FRONT SUSPENSION SPRING/SHOCK ABSORBER,19990416,19990831,137,99V214000,recall,,,car_or_light_truck
PE99027,PE,"General Motors, LLC",OLDSMOBILE,CUTLASS SUPREME,1995-1995,AIR BAGS,INADVERTENT AIR BAG DEPLOYMENTS,19990416,19990831,137,,upgraded_to_EA,EA00004,00V217000,car_or_light_truck
PE99028,PE,"General Motors, LLC",BUICK; OLDSMOBILE; PONTIAC,CENTURY; GRAND PRIX; INTRIGUE; REGAL,1997-1998,VISIBILITY,WINDSHIELD WIPER,19990416,19990820,126,,upgraded_to_EA,EA99024,,car_or_light_truck
PE99029,PE,Ford Motor Company,FORD,MUSTANG,1998-1998,ELECTRICAL SYSTEM,FIRES IN THE CENTER CONSOLE,19990503,19990727,85,,closed_no_recall,,,car_or_light_truck
PE99030,PE,"Chrysler (FCA US, LLC)",CHRYSLER; PLYMOUTH,BREEZE; CIRRUS; SEBRING,1997-1998,STEERING,STEERING SHAFT BINDING,19990503,19990910,130,,upgraded_to_EA,EA99028,01I012000,car_or_light_truck
PE99031,PE,"Chrysler (FCA US, LLC)",DODGE,RAM,1994-1996,POWER TRAIN,IGNITION SWITCH,19990505,19990910,128,,upgraded_to_EA,EA99027,00V135000,car_or_light_truck
PE99033,PE,"Kia America, Inc.",KIA,SEPHIA; SPORTAGE,1998-1998,VISIBILITY,WINDSHIELD WIPER,19990506,19991021,168,99V271000,recall,,,car_or_light_truck
PE99035,PE,Ford Motor Company,FORD,AEROSTAR,1992-1992,"SERVICE BRAKES, HYDRAULIC",FRONT BRAKE HOSE,19990512,19990923,134,,closed_no_recall,,,car_or_light_truck
PE99036,PE,"Volkswagen Group of America, Inc.",VOLKSWAGEN,PASSAT,1993-1993,EXTERIOR LIGHTING,FOG LAMP FIRE,19990512,19991021,162,,closed_no_recall,,,car_or_light_truck
PE99037,PE,"General Motors, LLC",OLDSMOBILE,CUTLASS,1998-1998,AIR BAGS,INADVERTENT AIR BAG DEPLOYMENTS,19990519,19991029,163,,upgraded_to_EA,EA00004,00V217000,car_or_light_truck
PE99038,PE,Mazda Motor Corp.,MAZDA,PROTEGE,1995-1995,EXTERIOR LIGHTING,LOSS OF HEADLIGHTS,19990520,19990930,133,,closed_no_recall,,,car_or_light_truck
PE99040,PE,"Volvo Car USA, LLC",VOLVO,850; 960; S70; S90; V70; V90,1995-1999,AIR BAGS:SIDE/WINDOW,INADVERTENT SIDE AIR BAG DEPLOYMENT,19990607,19991027,142,,closed_no_recall,,,car_or_light_truck
PE99042,PE,"Kia America, Inc.",KIA,SEPHIA,1998-1999,VEHICLE SPEED CONTROL:LINKAGES,REFUELING SPIT- BACK,19990624,19991216,175,,upgraded_to_EA,EA99034,00V175000,car_or_light_truck
PE99044,PE,"Chrysler (FCA US, LLC)",CHRYSLER; DODGE; EAGLE,CONCORDE; INTREPID; LHS; NEW YORKER; VISION,1994-1996,STEERING,STEERING SYSTEM RACK AND PINION,19990628,19991029,123,,upgraded_to_EA,EA99031,,car_or_light_truck
PE99045,PE,Ford Motor Company,FORD; MERCURY,EXPLORER; MOUNTAINEER; RANGER,1997-1998,STEERING,STEERING KNUCKLE SEPARATIONS,19990706,19991029,115,,closed_no_recall,,,car_or_light_truck
PE99046,PE,Hyundai Motor America,HYUNDAI,ACCENT,1995-1997,AIR BAGS:FRONTAL,PASSENGER AIR BAG RELATED FATALITIES,19990707,20000105,182,,upgraded_to_EA,EA00001,,car_or_light_truck
PE99047,PE,Ford Motor Company,FORD,CROWN VICTORIA; E-350; F-150,1998-1999,VEHICLE SPEED CONTROL:LINKAGES,BLOW BACK DURING REFUELING,19990712,19990923,73,,upgraded_to_EA,EA99032,00V424000; 01I008000,car_or_light_truck
PE99049,PE,Ford Motor Company,FORD; MERCURY,EXPLORER; MOUNTAINEER,1997-1999,VISIBILITY,WINDSHIELD WIPER MALFUNCTION,19990728,20000424,271,00V072000,recall,,,car_or_light_truck
PE99050,PE,"General Motors, LLC",SATURN,SATURN,1999-1999,SEAT BELTS:FRONT:ANCHORAGE,FRONT SHOULDER BELT ANCHORAGE DISENGAGEM,19990728,19991018,82,99V280000,recall,EA00002,00V117000,car_or_light_truck
PE99052,PE,Ford Motor Company,FORD; MERCURY,CONTOUR; MYSTIQUE,1995-1995,ENGINE AND ENGINE COOLING,ENGINE COOLING FAN FIRES,19990818,20000223,189,,upgraded_to_EA,EA00005,00V367000,car_or_light_truck
PE99053,PE,"Suzuki Motor USA, LLC",SUZUKI,INTRUDER,1993-1996,"FUEL SYSTEM, GASOLINE:STORAGE:TANK ASSEMBLY",MOTORCYCLE FUEL LEAK,19990819,20000726,342,01I015000,recall,,,car_or_light_truck
PE99055,PE,"Mercedes-Benz USA, LLC",MERCEDES BENZ,SLK230,1999-1999,VEHICLE SPEED CONTROL:LINKAGES,REFUELING SPIT BACK,19990830,19991117,79,,closed_no_recall,,,car_or_light_truck
PE99056,PE,"General Motors, LLC",BUICK,PARK AVENUE,1997-1998,SEAT BELTS,FRONT SHOULDER BELT MALFUNCTION,19990902,20000106,126,,upgraded_to_EA,EA00002,00V117000,car_or_light_truck
PE99059,PE,"General Motors, LLC",BUICK; OLDSMOBILE,AURORA; RIVIERA,1995-1996,SEAT BELTS:REAR/OTHER,REAR SEAT BELT RETRACTOR,19990915,20000222,160,,upgraded_to_EA,EA00006,00V057000,car_or_light_truck
PE99061,PE,"General Motors, LLC",CADILLAC,DEVILLE,1998-1999,AIR BAGS:SIDE/WINDOW,INADVERTENT DEPLOYMENT OF SIDE  AIR BAG,19990927,20000215,141,,upgraded_to_EA,EA00004,00V217000,car_or_light_truck
PE99063,PE,"General Motors, LLC",PONTIAC,GRAND AM,1994-1995,STEERING,STEERING COLUMN FIRE,19991007,20000303,148,,closed_no_recall,,,car_or_light_truck
PE99064,PE,"General Motors, LLC",SATURN,LS,2000-2000,VEHICLE SPEED CONTROL:LINKAGES,POST-COLLISION FUEL SYSTEM INTEGRITY,19991027,20000211,107,99V345000,recall,,,car_or_light_truck
PE99065,PE,"Volkswagen Group of America, Inc.",AUDI,100; A6; S4; S6,1992-1995,VEHICLE SPEED CONTROL:LINKAGES,FUEL SUPPLY LINE LEAK,19991028,20000331,155,00V068000; 00V084000,recall,,,car_or_light_truck
PE99066,PE,"General Motors, LLC",CHEVROLET,CORVETTE,1998-1999,STEERING,STEERING COLUMN LOCK MODULE,19991108,20000721,256,,closed_no_recall,,,car_or_light_truck
PE99067,PE,"Subaru of America, Inc.",SUBARU,LEGACY,1995-1997,ELECTRICAL SYSTEM,ELECTRICAL SYSTEM,19991101,20000531,212,00I002000,recall,,,car_or_light_truck
PE99068,PE,Ford Motor Company,FORD,EXPLORER,1995-1996,POWER TRAIN,ACCELERATOR PEDAL,19991101,20000309,129,,closed_no_recall,,,car_or_light_truck
PE99069,PE,"Chrysler (FCA US, LLC)",DODGE,RAM 2500,1999-1999,STEERING,OVERSENSITIVE STEERING,19991108,20000327,140,,closed_no_recall,,,car_or_light_truck
PE99070,PE,Toyota Motor Corporation,TOYOTA,SIENNA,1998-2000,STEERING,STEERING WHEEL TO RETURN TO CENTER,19991117,20000412,147,,closed_no_recall,,,car_or_light_truck
PE99071,PE,"General Motors, LLC",CHEVROLET,MALIBU,1998-1998,EXTERIOR LIGHTING,STOP LAMP,19991117,20000327,131,,upgraded_to_EA,EA00010,,car_or_light_truck
PE99072,PE,Ford Motor Company,FORD,EXPLORER,1991-1994,STRUCTURE,SPARE TIRE WINCH CABLE,19991130,20000414,136,,upgraded_to_EA,EA00012,,car_or_light_truck
PE99073,PE,"General Motors, LLC",CHEVROLET; GMC,SUBURBAN; TAHOE; YUKON,1995-1997,ELECTRICAL SYSTEM,BATTERY LEAKS ACID,19991203,20000502,151,,upgraded_to_EA,EA00013,,car_or_light_truck
PE99074,PE,"Chrysler (FCA US, LLC)",DODGE,DURANGO,2000-2000,STEERING,STEERING WHEEL/SHAFT SPLINE ATTACHMENT,19991213,20000224,73,,closed_no_recall,,,car_or_light_truck
PE99076,PE,"General Motors, LLC",CHEVROLET,CORVETTE,1997-1999,SEAT BELTS,FRONT LAP BELT MALFUNCTION,19991210,20000316,97,,upgraded_to_EA,EA00006,00V057000,car_or_light_truck
PE99077,PE,Ford Motor Company,MERCURY,VILLAGER,1994-1995,VEHICLE SPEED CONTROL:LINKAGES,FUEL TANK VENT HOSE LEAKAGE,19991228,20000522,146,,upgraded_to_EA,EA00014,,car_or_light_truck
PE99078,PE,"Nissan North America, Inc.",NISSAN,QUEST,1994-1995,VEHICLE SPEED CONTROL:LINKAGES,FUEL TANK VENT HOSE LEAKAGE,19991228,20000522,146,,upgraded_to_EA,EA00015,00V419001; 00V419002,car_or_light_truck
