# Zilocar analysis of NHTSA ODI complaints (FLAT_CMPL.txt, Last-Modified 2026-09-09 10:22 UTC, retrieved 2026-09-10).
# Universe: PROD_TYPE='V', model years 2015-2022, deduplicated on ODINO = 325,275 distinct complaints across 2,228 make/model labels.
# severe = CRASH='Y' OR INJURED>0 OR DEATHS>0, all self-reported and unverified.
# REVERSAL COLUMN: airbag-cited complaints are 4.9% of all complaints but 30.4% of severe ones, because an airbag complaint is near-definitionally crash-linked.
# severe_share_ex_airbag_pct removes every complaint citing AIR BAGS. Under it the Toyota Corolla falls from 1st (18.2%) to 5th (8.5%) and the Tesla Model X leads at 13.0%.
# Labels are exactly as NHTSA spells them, unmerged. Counts are distinct complaints, not vehicles or owners. No sales denominator exists in this file.
make,model,model_years,complaints,severe,severe_share_pct,crash_reports,injury_reports,death_reports,severe_citing_airbags,airbag_pct_of_severe,complaints_ex_airbag,severe_ex_airbag,severe_share_ex_airbag_pct
RAM,1500,2015-2022,7869,469,5.96,421,231,12,180,38.4,7542,289,3.83
JEEP,GRAND CHEROKEE,2015-2022,4139,380,9.18,290,177,0,78,20.5,3924,302,7.7
FORD,F-150,2015-2022,11074,363,3.28,281,196,5,89,24.5,10902,274,2.51
TESLA,MODEL 3,2017-2022,3517,346,9.84,312,127,11,43,12.4,3239,303,9.35
FORD,EXPLORER,2015-2022,8799,321,3.65,193,210,0,34,10.6,8551,287,3.36
HONDA,CR-V,2015-2022,6975,310,4.44,236,176,1,79,25.5,6720,231,3.44
TESLA,MODEL S,2015-2022,2340,298,12.74,289,88,10,19,6.4,2283,279,12.22
TOYOTA,COROLLA,2015-2022,1530,279,18.24,270,172,3,176,63.1,1211,103,8.51
NISSAN,ROGUE,2015-2022,3353,266,7.93,219,157,2,85,32.0,3058,181,5.92
SUBARU,FORESTER,2015-2022,3836,258,6.73,244,107,1,63,24.4,3343,195,5.83
TOYOTA,RAV4,2015-2022,3212,252,7.85,236,142,4,103,40.9,2907,149,5.13
FORD,ESCAPE,2015-2022,9382,250,2.66,189,154,0,71,28.4,9283,179,1.93
HONDA,ACCORD,2015-2022,5101,245,4.8,199,130,3,51,20.8,4902,194,3.96
TESLA,MODEL Y,2020-2022,2197,237,10.79,220,78,8,25,10.5,2139,212,9.91
HONDA,CIVIC,2015-2022,4456,230,5.16,202,97,1,75,32.6,4267,155,3.63
TOYOTA,CAMRY,2015-2022,2212,225,10.17,216,130,2,111,49.3,1955,114,5.83
CHEVROLET,SILVERADO 1500,2015-2022,5313,212,3.99,189,89,3,73,34.4,5146,139,2.7
JEEP,CHEROKEE,2015-2022,7326,199,2.72,179,101,0,85,42.7,7152,114,1.59
SUBARU,OUTBACK,2015-2022,5564,187,3.36,163,72,0,39,20.9,5463,148,2.71
TESLA,MODEL X,2016-2022,1297,179,13.8,165,58,3,16,8.9,1253,163,13.01
NISSAN,ALTIMA,2015-2022,2602,174,6.69,156,90,2,63,36.2,2225,111,4.99
JEEP,WRANGLER,2015-2022,5684,168,2.96,142,95,0,69,41.1,5470,99,1.81
FORD,FUSION,2015-2020,4637,163,3.52,152,77,0,48,29.4,4507,115,2.55
TOYOTA,HIGHLANDER,2015-2022,2355,163,6.92,141,92,1,58,35.6,2198,105,4.78
CHEVROLET,EQUINOX,2015-2022,2609,156,5.98,139,76,2,70,44.9,2501,86,3.44
HYUNDAI,ELANTRA,2015-2022,2325,155,6.67,144,78,4,68,43.9,2220,87,3.92
FORD,EDGE,2015-2022,5042,150,2.98,108,96,0,34,22.7,4981,116,2.33
KIA,SOUL,2015-2022,3009,147,4.89,129,83,4,63,42.9,2920,84,2.88
HYUNDAI,SONATA,2015-2022,3555,144,4.05,127,68,4,34,23.6,3463,110,3.18
NISSAN,SENTRA,2015-2022,1671,142,8.5,126,79,1,64,45.1,1552,78,5.03
CHRYSLER,200,2015-2018,2375,137,5.77,124,67,0,55,40.1,1955,82,4.19
DODGE,DURANGO,2015-2022,1554,132,8.49,82,77,0,25,18.9,1470,107,7.28
CHRYSLER,PACIFICA,2016-2022,3423,131,3.83,108,59,1,20,15.3,3380,111,3.28
FORD,EXPEDITION,2015-2022,2343,126,5.38,65,90,0,33,26.2,2283,93,4.07
KIA,SORENTO,2015-2022,4037,126,3.12,101,79,2,37,29.4,3954,89,2.25
HONDA,ODYSSEY,2015-2022,3166,125,3.95,59,85,1,30,24.0,3042,95,3.12
GMC,SIERRA 1500,2015-2022,3922,114,2.91,96,43,0,29,25.4,3841,85,2.21
HYUNDAI,TUCSON,2015-2022,4331,114,2.63,94,59,1,30,26.3,4272,84,1.97
HONDA,PILOT,2015-2022,5112,110,2.15,90,56,0,27,24.5,5036,83,1.65
MAZDA,CX-5,2015-2022,1719,110,6.4,96,43,0,20,18.2,1664,90,5.41
RAM,2500,2015-2022,4364,110,2.52,105,38,2,24,21.8,4307,86,2.0
KIA,OPTIMA,2015-2020,2595,109,4.2,98,60,2,46,42.2,2513,63,2.51
CHEVROLET,MALIBU,2015-2022,3070,108,3.52,101,52,3,38,35.2,2956,70,2.37
KIA,FORTE,2015-2022,1144,108,9.44,101,58,3,60,55.6,1055,48,4.55
DODGE,JOURNEY,2015-2020,1532,104,6.79,75,69,0,46,44.2,1388,58,4.18
FORD,FOCUS,2015-2018,3922,100,2.55,91,58,0,43,43.0,3865,57,1.47
CHEVROLET,TAHOE,2015-2022,1976,96,4.86,79,50,2,26,27.1,1900,70,3.68
JEEP,COMPASS,2015-2022,2335,94,4.03,83,47,0,32,34.0,2256,62,2.75
FORD,MUSTANG,2015-2022,1633,92,5.63,84,46,1,37,40.2,1571,55,3.5
HYUNDAI,SANTA FE,2015-2022,2323,92,3.96,76,55,0,27,29.3,2258,65,2.88
JEEP,RENEGADE,2015-2022,2177,88,4.04,79,43,0,36,40.9,2097,52,2.48
VOLKSWAGEN,JETTA,2015-2022,1250,88,7.04,69,52,3,28,31.8,1176,60,5.1
DODGE,GRAND CARAVAN,2015-2020,2220,86,3.87,46,59,1,23,26.7,2123,63,2.97
CHEVROLET,TRAVERSE,2015-2022,2235,82,3.67,72,47,2,31,37.8,1622,51,3.14
HONDA,HR-V,2016-2022,978,82,8.38,77,39,0,37,45.1,906,45,4.97
TOYOTA,TACOMA,2015-2022,1306,82,6.28,75,45,1,41,50.0,1251,41,3.28
KIA,SPORTAGE,2015-2022,1162,79,6.8,59,44,0,26,32.9,1126,53,4.71
FORD,F-250 SD,2015-2022,3842,77,2.0,56,39,0,18,23.4,3779,59,1.56
TOYOTA,PRIUS,2015-2022,519,75,14.45,72,32,1,22,29.3,492,53,10.77
CHEVROLET,CRUZE,2015-2019,831,74,8.9,68,34,1,39,52.7,772,35,4.53
GMC,TERRAIN,2015-2022,1268,71,5.6,61,41,0,30,42.3,1210,41,3.39
NISSAN,VERSA,2015-2022,504,69,13.69,63,48,2,44,63.8,418,25,5.98
CHEVROLET,SUBURBAN,2015-2022,1298,66,5.08,54,35,1,15,22.7,1259,51,4.05
CHEVROLET,COLORADO,2015-2022,1944,64,3.29,53,31,3,21,32.8,1896,43,2.27
RAM,3500,2015-2022,1873,61,3.26,59,21,1,13,21.3,1846,48,2.6
CHEVROLET,TRAX,2015-2022,684,59,8.63,54,31,1,29,49.2,632,30,4.75
GMC,ACADIA,2015-2022,2248,59,2.62,49,33,0,17,28.8,1917,42,2.19
DODGE,CHALLENGER,2015-2022,434,58,13.36,53,35,0,31,53.4,392,27,6.89
MITSUBISHI,OUTLANDER,2015-2022,575,58,10.09,51,33,0,29,50.0,527,29,5.5
TOYOTA,SIENNA,2015-2020,611,56,9.17,44,33,0,20,35.7,583,36,6.17
FORD,FIESTA,2015-2019,645,54,8.37,50,27,3,21,38.9,612,33,5.39
DODGE,CHARGER,2015-2022,792,53,6.69,47,27,1,30,56.6,657,23,3.5
VOLKSWAGEN,ATLAS,2018-2022,1606,53,3.3,26,33,0,13,24.5,1263,40,3.17
JEEP,PATRIOT,2015-2017,830,52,6.27,45,39,1,30,57.7,769,22,2.86
FORD,F-350 SD,2015-2022,2048,51,2.49,35,25,0,5,9.8,2020,46,2.28
CHEVROLET,CAMARO,2015-2022,726,50,6.89,45,24,1,24,48.0,687,26,3.78
SUBARU,LEGACY,2015-2022,848,50,5.9,47,19,0,13,26.0,818,37,4.52
BUICK,ENCORE,2015-2022,486,49,10.08,45,32,1,30,61.2,426,19,4.46
NISSAN,PATHFINDER,2015-2022,945,49,5.19,40,20,0,15,30.6,851,34,4.0
LEXUS,RX,2015-2022,296,48,16.22,43,21,0,13,27.1,219,35,15.98
TOYOTA,4RUNNER,2015-2022,431,48,11.14,43,27,0,33,68.8,377,15,3.98
VOLKSWAGEN,ID.4,2021-2022,466,48,10.3,42,22,0,3,6.2,449,45,10.02
DODGE,DART,2015-2016,778,47,6.04,46,22,0,22,46.8,746,25,3.35
VOLKSWAGEN,TIGUAN,2015-2022,1246,47,3.77,32,32,1,12,25.5,1122,35,3.12
ACURA,MDX,2015-2022,1405,46,3.27,38,23,0,10,21.7,1380,36,2.61
BMW,X3,2015-2022,804,46,5.72,41,14,0,7,15.2,762,39,5.12
SUBARU,CROSSTREK,2015-2022,933,45,4.82,42,16,0,5,11.1,920,40,4.35
AUDI,Q5,2015-2022,586,44,7.51,39,22,0,6,13.6,560,38,6.79
BMW,X5,2015-2022,826,44,5.33,39,19,2,11,25.0,772,33,4.27
ACURA,RDX,2015-2022,1523,43,2.82,36,22,1,11,25.6,1452,32,2.2
CHEVROLET,IMPALA,2015-2020,629,43,6.84,35,27,0,15,34.9,554,28,5.05
CHRYSLER,TOWN AND COUNTRY,2015-2016,904,43,4.76,27,28,2,17,39.5,850,26,3.06
FORD,ECOSPORT,2018-2022,1847,42,2.27,38,20,2,16,38.1,1819,26,1.43
GMC,YUKON XL,2015-2022,1192,42,3.52,36,18,0,11,26.2,1171,31,2.65
HONDA,FIT,2015-2020,732,42,5.74,31,28,0,17,40.5,704,25,3.55
ACURA,TLX,2015-2022,861,41,4.76,36,21,0,9,22.0,839,32,3.81
KIA,TELLURIDE,2020-2022,1425,41,2.88,25,22,1,8,19.5,1412,33,2.34
SUBARU,IMPREZA,2015-2022,731,41,5.61,36,19,1,18,43.9,695,23,3.31
FORD,BRONCO SPORT,2021-2022,1036,39,3.76,31,22,0,13,33.3,1020,26,2.55
GMC,YUKON,2015-2022,1646,38,2.31,35,22,0,19,50.0,1610,19,1.18
NISSAN,LEAF,2015-2022,792,38,4.8,34,13,0,7,18.4,767,31,4.04
HYUNDAI,KONA,2018-2022,630,37,5.87,33,23,1,11,29.7,619,26,4.2
HYUNDAI,PALISADE,2020-2022,1261,37,2.93,26,22,0,6,16.2,1217,31,2.55
KIA,SEDONA,2015-2021,677,37,5.47,19,25,1,10,27.0,625,27,4.32
MAZDA,MAZDA3,2015-2022,603,37,6.14,33,18,1,8,21.6,569,29,5.1
HYUNDAI,ACCENT,2015-2022,330,36,10.91,29,26,0,22,61.1,245,14,5.71
LEXUS,RX350,2015-2022,213,36,16.9,35,13,1,17,47.2,193,19,9.84
VOLKSWAGEN,PASSAT,2015-2022,563,36,6.39,32,15,0,16,44.4,410,20,4.88
CHEVROLET,SILVERADO 2500,2015-2022,758,35,4.62,24,17,0,16,45.7,720,19,2.64
FORD,RANGER,2016-2022,544,35,6.43,26,15,0,6,17.1,532,29,5.45
CHRYSLER,300,2015-2022,502,34,6.77,34,22,0,20,58.8,421,14,3.33
KIA,RIO,2015-2022,262,34,12.98,28,21,1,16,47.1,241,18,7.47
NISSAN,MURANO,2015-2022,637,34,5.34,29,19,0,13,38.2,575,21,3.65
CHEVROLET,SONIC,2015-2020,231,33,14.29,29,20,1,22,66.7,188,11,5.85
AUDI,Q7,2015-2022,682,32,4.69,21,18,0,5,15.6,669,27,4.04
BUICK,ENCLAVE,2015-2022,691,32,4.63,26,16,0,10,31.2,326,22,6.75
CHEVROLET,BOLT EV,2017-2022,908,32,3.52,29,9,0,10,31.2,890,22,2.47
FORD,TRANSIT,2015-2022,681,32,4.7,23,19,2,8,25.0,668,24,3.59
MERCEDES-BENZ,C 300,2017-2022,452,32,7.08,23,20,0,9,28.1,429,23,5.36
TOYOTA,TUNDRA,2015-2022,912,32,3.51,24,19,0,13,40.6,887,19,2.14
CHEVROLET,MALIBU HYBRID,2016-2019,1086,31,2.85,29,14,0,8,25.8,1074,23,2.14
TOYOTA,AVALON,2015-2022,211,31,14.69,25,13,6,11,35.5,177,20,11.3
CADILLAC,SRX,2015-2019,611,29,4.75,23,18,1,9,31.0,598,20,3.34
FORD,FUSION HYBRID,2015-2020,268,29,10.82,24,18,1,12,41.4,246,17,6.91
KIA,CARNIVAL,2022-2022,133,29,21.8,4,28,0,2,6.9,131,27,20.61
VOLVO,XC60,2015-2022,314,29,9.24,23,20,0,9,31.0,295,20,6.78
VOLVO,XC90,2016-2022,456,29,6.36,17,15,0,4,13.8,438,25,5.71
JEEP,GLADIATOR,2020-2022,886,28,3.16,22,15,0,4,14.3,873,24,2.75
NISSAN,MAXIMA,2015-2022,329,28,8.51,24,18,0,13,46.4,293,15,5.12
HONDA,RIDGELINE,2015-2022,1115,27,2.42,20,15,0,5,18.5,1095,22,2.01
HYUNDAI,VELOSTER,2015-2021,482,27,5.6,21,17,0,8,29.6,464,19,4.09
CHEVROLET,SPARK,2015-2022,184,26,14.13,23,22,0,19,73.1,154,7,4.55
FORD,MUSTANG MACH E,2021-2022,478,26,5.44,26,8,0,3,11.5,475,23,4.84
LINCOLN,MKZ,2015-2020,336,26,7.74,21,10,0,6,23.1,315,20,6.35
NISSAN,FRONTIER,2015-2022,317,26,8.2,25,9,1,8,30.8,279,18,6.45
SUBARU,ASCENT,2019-2022,918,26,2.83,25,15,0,11,42.3,902,15,1.66
VOLKSWAGEN,GTI,2015-2022,450,26,5.78,6,22,2,2,7.7,439,24,5.47
GMC,CANYON,2015-2022,751,25,3.33,24,14,0,14,56.0,728,11,1.51
HONDA,ACCORD HYBRID,2015-2022,433,25,5.77,22,11,1,3,12.0,424,22,5.19
INFINITI,Q50,2015-2022,307,25,8.14,25,10,0,11,44.0,262,14,5.34
LEXUS,NX,2015-2022,163,25,15.34,21,15,0,6,24.0,154,19,12.34
BMW,X1,2015-2022,457,24,5.25,14,20,0,12,50.0,440,12,2.73
KIA,K5,2021-2022,288,24,8.33,22,18,2,14,58.3,269,10,3.72
ALFA ROMEO,GIULIA,2017-2022,261,23,8.81,22,9,0,8,34.8,248,15,6.05
CADILLAC,ESCALADE,2015-2022,443,23,5.19,17,14,0,6,26.1,432,17,3.94
CHEVROLET,VOLT,2015-2019,1165,23,1.97,18,14,0,4,17.4,1142,19,1.66
FORD,TAURUS,2015-2019,457,23,5.03,21,13,0,7,30.4,445,16,3.6
INFINITI,QX60,2015-2022,309,23,7.44,17,16,0,5,21.7,275,18,6.55
KIA,NIRO,2017-2022,270,23,8.52,21,14,1,7,30.4,260,16,6.15
LINCOLN,NAVIGATOR,2015-2022,292,23,7.88,15,14,0,5,21.7,284,18,6.34
VOLKSWAGEN,GOLF,2015-2022,517,23,4.45,13,18,0,3,13.0,476,20,4.2
HYUNDAI,SANTA FE SPORT,2015-2018,814,22,2.7,17,11,0,6,27.3,790,16,2.03
LAND ROVER,RANGE ROVER,2015-2022,286,22,7.69,20,12,1,1,4.5,280,21,7.5
MERCEDES-BENZ,C300,2015-2016,665,22,3.31,16,12,0,6,27.3,647,16,2.47
SUBARU,WRX,2015-2022,263,22,8.37,20,10,0,10,45.5,249,12,4.82
TOYOTA,VENZA HYBRID,2021-2022,230,22,9.57,21,10,0,6,27.3,223,16,7.17
CHEVROLET,BLAZER,2019-2022,578,21,3.63,17,15,0,5,23.8,570,16,2.81
CHEVROLET,SILVERADO,2015-2017,206,21,10.19,17,11,0,9,42.9,192,12,6.25
LINCOLN,MKC,2015-2019,584,21,3.6,19,7,0,6,28.6,573,15,2.62
MAZDA,CX-9,2015-2022,445,21,4.72,18,10,0,7,33.3,436,14,3.21
NISSAN,KICKS,2018-2022,409,21,5.13,21,9,0,9,42.9,392,12,3.06
TOYOTA,PRIUS PRIME,2017-2022,100,21,21.0,21,6,0,6,28.6,94,15,15.96
FORD,F-150 HYBRID,2021-2022,463,20,4.32,9,13,1,2,10.0,461,18,3.9
FORD,FLEX,2015-2019,552,20,3.62,17,7,0,5,25.0,546,15,2.75
FREIGHTLINER,CASCADIA,2015-2022,129,20,15.5,16,14,6,3,15.0,126,17,13.49
HONDA,PASSPORT,2019-2022,568,20,3.52,19,7,0,5,25.0,555,15,2.7
KIA,SELTOS,2021-2022,437,20,4.58,19,9,0,8,40.0,428,12,2.8
MAZDA,MAZDA6,2015-2021,280,20,7.14,17,10,0,5,25.0,267,15,5.62
MITSUBISHI,MIRAGE,2015-2022,74,20,27.03,20,16,0,17,85.0,52,3,5.77
MITSUBISHI,OUTLANDER SPORT,2015-2022,336,20,5.95,17,13,0,14,70.0,309,6,1.94
NISSAN,TITAN,2015-2022,424,20,4.72,17,10,2,9,45.0,405,11,2.72
HONDA,CR-V HYBRID,2020-2022,252,19,7.54,16,8,0,1,5.3,246,18,7.32
HONDA,INSIGHT,2019-2022,183,19,10.38,16,10,0,8,42.1,170,11,6.47
MERCEDES-BENZ,SPRINTER 2500,2015-2022,296,19,6.42,15,7,0,1,5.3,279,18,6.45
MINI,COOPER,2015-2022,152,19,12.5,18,11,0,12,63.2,139,7,5.04
NISSAN,ROGUE SPORT,2017-2022,339,19,5.6,18,12,0,7,36.8,323,12,3.72
TOYOTA,REDUNDANT SIENNA,2021-2022,284,19,6.69,18,8,0,3,15.8,264,16,6.06
CADILLAC,ESCALADE ESV,2015-2022,253,18,7.11,14,12,0,4,22.2,248,14,5.65
HYUNDAI,GENESIS,2015-2018,388,18,4.64,13,9,0,3,16.7,376,15,3.99
HYUNDAI,IONIQ HYBRID,2017-2022,124,18,14.52,16,7,0,3,16.7,121,15,12.4
MERCEDES-BENZ,GLC 300,2018-2022,325,18,5.54,17,10,0,4,22.2,313,14,4.47
TOYOTA,C-HR,2018-2022,519,18,3.47,16,12,0,8,44.4,511,10,1.96
TOYOTA,RAV4 PRIME,2021-2022,119,18,15.13,17,5,0,6,33.3,113,12,10.62
FORD,BRONCO,2021-2022,598,17,2.84,12,9,0,3,17.6,584,14,2.4
LEXUS,ES,2015-2022,110,17,15.45,16,10,0,8,47.1,67,9,13.43
MAZDA,CX-30,2020-2022,166,17,10.24,15,10,0,4,23.5,160,13,8.12
TOYOTA,YARIS,2015-2020,74,17,22.97,17,12,1,9,52.9,61,8,13.11
ACURA,ILX,2015-2022,174,16,9.2,14,8,0,6,37.5,141,10,7.09
FORD,C-MAX,2015-2018,98,16,16.33,14,9,0,6,37.5,90,10,11.11
LEXUS,ES350,2015-2022,81,16,19.75,15,9,0,5,31.2,75,11,14.67
MERCEDES-BENZ,CLA250,2015-2017,154,16,10.39,12,10,1,11,68.8,128,5,3.91
NISSAN,ARMADA,2015-2022,299,16,5.35,13,11,1,6,37.5,273,10,3.66
BMW,328I,2015-2016,180,15,8.33,14,7,0,2,13.3,176,13,7.39
GMC,SIERRA 2500,2015-2022,420,15,3.57,14,7,0,7,46.7,408,8,1.96
JAGUAR,F-PACE,2017-2022,135,15,11.11,13,9,1,5,33.3,129,10,7.75
LAND ROVER,RANGE ROVER SPORT,2015-2022,309,15,4.85,9,9,0,2,13.3,298,13,4.36
VOLKSWAGEN,ATLAS CROSS SPORT,2020-2022,338,15,4.44,13,8,0,9,60.0,269,6,2.23
BMW,428I,2015-2016,119,14,11.76,12,8,0,5,35.7,111,9,8.11
CADILLAC,XT5,2017-2022,268,14,5.22,13,7,0,5,35.7,258,9,3.49
GENESIS,G80,2017-2022,213,14,6.57,14,8,0,7,50.0,203,7,3.45
JEEP,WAGONEER,2022-2022,199,14,7.04,11,5,0,1,7.1,195,13,6.67
MERCEDES-BENZ,GLA 250,2015-2022,277,14,5.05,10,12,0,6,42.9,244,8,3.28
NISSAN,VERSA NOTE,2015-2019,128,14,10.94,14,7,0,7,50.0,111,7,6.31
POLARIS,SLINGSHOT,2015-2022,89,14,15.73,10,13,3,1,7.1,88,13,14.77
RAM,PROMASTER,2015-2022,458,14,3.06,14,1,0,1,7.1,451,13,2.88
VOLKSWAGEN,GOLF SPORTWAGEN,2015-2019,170,14,8.24,7,10,0,2,14.3,134,12,8.96
VOLVO,XC40,2019-2022,130,14,10.77,10,9,0,3,21.4,124,11,8.87
BMW,530I,2017-2022,93,13,13.98,10,9,0,3,23.1,71,10,14.08
BUICK,ENVISION,2016-2022,194,13,6.7,8,7,0,4,30.8,182,9,4.95
FORD,TRANSIT CONNECT,2015-2022,317,13,4.1,9,7,0,3,23.1,309,10,3.24
HYUNDAI,SONATA HYBRID,2015-2022,364,13,3.57,12,7,0,3,23.1,359,10,2.79
INFINITI,QX50,2015-2022,262,13,4.96,10,9,0,1,7.7,254,12,4.72
KIA,EV6,2022-2022,275,13,4.73,11,4,1,2,15.4,272,11,4.04
MERCEDES-BENZ,GLE 350,2018-2022,213,13,6.1,12,7,1,2,15.4,208,11,5.29
AUDI,A4,2015-2022,282,12,4.26,10,5,0,2,16.7,261,10,3.83
BMW,320I,2015-2018,88,12,13.64,12,7,0,8,66.7,76,4,5.26
CHEVROLET,CORVETTE,2015-2022,686,12,1.75,10,10,0,7,58.3,677,5,0.74
CHEVROLET,TRAILBLAZER,2021-2022,300,12,4.0,10,7,0,2,16.7,296,10,3.38
CHRYSLER,PACIFICA PLUG-IN HYBRID,2017-2022,546,12,2.2,9,5,0,0,0.0,545,12,2.2
FORD,ESCAPE HYBRID,2020-2022,474,12,2.53,6,8,0,2,16.7,469,10,2.13
GMC,SIERRA 3500,2015-2022,192,12,6.25,10,5,0,3,25.0,184,9,4.89
HONDA,CLARITY PLUG-IN HYBRID,2017-2021,185,12,6.49,12,4,1,3,25.0,180,9,5.0
MERCEDES-BENZ,GLC300,2016-2017,231,12,5.19,12,7,0,5,41.7,209,7,3.35
MERCEDES-BENZ,ML350,2015-2015,52,12,23.08,10,3,0,2,16.7,49,10,20.41
MITSUBISHI,MIRAGE G4,2017-2022,43,12,27.91,12,11,1,8,66.7,29,4,13.79
TOYOTA,PRIUS V,2015-2018,53,12,22.64,12,4,0,5,41.7,47,7,14.89
TOYOTA,RAV4 HYBRID,2016-2022,107,12,11.21,11,5,0,3,25.0,84,9,10.71
BUICK,LACROSSE,2015-2019,144,11,7.64,10,6,0,9,81.8,129,2,1.55
CHEVROLET,SILVERADO 3500,2015-2022,264,11,4.17,10,4,0,4,36.4,257,7,2.72
FIAT,500,2015-2018,124,11,8.87,9,6,0,3,27.3,119,8,6.72
LAND ROVER,RANGE ROVER EVOQUE,2015-2022,262,11,4.2,10,5,0,4,36.4,251,7,2.79
LINCOLN,MKX,2015-2018,255,11,4.31,9,4,0,2,18.2,251,9,3.59
MERCEDES-BENZ,SPRINTER 3500,2015-2022,176,11,6.25,8,5,0,2,18.2,155,9,5.81
AUDI,A4 ALLROAD,2015-2021,114,10,8.77,8,5,0,5,50.0,92,5,5.43
BMW,430I,2017-2022,109,10,9.17,8,7,0,5,50.0,96,5,5.21
BUICK,REGAL,2015-2020,133,10,7.52,7,7,0,2,20.0,128,8,6.25
GMC,SIERRA,2015-2017,120,10,8.33,10,1,0,3,30.0,113,7,6.19
HARLEY-DAVIDSON,XG750,2015-2018,88,10,11.36,9,6,1,0,0.0,88,10,11.36
LEXUS,NX200T,2015-2017,33,10,30.3,10,7,0,5,50.0,27,5,18.52
LINCOLN,AVIATOR,2020-2022,190,10,5.26,7,4,0,3,30.0,186,7,3.76
MERCEDES-BENZ,CLA 250,2018-2022,90,10,11.11,6,8,0,4,40.0,79,6,7.59
MERCEDES-BENZ,GLE350,2016-2017,112,10,8.93,10,4,0,2,20.0,107,8,7.48
NISSAN,REDUNDANT ROGUE SPORT,2020-2022,31,10,32.26,10,6,0,4,40.0,26,6,23.08
VOLVO,S60,2015-2022,160,10,6.25,7,4,0,2,20.0,155,8,5.16
BMW,330I,2017-2022,201,9,4.48,7,7,0,4,44.4,187,5,2.67
FORD,MAVERICK,2022-2022,150,9,6.0,8,4,0,3,33.3,141,6,4.26
HONDA,GL1800,2015-2022,64,9,14.06,7,5,0,0,0.0,64,9,14.06
LAND ROVER,RANGE ROVER VELAR,2018-2022,103,9,8.74,5,7,0,1,11.1,101,8,7.92
LEXUS,GX460,2015-2022,33,9,27.27,9,4,0,1,11.1,30,8,26.67
MAZDA,CX-3,2016-2021,111,9,8.11,9,2,0,2,22.2,106,7,6.6
MINI,CLUBMAN,2015-2022,51,9,17.65,9,4,0,4,44.4,47,5,10.64
NISSAN,JUKE,2015-2017,76,9,11.84,8,2,0,2,22.2,70,7,10.0
PORSCHE,MACAN,2015-2022,204,9,4.41,9,1,0,2,22.2,152,7,4.61
AUDI,A3,2015-2022,284,8,2.82,6,5,0,1,12.5,155,7,4.52
AUDI,Q3,2015-2022,205,8,3.9,6,3,0,1,12.5,191,7,3.66
BMW,I3,2015-2019,158,8,5.06,7,4,0,2,25.0,141,6,4.26
BUICK,ENCORE GX,2020-2022,151,8,5.3,7,5,0,3,37.5,147,5,3.4
FORD,C-MAX ENERGI,2015-2017,57,8,14.04,8,2,0,1,12.5,56,7,12.5
FORD,MAVERICK HYBRID,2022-2022,459,8,1.74,6,3,0,1,12.5,444,7,1.58
GENESIS,G70,2019-2022,110,8,7.27,8,1,0,2,25.0,107,6,5.61
GENESIS,GV70,2022-2022,92,8,8.7,8,2,1,2,25.0,90,6,6.67
HARLEY-DAVIDSON,FLHTCUTG,2015-2022,42,8,19.05,7,6,4,0,0.0,42,8,19.05
HYUNDAI,IONIQ 5,2022-2022,404,8,1.98,7,1,0,0,0.0,403,8,1.99
JEEP,GRAND CHEROKEE 4XE,2022-2022,147,8,5.44,8,5,0,2,25.0,144,6,4.17
MERCEDES-BENZ,E350,2015-2017,89,8,8.99,7,6,0,2,25.0,81,6,7.41
MITSUBISHI,LANCER,2015-2017,59,8,13.56,7,5,0,6,75.0,50,2,4.0
PORSCHE,TAYCAN,2020-2022,239,8,3.35,7,2,0,1,12.5,236,7,2.97
RIVIAN,R1T,2022-2022,65,8,12.31,7,6,0,0,0.0,60,8,13.33
SMART,FORTWO,2015-2019,36,8,22.22,6,5,0,1,12.5,35,7,20.0
TOYOTA,CAMRY HYBRID,2015-2022,83,8,9.64,7,5,0,4,50.0,60,4,6.67
TOYOTA,VENZA,2015-2015,27,8,29.63,8,3,0,2,25.0,21,6,28.57
ALFA ROMEO,STELVIO,2018-2022,195,7,3.59,7,3,0,1,14.3,186,6,3.23
BMW,540I,2017-2022,76,7,9.21,7,3,0,1,14.3,55,6,10.91
CADILLAC,ATS,2015-2019,116,7,6.03,6,6,0,2,28.6,105,5,4.76
CAN-AM,RYKER,2019-2022,123,7,5.69,6,4,0,0,0.0,123,7,5.69
FORD,FUSION ENERGI,2015-2020,232,7,3.02,5,2,1,1,14.3,231,6,2.6
FOREST RIVER,ROCKWOOD,2015-2022,78,7,8.97,5,4,0,0,0.0,78,7,8.97
GENESIS,GV80,2021-2022,101,7,6.93,7,4,0,2,28.6,98,5,5.1
GMC,SIERRA DENALI,2015-2020,118,7,5.93,4,4,0,1,14.3,116,6,5.17
LAND ROVER,DISCOVERY SPORT,2015-2022,167,7,4.19,7,1,0,0,0.0,167,7,4.19
LINCOLN,CORSAIR,2020-2022,128,7,5.47,4,5,0,3,42.9,125,4,3.2
MAZDA,MX-5,2015-2022,66,7,10.61,6,4,0,4,57.1,57,3,5.26
MERCEDES-BENZ,AMG GLE43,2017-2019,38,7,18.42,4,5,0,1,14.3,37,6,16.22
MERCEDES-BENZ,S550,2015-2017,72,7,9.72,4,5,0,3,42.9,66,4,6.06
RAM,5500,2015-2022,137,7,5.11,6,3,0,1,14.3,136,6,4.41
SCION,TC,2015-2016,28,7,25.0,5,5,0,4,57.1,23,3,13.04
TOYOTA,PRIUS C,2015-2018,37,7,18.92,5,6,0,3,42.9,34,4,11.76
AUDI,A5,2015-2022,138,6,4.35,4,2,1,1,16.7,132,5,3.79
AUDI,E-TRON,2019-2022,145,6,4.14,5,3,0,2,33.3,142,4,2.82
AUDI,SQ5,2015-2022,84,6,7.14,4,2,0,1,16.7,80,5,6.25
BMW,530E,2018-2022,44,6,13.64,4,4,0,1,16.7,33,5,15.15
BMW,X1 SAV,2015-2017,54,6,11.11,5,4,0,4,66.7,24,2,8.33
BMW,X4,2015-2022,76,6,7.89,6,1,0,3,50.0,70,3,4.29
BMW,X7,2019-2022,163,6,3.68,3,3,0,0,0.0,160,6,3.75
CADILLAC,XTS,2015-2019,72,6,8.33,5,1,0,0,0.0,69,6,8.7
CHEVROLET,EXPRESS,2015-2022,96,6,6.25,5,4,0,3,50.0,88,3,3.41
FORD,E-350,2015-2022,67,6,8.96,4,2,0,0,0.0,67,6,8.96
FORD,F-150 LIGHTNING BEV,2022-2022,90,6,6.67,4,2,0,0,0.0,89,6,6.74
FORD,F-450,2015-2020,83,6,7.23,4,3,0,0,0.0,82,6,7.32
GENESIS,G90,2017-2022,57,6,10.53,6,2,0,0,0.0,56,6,10.71
HYUNDAI,TUCSON HYBRID,2022-2022,112,6,5.36,6,1,0,1,16.7,109,5,4.59
HYUNDAI,VENUE,2020-2022,96,6,6.25,6,2,0,1,16.7,94,5,5.32
JAGUAR,XJ,2015-2019,19,6,31.58,6,4,0,2,33.3,17,4,23.53
JEEP,GRAND CHEROKEE L,2021-2022,146,6,4.11,5,2,0,3,50.0,140,3,2.14
KIA,NIRO EV,2019-2022,68,6,8.82,6,1,0,1,16.7,67,5,7.46
KIA,SOUL EV,2015-2019,37,6,16.22,6,2,0,0,0.0,37,6,16.22
LEXUS,RX HYBRID,2015-2020,30,6,20.0,6,2,0,2,33.3,26,4,15.38
LINCOLN,CONTINENTAL,2017-2020,133,6,4.51,4,2,0,0,0.0,131,6,4.58
LINCOLN,NAUTILUS,2019-2022,168,6,3.57,6,1,0,1,16.7,166,5,3.01
MASERATI,GHIBLI,2015-2020,60,6,10.0,6,2,0,1,16.7,58,5,8.62
MERCEDES-BENZ,E 300,2018-2019,61,6,9.84,4,5,0,2,33.3,58,4,6.9
MERCEDES-BENZ,GLB 250,2020-2022,91,6,6.59,4,4,0,1,16.7,86,5,5.81
MERCEDES-BENZ,GLS450,2017-2021,70,6,8.57,3,4,0,1,16.7,69,5,7.25
MITSUBISHI,ECLIPSE CROSS,2018-2022,43,6,13.95,5,5,1,4,66.7,36,2,5.56
NISSAN,TITAN XD,2016-2016,197,6,3.05,5,2,0,2,33.3,194,4,2.06
SCION,IA,2016-2016,23,6,26.09,6,3,0,4,66.7,17,2,11.76
SUBARU,XV CROSSTREK,2015-2017,84,6,7.14,6,3,0,2,33.3,80,4,5.0
TOYOTA,COROLLA CROSS,2022-2022,45,6,13.33,6,6,0,5,83.3,39,1,2.56
TOYOTA,MIRAI,2016-2022,24,6,25.0,4,3,0,0,0.0,22,6,27.27
AUDI,A6,2015-2022,261,5,1.92,4,4,0,2,40.0,241,3,1.24
BMW,X6,2015-2022,51,5,9.8,3,4,0,1,20.0,48,4,8.33
CADILLAC,CT5,2020-2022,71,5,7.04,5,3,0,3,60.0,66,2,3.03
CADILLAC,CTS,2015-2019,123,5,4.07,4,1,0,1,20.0,118,4,3.39
HARLEY-DAVIDSON,FLHXS,2015-2022,34,5,14.71,4,3,0,0,0.0,34,5,14.71
HYUNDAI,AZERA,2015-2017,36,5,13.89,3,3,0,1,20.0,32,4,12.5
HYUNDAI,IONIQ PLUG-IN HYBRID,2018-2022,26,5,19.23,5,3,0,1,20.0,25,4,16.0
HYUNDAI,KONA ELECTRIC,2019-2022,127,5,3.94,5,1,0,1,20.0,126,4,3.17
INFINITI,Q60,2015-2021,70,5,7.14,4,3,0,1,20.0,55,4,7.27
INFINITI,QX30,2017-2019,59,5,8.47,5,4,0,3,60.0,43,2,4.65
KIA,CADENZA,2015-2019,106,5,4.72,5,2,0,2,40.0,102,3,2.94
KIA,STINGER,2018-2022,161,5,3.11,5,1,1,0,0.0,161,5,3.11
LAND ROVER,DISCOVERY,2016-2022,172,5,2.91,5,2,1,0,0.0,167,5,2.99
LEXUS,ES HYBRID,2015-2022,26,5,19.23,5,1,0,2,40.0,23,3,13.04
LUCID,AIR,2022-2022,23,5,21.74,5,0,0,1,20.0,21,4,19.05
MERCEDES-BENZ,E300,2016-2017,132,5,3.79,2,5,0,1,20.0,126,4,3.17
MERCEDES-BENZ,E400,2015-2017,69,5,7.25,3,3,0,2,40.0,23,3,13.04
MERCEDES-BENZ,GLK350,2015-2015,114,5,4.39,4,4,1,3,60.0,30,2,6.67
PORSCHE,CAYENNE,2015-2022,170,5,2.94,3,2,0,0,0.0,137,5,3.65
TOYOTA,COROLLA IM,2017-2018,20,5,25.0,5,4,0,3,60.0,16,2,12.5
TOYOTA,YARIS IA,2017-2018,24,5,20.83,5,2,0,4,80.0,19,1,5.26
VOLKSWAGEN,BEETLE,2015-2019,177,5,2.82,5,1,0,2,40.0,87,3,3.45
VOLKSWAGEN,GOLF R,2015-2022,53,5,9.43,1,4,0,0,0.0,53,5,9.43
AUDI,Q8,2019-2022,168,4,2.38,3,2,0,0,0.0,167,4,2.4
BMW,228I,2015-2022,48,4,8.33,3,4,0,3,75.0,45,1,2.22
BMW,528I,2015-2016,124,4,3.23,2,3,0,2,50.0,118,2,1.69
BUICK,VERANO,2015-2017,126,4,3.17,4,2,0,1,25.0,91,3,3.3
CADILLAC,CT6,2016-2020,64,4,6.25,4,2,1,2,50.0,62,2,3.23
DODGE,CARAVAN,2015-2017,26,4,15.38,4,2,0,1,25.0,23,3,13.04
FIAT,500X,2016-2022,187,4,2.14,4,2,0,3,75.0,180,1,0.56
FORD,EXPLORER HYBRID,2020-2022,9,4,44.44,3,3,0,1,25.0,8,3,37.5
FORD,F-550,2016-2020,60,4,6.67,4,0,0,1,25.0,55,3,5.45
GMC,YUKON DENALI,2015-2019,108,4,3.7,4,3,0,2,50.0,106,2,1.89
HARLEY-DAVIDSON,XG500,2015-2019,14,4,28.57,3,3,0,0,0.0,14,4,28.57
HONDA,SXS1000,2016-2020,9,4,44.44,3,4,0,0,0.0,9,4,44.44
HYUNDAI,ELANTRA HYBRID,2021-2022,68,4,5.88,3,3,0,1,25.0,67,3,4.48
HYUNDAI,SANTA CRUZ,2022-2022,179,4,2.23,4,3,0,3,75.0,176,1,0.57
JAGUAR,XE,2017-2020,37,4,10.81,4,3,0,2,50.0,32,2,6.25
LAND ROVER,DEFENDER,2020-2022,163,4,2.45,3,2,0,0,0.0,161,4,2.48
LAND ROVER,LR4,2015-2016,46,4,8.7,1,3,0,1,25.0,44,3,6.82
LEXUS,CT,2015-2016,19,4,21.05,2,4,1,2,50.0,17,2,11.76
LEXUS,IS 300,2016-2022,22,4,18.18,3,4,0,1,25.0,21,3,14.29
LEXUS,UX,2020-2022,9,4,44.44,4,1,0,2,50.0,7,2,28.57
LINCOLN,MKT,2015-2019,59,4,6.78,2,3,0,0,0.0,59,4,6.78
MERCEDES-BENZ,GLE450,2016-2016,25,4,16.0,4,2,0,0,0.0,25,4,16.0
MERCEDES-BENZ,GLS 450,2018-2020,69,4,5.8,4,1,0,2,50.0,66,2,3.03
MERCEDES-BENZ,S 580,2021-2022,57,4,7.02,2,3,1,0,0.0,57,4,7.02
MINI,COUNTRYMAN,2015-2022,67,4,5.97,3,1,0,2,50.0,61,2,3.28
TOYOTA,SEQUOIA,2015-2022,62,4,6.45,2,4,0,0,0.0,59,4,6.78
TOYOTA,SUPRA,2020-2022,37,4,10.81,4,1,0,1,25.0,36,3,8.33
VOLKSWAGEN,GOLF ALLTRACK,2017-2019,99,4,4.04,1,3,0,0,0.0,87,4,4.6
VOLKSWAGEN,TAOS,2022-2022,311,4,1.29,4,1,0,2,50.0,303,2,0.66
VOLVO,VNL,2015-2022,31,4,12.9,3,2,0,1,25.0,30,3,10.0
ASTON MARTIN,V8 VANTAGE S,2016-2016,4,3,75.0,3,3,0,0,0.0,3,3,100.0
AUDI,A8,2015-2021,72,3,4.17,3,1,0,1,33.3,71,2,2.82
AUDI,S5,2015-2022,62,3,4.84,2,1,0,1,33.3,59,2,3.39
BMW,440I,2017-2019,16,3,18.75,3,2,0,2,66.7,14,1,7.14
BMW,I4,2022-2022,9,3,33.33,3,1,0,1,33.3,8,2,25.0
BMW,IX,2022-2022,29,3,10.34,3,0,0,0,0.0,28,3,10.71
BMW,R1200 GS,2015-2018,29,3,10.34,3,2,0,0,0.0,29,3,10.34
BMW,X2,2018-2022,21,3,14.29,3,2,0,2,66.7,19,1,5.26
BMW,Z4,2015-2022,21,3,14.29,3,1,0,1,33.3,20,2,10.0
CAN-AM,SPYDER RT,2015-2022,52,3,5.77,1,3,1,0,0.0,52,3,5.77
CHRYSLER,300C,2015-2017,23,3,13.04,3,0,0,0,0.0,21,3,14.29
FORD,E-450,2015-2022,84,3,3.57,2,1,0,0,0.0,81,3,3.7
FORD,ESCAPE PHEV,2020-2022,101,3,2.97,2,2,0,0,0.0,99,3,3.03
FORD,F-550 SD,2015-2022,45,3,6.67,2,2,0,0,0.0,45,3,6.67
GMC,YUKON DENALI XL,2015-2018,100,3,3.0,2,1,0,0,0.0,100,3,3.0
GRAND DESIGN,REFLECTION,2015-2022,132,3,2.27,1,2,0,0,0.0,132,3,2.27
HARLEY-DAVIDSON,FLHX,2015-2020,21,3,14.29,3,3,0,0,0.0,21,3,14.29
HARLEY-DAVIDSON,FLTRX,2015-2022,12,3,25.0,1,3,0,0,0.0,12,3,25.0
HARLEY-DAVIDSON,FLTRXS,2015-2022,41,3,7.32,3,2,0,0,0.0,41,3,7.32
HONDA,CIVIC TYPE R,2017-2021,24,3,12.5,3,1,0,1,33.3,22,2,9.09
HYUNDAI,IONIQ ELECTRIC,2017-2021,24,3,12.5,3,1,0,0,0.0,24,3,12.5
INDIAN,SCOUT,2015-2022,18,3,16.67,3,2,0,0,0.0,18,3,16.67
INFINITI,QX80,2015-2022,92,3,3.26,3,3,0,2,66.7,77,1,1.3
JAGUAR,I-PACE,2019-2022,205,3,1.46,3,0,0,0,0.0,205,3,1.46
KENWORTH,T680,2015-2022,52,3,5.77,2,1,0,0,0.0,52,3,5.77
KYMCO,K-PIPE,2017-2022,5,3,60.0,3,2,0,0,0.0,5,3,60.0
LEXUS,LS500,2018-2021,8,3,37.5,3,1,0,0,0.0,8,3,37.5
LINCOLN,AVIATOR PHEV,2020-2022,27,3,11.11,2,1,0,1,33.3,26,2,7.69
MAZDA,MAZDA5,2015-2016,11,3,27.27,3,1,0,1,33.3,10,2,20.0
MERCEDES-BENZ,A 220,2019-2022,77,3,3.9,2,3,0,1,33.3,71,2,2.82
MERCEDES-BENZ,E 450,2019-2022,43,3,6.98,1,3,0,1,33.3,42,2,4.76
MERCEDES-BENZ,EQS 450+,2022-2022,8,3,37.5,3,2,0,1,33.3,7,2,28.57
MERCEDES-BENZ,GL450,2015-2017,32,3,9.38,2,1,0,0,0.0,32,3,9.38
MERCEDES-BENZ,GLC,2015-2018,19,3,15.79,3,2,0,2,66.7,14,1,7.14
MINI,COOPER S,2015-2022,43,3,6.98,3,2,0,1,33.3,40,2,5.0
NISSAN,370Z,2015-2019,14,3,21.43,3,3,0,2,66.7,10,1,10.0
NISSAN,NV,2015-2021,44,3,6.82,2,2,0,0,0.0,41,3,7.32
NISSAN,NV200,2015-2021,26,3,11.54,3,2,0,2,66.7,14,1,7.14
NISSAN,REDUNDANT NV200,2015-2017,20,3,15.0,1,3,0,3,100.0,9,0,0.0
POLESTAR,POLESTAR 2,2021-2022,452,3,0.66,3,0,0,0,0.0,449,3,0.67
PORSCHE,PANAMERA,2015-2022,29,3,10.34,3,2,0,1,33.3,27,2,7.41
RAM,4500,2015-2022,34,3,8.82,3,1,0,1,33.3,33,2,6.06
TOYOTA,LAND CRUISER,2015-2021,15,3,20.0,2,1,0,2,66.7,8,1,12.5
TOYOTA,SIENNA HYBRID,2021-2022,61,3,4.92,1,3,0,1,33.3,45,2,4.44
VOLVO,V60,2015-2021,49,3,6.12,2,2,0,1,33.3,48,2,4.17
VOLVO,V90CC,2017-2022,18,3,16.67,1,3,0,1,33.3,15,2,13.33
WESTERN STAR,4700,2017-2021,5,3,60.0,2,1,1,1,33.3,4,2,50.0
WINNEBAGO,MICRO MINNIE,2018-2022,11,3,27.27,0,3,0,0,0.0,11,3,27.27
ALLIANCE RV,VALOR,2021-2022,4,2,50.0,0,2,0,0,0.0,4,2,50.0
AUDI,A7,2015-2021,75,2,2.67,1,2,0,1,50.0,67,1,1.49
AUDI,Q4 E-TRON SPORTBACK,2022-2022,5,2,40.0,2,1,0,0,0.0,5,2,40.0
AUDI,Q5 SPORTBACK,2022-2022,23,2,8.7,1,2,0,1,50.0,22,1,4.55
BMW,328XI,2015-2016,18,2,11.11,1,2,0,0,0.0,18,2,11.11
BMW,330E,2016-2022,23,2,8.7,1,2,0,0,0.0,23,2,8.7
BMW,640I,2015-2019,12,2,16.67,2,1,0,0,0.0,12,2,16.67
BMW,740I,2015-2021,31,2,6.45,1,1,0,0,0.0,31,2,6.45
CADILLAC,XT4,2019-2022,53,2,3.77,2,0,0,0,0.0,51,2,3.92
CHEVROLET,CAPTIVA,2015-2015,14,2,14.29,1,2,0,1,50.0,12,1,8.33
CHEVROLET,CHEVEROLET SS,2015-2017,52,2,3.85,1,1,0,1,50.0,47,1,2.13
CHEVROLET,SPARK EV,2015-2016,21,2,9.52,2,1,0,1,50.0,17,1,5.88
CHRYSLER,VOYAGER,2020-2022,33,2,6.06,2,1,0,0,0.0,32,2,6.25
ENTEGRA,ASPIRE,2015-2021,21,2,9.52,2,0,0,0,0.0,21,2,9.52
FERRARI,488 GTB,2016-2019,9,2,22.22,2,2,0,0,0.0,6,2,33.33
FLEETWOOD,BOUNDER,2015-2022,25,2,8.0,1,1,0,0,0.0,25,2,8.0
FOREST RIVER,AVENGER,2017-2021,5,2,40.0,1,1,0,0,0.0,5,2,40.0
FOREST RIVER,CHEROKEE,2015-2022,129,2,1.55,2,0,0,0,0.0,129,2,1.55
FOREST RIVER,FLAGSTAFF,2015-2022,38,2,5.26,1,2,0,0,0.0,38,2,5.26
FOREST RIVER,SHASTA,2015-2017,49,2,4.08,0,2,0,0,0.0,49,2,4.08
FOREST RIVER,VENGEANCE,2015-2022,26,2,7.69,0,2,0,0,0.0,26,2,7.69
FOREST RIVER,WILDWOOD,2015-2022,52,2,3.85,0,2,0,0,0.0,52,2,3.85
GMC,SAVANA,2015-2022,26,2,7.69,2,0,0,0,0.0,24,2,8.33
HARLEY-DAVIDSON,FLHTK,2015-2022,40,2,5.0,2,2,0,0,0.0,40,2,5.0
HARLEY-DAVIDSON,FLRT,2015-2020,13,2,15.38,1,2,0,0,0.0,13,2,15.38
HARLEY-DAVIDSON,XG750A,2017-2018,5,2,40.0,2,2,0,0,0.0,5,2,40.0
HARLEY-DAVIDSON,XL883N,2016-2021,7,2,28.57,2,2,0,0,0.0,7,2,28.57
HONDA,CLARITY ELECTRIC,2017-2020,31,2,6.45,2,0,0,1,50.0,30,1,3.33
HONDA,CRF1000D,2016-2018,10,2,20.0,1,2,0,0,0.0,10,2,20.0
HONDA,CRF1100,2021-2022,11,2,18.18,2,0,0,0,0.0,11,2,18.18
HYUNDAI,SANTA FE HYBRID,2021-2022,57,2,3.51,2,0,0,0,0.0,56,2,3.57
HYUNDAI,SANTA FE PLUG-IN HYBRID,2022-2022,27,2,7.41,2,0,0,1,50.0,26,1,3.85
INDIAN,CHIEFTAIN,2015-2019,9,2,22.22,2,2,0,0,0.0,9,2,22.22
INFINITI,Q40,2015-2015,8,2,25.0,1,1,0,0,0.0,5,2,40.0
INFINITI,Q70,2015-2019,18,2,11.11,1,1,0,1,50.0,15,1,6.67
INTERNATIONAL,LT,2018-2022,11,2,18.18,1,2,0,0,0.0,11,2,18.18
ISUZU,NPR,2015-2020,5,2,40.0,2,0,0,0,0.0,5,2,40.0
JAGUAR,XF,2015-2022,33,2,6.06,2,1,0,1,50.0,30,1,3.33
JAYCO,GREYHAWK,2015-2021,11,2,18.18,0,2,0,0,0.0,11,2,18.18
KENWORTH,T880,2016-2021,7,2,28.57,2,0,0,0,0.0,7,2,28.57
KENWORTH,W900,2021-2022,3,2,66.67,2,1,0,0,0.0,3,2,66.67
KEYSTONE,KEYSTONE,2016-2021,33,2,6.06,0,2,0,0,0.0,33,2,6.06
KIA,K900,2015-2019,68,2,2.94,1,1,0,0,0.0,52,2,3.85
KTM,790 ADVENTURE R,2019-2022,44,2,4.55,1,1,0,0,0.0,44,2,4.55
LEXUS,GS 350,2015-2018,23,2,8.7,2,1,0,1,50.0,22,1,4.55
LEXUS,GX,2015-2022,33,2,6.06,2,1,0,1,50.0,31,1,3.23
LEXUS,NX HYBRID,2015-2022,8,2,25.0,2,0,0,1,50.0,7,1,14.29
LEXUS,NX200,2015-2017,14,2,14.29,1,2,0,0,0.0,14,2,14.29
LEXUS,NX300,2018-2020,25,2,8.0,2,2,0,2,100.0,23,0,0.0
LEXUS,UX HYBRID,2019-2022,8,2,25.0,2,0,0,0,0.0,8,2,25.0
LINCOLN,MKZ HYBRID,2015-2020,39,2,5.13,2,2,0,0,0.0,38,2,5.26
MASERATI,LEVANTE,2017-2022,27,2,7.41,2,1,0,0,0.0,27,2,7.41
MERCEDES-BENZ,AMG E53,2019-2022,16,2,12.5,2,1,0,0,0.0,16,2,12.5
MERCEDES-BENZ,AMG EQS,2022-2022,4,2,50.0,1,1,0,0,0.0,3,2,66.67
MERCEDES-BENZ,AMG S63,2015-2020,10,2,20.0,2,1,0,0,0.0,9,2,22.22
MERCEDES-BENZ,C250,2015-2016,13,2,15.38,2,2,0,2,100.0,4,0,0.0
MERCEDES-BENZ,E 350,2020-2022,29,2,6.9,0,2,0,0,0.0,29,2,6.9
MERCEDES-BENZ,E63,2015-2015,2,2,100.0,2,1,1,1,50.0,1,1,100.0
MERCEDES-BENZ,EQS 450,2022-2022,26,2,7.69,2,1,0,1,50.0,25,1,4.0
MERCEDES-BENZ,GLE550E,2016-2017,4,2,50.0,2,0,0,0,0.0,4,2,50.0
MERCEDES-BENZ,GLS 450 4MATIC,2022-2022,14,2,14.29,2,0,0,0,0.0,14,2,14.29
MERCEDES-BENZ,GLS580,2021-2021,5,2,40.0,1,2,0,1,50.0,4,1,25.0
MERCEDES-BENZ,METRIS,2015-2022,209,2,0.96,1,1,0,0,0.0,206,2,0.97
MERCEDES-BENZ,ML250,2015-2015,10,2,20.0,2,2,0,1,50.0,9,1,11.11
MERCEDES-BENZ,S550 4MATIC,2015-2017,19,2,10.53,2,1,0,1,50.0,17,1,5.88
MERCEDES-BENZ,SPRINTER 1500,2016-2022,26,2,7.69,2,0,0,0,0.0,25,2,8.0
PETERBILT,389,2015-2022,16,2,12.5,1,0,1,0,0.0,16,2,12.5
POLARIS,SPORTSMAN 1000XP,2015-2015,16,2,12.5,0,2,0,0,0.0,16,2,12.5
PORSCHE,MACAN S,2015-2020,20,2,10.0,2,2,0,1,50.0,12,1,8.33
RAM,PROMASTER CITY,2015-2022,100,2,2.0,2,1,0,1,50.0,99,1,1.01
RIVIAN,R1S,2022-2022,6,2,33.33,2,2,0,1,50.0,3,1,33.33
SCION,XB,2015-2015,6,2,33.33,2,1,0,1,50.0,5,1,20.0
SONDORS,METACYCLE,2021-2021,9,2,22.22,2,2,0,0,0.0,9,2,22.22
SUBARU,BRZ,2015-2022,27,2,7.41,2,0,0,0,0.0,25,2,8.0
SUZUKI,GSX-R1000,2015-2021,8,2,25.0,2,2,0,0,0.0,8,2,25.0
THOR MOTOR COACH,OUTLAW,2015-2022,21,2,9.52,1,1,0,0,0.0,21,2,9.52
TOYOTA,86,2017-2020,14,2,14.29,2,1,0,0,0.0,13,2,15.38
TOYOTA,AVALON HYBRID,2015-2021,22,2,9.09,2,1,0,2,100.0,15,0,0.0
TOYOTA,GR86,2022-2022,21,2,9.52,1,1,0,0,0.0,21,2,9.52
TOYOTA,HIGHLANDER HYBRID,2015-2022,54,2,3.7,1,1,0,0,0.0,42,2,4.76
TRIUMPH,SPEED TRIPLE RR,2022-2022,2,2,100.0,2,2,0,0,0.0,2,2,100.0
VOLKSWAGEN,CC,2015-2017,60,2,3.33,2,2,0,1,50.0,40,1,2.5
VOLKSWAGEN,E-GOLF,2015-2019,53,2,3.77,0,2,0,0,0.0,53,2,3.77
VOLVO,S80,2015-2016,13,2,15.38,1,1,0,1,50.0,12,1,8.33
VOLVO,S90,2017-2022,32,2,6.25,2,1,0,0,0.0,31,2,6.45
WINNEBAGO,TRAVATO,2015-2022,23,2,8.7,1,1,0,0,0.0,23,2,8.7
ACURA,MDX TYPE S,2022-2022,23,1,4.35,1,1,0,0,0.0,23,1,4.35
ACURA,NSX,2017-2021,7,1,14.29,1,0,0,1,100.0,6,0,0.0
ACURA,RLX,2015-2020,27,1,3.7,1,1,0,1,100.0,26,0,0.0
AIRSTREAM,INTERNATIONAL,2015-2020,4,1,25.0,1,0,0,0,0.0,4,1,25.0
APRILIA,RS 660,2021-2022,6,1,16.67,1,1,0,0,0.0,6,1,16.67
APRILIA,SHIVER 750,2015-2015,1,1,100.0,1,1,0,0,0.0,1,1,100.0
AUDI,A3 CABRIOLET,2015-2019,164,1,0.61,1,0,0,0,0.0,87,1,1.15
AUDI,A6 ALLROAD,2020-2022,19,1,5.26,0,1,0,0,0.0,19,1,5.26
AUDI,ALLROAD,2015-2018,7,1,14.29,1,0,0,0,0.0,5,1,20.0
AUDI,Q4 E-TRON,2022-2022,2,1,50.0,1,0,0,0,0.0,2,1,50.0
AUDI,Q5 E,2020-2022,41,1,2.44,0,1,0,0,0.0,41,1,2.44
AUDI,R8,2015-2020,3,1,33.33,1,1,1,1,100.0,2,0,0.0
AUDI,S3,2015-2022,86,1,1.16,1,1,0,1,100.0,37,0,0.0
AUDI,S6,2015-2022,39,1,2.56,1,0,0,0,0.0,39,1,2.56
AUDI,S7,2015-2021,27,1,3.7,0,1,0,0,0.0,27,1,3.7
BENTLEY,BENTAYGA,2017-2021,12,1,8.33,1,1,0,1,100.0,9,0,0.0
BENTLEY,CONTINENTAL GT,2015-2021,4,1,25.0,1,0,0,0,0.0,4,1,25.0
BIG TEX,25GN,2015-2015,2,1,50.0,1,1,1,0,0.0,2,1,50.0
BLUE BIRD,CONVENTIONAL,2017-2018,3,1,33.33,1,1,1,0,0.0,3,1,33.33
BMW,340I,2016-2018,14,1,7.14,1,1,0,1,100.0,13,0,0.0
BMW,428XI,2015-2015,1,1,100.0,1,1,0,0,0.0,1,1,100.0
BMW,435I,2015-2016,26,1,3.85,1,1,0,1,100.0,23,0,0.0
BMW,535I,2015-2016,35,1,2.86,1,0,0,1,100.0,25,0,0.0
BMW,750I,2016-2021,19,1,5.26,0,1,0,0,0.0,18,1,5.56
BMW,750LXI,2016-2016,1,1,100.0,1,0,0,0,0.0,1,1,100.0
BMW,850I,2019-2019,7,1,14.29,1,0,0,1,100.0,4,0,0.0
BMW,F800 GS,2015-2015,2,1,50.0,1,1,0,0,0.0,2,1,50.0
BMW,G310R,2018-2019,6,1,16.67,1,0,0,0,0.0,6,1,16.67
BMW,K 1600 GT,2015-2019,12,1,8.33,0,1,0,0,0.0,12,1,8.33
BMW,M4,2015-2022,46,1,2.17,0,1,0,0,0.0,46,1,2.17
BMW,M440I,2021-2021,4,1,25.0,1,1,0,0,0.0,4,1,25.0
BMW,M8,2020-2020,4,1,25.0,1,1,0,0,0.0,4,1,25.0
BMW,S 1000 RR,2015-2022,14,1,7.14,0,1,0,0,0.0,14,1,7.14
BUBBLE BUDDY,BUBBLE BUDDY,2021-2021,1,1,100.0,1,0,0,0,0.0,1,1,100.0
BUICK,CASCADA,2016-2019,52,1,1.92,1,1,0,1,100.0,51,0,0.0
CADILLAC,CT4,2020-2022,21,1,4.76,1,1,0,1,100.0,19,0,0.0
CADILLAC,ESCALADE NA,2021-2021,17,1,5.88,1,0,0,1,100.0,16,0,0.0
CADILLAC,XT6,2020-2022,69,1,1.45,1,1,0,0,0.0,68,1,1.47
CAN-AM,DEFENDER,2016-2016,1,1,100.0,1,0,0,0,0.0,1,1,100.0
CAN-AM,SPYDER F3-S,2015-2015,3,1,33.33,1,0,0,0,0.0,3,1,33.33
CFMOTO,CF700,2022-2022,10,1,10.0,1,1,0,0,0.0,10,1,10.0
CHEVROLET,3500,2016-2022,16,1,6.25,1,0,0,0,0.0,16,1,6.25
CHEVROLET,BOLT EUV,2022-2022,26,1,3.85,1,0,0,0,0.0,24,1,4.17
CHEVROLET,CITY EXPRESS,2015-2018,11,1,9.09,1,1,0,1,100.0,5,0,0.0
CHEVROLET,LOW CAB FORWARD 3500,2016-2016,2,1,50.0,1,0,0,0,0.0,2,1,50.0
CHEVROLET,ONIX,2021-2021,1,1,100.0,1,1,0,1,100.0,0,0,
CHEVROLET,S10,2016-2018,5,1,20.0,0,1,0,0,0.0,5,1,20.0
CHEVROLET,TAHOE POLICE PURSUIT,2015-2016,5,1,20.0,1,0,0,0,0.0,4,1,25.0
CHONGQING HUANSONG,750,2015-2016,83,1,1.2,1,1,0,0,0.0,83,1,1.2
CHRYSLER,300 AWD,2020-2020,1,1,100.0,1,1,0,1,100.0,0,0,
COACHMEN,CLIPPER,2016-2022,5,1,20.0,1,0,0,0,0.0,5,1,20.0
DUCATI,PANIGALE R,2015-2015,1,1,100.0,1,1,0,0,0.0,1,1,100.0
DUTCHMEN,ASPEN TRAIL,2015-2022,3,1,33.33,0,1,0,0,0.0,3,1,33.33
DUTCHMEN,VOLTAGE,2015-2022,6,1,16.67,1,0,0,0,0.0,6,1,16.67
ESCAPE,ESCAPE,2019-2020,3,1,33.33,0,1,0,0,0.0,3,1,33.33
EZ LOADER,T102,2019-2021,4,1,25.0,1,0,0,0,0.0,4,1,25.0
FIAT,124 SPIDER,2017-2020,65,1,1.54,1,0,0,0,0.0,35,1,2.86
FIAT,500E,2015-2016,15,1,6.67,1,1,0,1,100.0,14,0,0.0
FLEETWOOD,FORTIS,2020-2022,6,1,16.67,1,0,0,0,0.0,6,1,16.67
FLEETWOOD,PACE ARROW,2017-2019,7,1,14.29,1,0,0,0,0.0,7,1,14.29
FLEETWOOD,SOUTHWIND,2016-2022,5,1,20.0,1,0,0,0,0.0,5,1,20.0
FORD,E-150,2015-2021,17,1,5.88,0,1,0,0,0.0,17,1,5.88
FORD,ECONOLINE,2016-2019,7,1,14.29,1,1,0,0,0.0,7,1,14.29
FORD,F-53,2015-2022,64,1,1.56,0,1,0,0,0.0,64,1,1.56
FORD,F53,2018-2021,29,1,3.45,0,1,0,0,0.0,29,1,3.45
FORD,FOCUS ELECTRIC,2015-2017,24,1,4.17,1,1,0,0,0.0,24,1,4.17
FORD,POLICE INTERCEPTOR UTILIT,2015-2017,9,1,11.11,1,1,0,1,100.0,8,0,0.0
FOREST RIVER,AMERA-LITE,2016-2017,6,1,16.67,1,0,0,0,0.0,6,1,16.67
FOREST RIVER,BERKSHIRE,2015-2021,16,1,6.25,0,1,0,0,0.0,16,1,6.25
FOREST RIVER,CEDAR CREEK,2017-2022,24,1,4.17,1,0,0,0,0.0,24,1,4.17
FOREST RIVER,CLIPPER CAMPING TRAILER,2016-2021,4,1,25.0,0,1,0,0,0.0,4,1,25.0
FOREST RIVER,GEORGETOWN,2015-2022,38,1,2.63,0,1,0,0,0.0,38,1,2.63
FOREST RIVER,OZARK,2020-2022,4,1,25.0,1,0,0,0,0.0,4,1,25.0
FOREST RIVER,PUMA,2015-2022,26,1,3.85,0,1,1,0,0.0,26,1,3.85
FOREST RIVER,R-POD,2015-2022,48,1,2.08,1,0,0,0,0.0,48,1,2.08
FOREST RIVER,SANDPIPER,2015-2021,14,1,7.14,1,0,0,0,0.0,14,1,7.14
FOREST RIVER,XLR TOYHAULER,2016-2022,24,1,4.17,0,1,0,0,0.0,24,1,4.17
FREIGHTLINER,1085D,2017-2017,1,1,100.0,1,0,0,0,0.0,1,1,100.0
FREIGHTLINER,BUSINESS CLASS M2,2015-2022,17,1,5.88,1,0,1,0,0.0,17,1,5.88
FREIGHTLINER,M2,2015-2022,15,1,6.67,1,0,0,0,0.0,15,1,6.67
FREIGHTLINER,SPRINTER 2500,2015-2022,17,1,5.88,1,0,0,0,0.0,17,1,5.88
FREIGHTLINER,SPRINTER 3500,2016-2021,4,1,25.0,1,0,0,0,0.0,4,1,25.0
GMC,DENALI,2015-2015,18,1,5.56,1,1,0,0,0.0,18,1,5.56
GMC,SIERRA HD,2015-2015,5,1,20.0,1,1,0,1,100.0,4,0,0.0
GRAND DESIGN,MOMENTUM,2015-2022,166,1,0.6,1,0,0,0,0.0,166,1,0.6
GREAT DANE,REEFER,2017-2017,1,1,100.0,0,1,0,0,0.0,1,1,100.0
HARLEY-DAVIDSON,FLDE,2017-2020,10,1,10.0,0,1,0,0,0.0,10,1,10.0
HARLEY-DAVIDSON,FLFB,2018-2018,3,1,33.33,1,1,0,0,0.0,3,1,33.33
HARLEY-DAVIDSON,FLHR,2015-2020,13,1,7.69,1,1,0,0,0.0,13,1,7.69
HARLEY-DAVIDSON,FLHTKSE,2015-2018,9,1,11.11,1,1,0,0,0.0,9,1,11.11
HARLEY-DAVIDSON,FLHXI,2015-2015,1,1,100.0,1,0,0,0,0.0,1,1,100.0
HARLEY-DAVIDSON,FLHXSE,2015-2020,10,1,10.0,1,0,0,0,0.0,10,1,10.0
HARLEY-DAVIDSON,FLS,2017-2017,1,1,100.0,0,1,0,0,0.0,1,1,100.0
HARLEY-DAVIDSON,FLSL,2019-2019,1,1,100.0,0,1,0,0,0.0,1,1,100.0
HARLEY-DAVIDSON,FLSS,2016-2017,3,1,33.33,1,1,0,0,0.0,3,1,33.33
HARLEY-DAVIDSON,FLSTN,2017-2017,1,1,100.0,1,1,0,0,0.0,1,1,100.0
HARLEY-DAVIDSON,FXDLS,2016-2017,4,1,25.0,1,1,0,0,0.0,4,1,25.0
HARLEY-DAVIDSON,FXFBS,2018-2019,9,1,11.11,1,1,0,0,0.0,9,1,11.11
HARLEY-DAVIDSON,FXLRS,2020-2021,5,1,20.0,0,0,1,0,0.0,5,1,20.0
HARLEY-DAVIDSON,FXSB,2016-2018,4,1,25.0,1,0,0,0,0.0,4,1,25.0
HARLEY-DAVIDSON,XL1200CX,2016-2017,2,1,50.0,0,1,0,0,0.0,2,1,50.0
HEARTLAND,MALLARD,2017-2021,15,1,6.67,1,0,0,0,0.0,15,1,6.67
HME,RAM 5500,2019-2019,1,1,100.0,1,0,0,0,0.0,1,1,100.0
HOLIDAY RAMBLER,ENDEAVOR,2017-2018,7,1,14.29,0,1,0,0,0.0,7,1,14.29
HONDA,ADV150,2022-2022,1,1,100.0,0,1,0,0,0.0,1,1,100.0
HONDA,CB300F,2015-2016,9,1,11.11,0,1,0,0,0.0,9,1,11.11
HONDA,CBR1000RR,2017-2018,4,1,25.0,1,0,1,0,0.0,4,1,25.0
HONDA,CBR300R,2015-2018,11,1,9.09,1,1,0,0,0.0,11,1,9.09
HONDA,CIVIC SI,2015-2022,94,1,1.06,1,1,0,1,100.0,89,0,0.0
HONDA,CLARITY,2021-2021,3,1,33.33,1,0,0,0,0.0,3,1,33.33
HONDA,CR-Z,2015-2016,7,1,14.29,1,1,0,0,0.0,5,1,20.0
HONDA,CRF1000A,2017-2018,17,1,5.88,1,0,0,0,0.0,17,1,5.88
HONDA,CRF1100D4,2020-2020,14,1,7.14,1,0,0,0,0.0,14,1,7.14
HONDA,CRF250L,2016-2018,2,1,50.0,1,1,0,0,0.0,2,1,50.0
HONDA,CROSSTOUR,2015-2015,26,1,3.85,1,1,0,1,100.0,24,0,0.0
HONDA,CTX700,2015-2015,4,1,25.0,1,1,0,0,0.0,4,1,25.0
HONDA,NAVI,2022-2022,2,1,50.0,1,0,0,0,0.0,2,1,50.0
HONDA,VT1300,2015-2015,1,1,100.0,1,1,0,0,0.0,1,1,100.0
HYUNDAI,ELANTRA GT,2015-2020,102,1,0.98,0,1,0,0,0.0,102,1,0.98
HYUNDAI,EQUUS,2015-2016,18,1,5.56,0,1,0,0,0.0,17,1,5.88
HYUNDAI,GENESIS COUPE,2015-2016,23,1,4.35,1,1,0,1,100.0,21,0,0.0
HYUNDAI,SANTA FE XL,2019-2019,25,1,4.0,1,0,0,0,0.0,25,1,4.0
HYUNDAI,VELOSTER N,2019-2022,60,1,1.67,1,0,1,0,0.0,60,1,1.67
HYUNDAI TRANSLEAD,VAN TRAILER,2015-2016,3,1,33.33,1,1,0,0,0.0,3,1,33.33
ICE CASTLE,FISH HOUSE,2020-2020,1,1,100.0,1,0,0,0,0.0,1,1,100.0
ICEBEAR,PST300-19,2016-2016,1,1,100.0,1,1,0,0,0.0,1,1,100.0
ICON EV,I20,2021-2021,1,1,100.0,0,1,0,0,0.0,1,1,100.0
INDIAN,CHIEF DARK HORSE,2016-2022,6,1,16.67,1,1,0,0,0.0,6,1,16.67
INDIAN,CHIEF VINTAGE,2015-2018,7,1,14.29,1,0,0,0,0.0,7,1,14.29
INDIAN,ROADMASTER,2015-2022,21,1,4.76,1,0,0,0,0.0,21,1,4.76
INDIAN,SCOUT BOBBER,2018-2022,9,1,11.11,1,1,0,0,0.0,9,1,11.11
INDIAN,SPRINGFIELD,2016-2019,5,1,20.0,0,1,0,0,0.0,5,1,20.0
INFINITI,Q50 HYBRID,2015-2015,4,1,25.0,1,1,0,0,0.0,4,1,25.0
INFINITI,QX70,2015-2017,16,1,6.25,1,1,0,1,100.0,13,0,0.0
INNOVATIVE SPECIALTIES,INNOVATIVE SPECIALTIES,2022-2022,1,1,100.0,1,0,0,0,0.0,1,1,100.0
INTERNATIONAL,DURASTAR,2017-2017,1,1,100.0,1,1,0,1,100.0,0,0,
INTERNATIONAL,LF687,2016-2017,4,1,25.0,1,0,1,0,0.0,4,1,25.0
INTERNATIONAL,MV,2019-2021,3,1,33.33,0,0,1,0,0.0,3,1,33.33
INTERNATIONAL,WORKSTAR,2016-2016,1,1,100.0,1,0,0,0,0.0,1,1,100.0
INTERNATIONAL MOTORS,CHEVY SILVERADO MEDIUM DUTY,2019-2020,3,1,33.33,1,1,0,0,0.0,3,1,33.33
IRONBULL,DDG22,2018-2018,1,1,100.0,1,0,0,0,0.0,1,1,100.0
IRONBULL,NORSTAR TRAILER,2018-2018,1,1,100.0,1,1,0,0,0.0,1,1,100.0
ISUZU,NRR,2017-2017,1,1,100.0,1,0,1,1,100.0,0,0,
JAGUAR,E-PACE,2018-2022,24,1,4.17,1,1,0,0,0.0,24,1,4.17
JAGUAR,F-TYPE,2015-2020,32,1,3.12,1,1,0,0,0.0,31,1,3.23
JAYCO,PRECEPT,2015-2022,42,1,2.38,0,1,0,0,0.0,42,1,2.38
JAYCO FIFTH WHEEL,EAGLE,2015-2022,19,1,5.26,1,1,0,0,0.0,19,1,5.26
JAYCO FIFTH WHEEL,PINNACLE,2015-2020,27,1,3.7,1,0,0,0,0.0,27,1,3.7
JAYCO TRAVEL TRAILER,HUMMINGBIRD,2018-2018,1,1,100.0,1,0,0,0,0.0,1,1,100.0
JAYCO TRAVEL TRAILER,JAY FEATHER,2016-2022,14,1,7.14,1,0,0,0,0.0,14,1,7.14
JAYCO TRAVEL TRAILER,WHITE HAWK,2015-2022,25,1,4.0,0,1,0,0,0.0,25,1,4.0
JEEP,GRAND WAGONEER,2022-2022,58,1,1.72,1,1,0,1,100.0,55,0,0.0
KAWASAKI,KLX230,2020-2022,2,1,50.0,1,0,0,0,0.0,2,1,50.0
KAWASAKI,NINJA 400,2021-2022,2,1,50.0,1,0,0,0,0.0,2,1,50.0
KAWASAKI,VULCAN 900,2015-2021,4,1,25.0,1,0,0,0,0.0,4,1,25.0
KENWORTH,T270,2015-2015,1,1,100.0,1,0,1,0,0.0,1,1,100.0
KENWORTH,T800,2016-2018,2,1,50.0,1,1,0,0,0.0,2,1,50.0
KEYSTONE,ALPINE,2015-2022,33,1,3.03,1,0,0,0,0.0,33,1,3.03
KEYSTONE,FUZION,2015-2022,15,1,6.67,1,0,0,0,0.0,15,1,6.67
KEYSTONE,HIDEOUT,2018-2022,9,1,11.11,1,0,0,0,0.0,9,1,11.11
KEYSTONE,IMPACT,2015-2020,2,1,50.0,0,1,0,0,0.0,2,1,50.0
KEYSTONE,MONTANA,2015-2022,40,1,2.5,0,1,0,0,0.0,40,1,2.5
KIA,NIRO HYBRID,2017-2017,19,1,5.26,0,1,0,0,0.0,19,1,5.26
KIA,NIRO PHEV,2018-2022,57,1,1.75,1,0,0,1,100.0,56,0,0.0
KIA,OPTIMA HYBRID,2015-2020,45,1,2.22,1,1,0,1,100.0,44,0,0.0
KIA,OPTIMA PHEV,2017-2020,33,1,3.03,1,0,0,0,0.0,31,1,3.23
KIA,SORENTO PHEV,2022-2022,22,1,4.55,1,0,0,0,0.0,22,1,4.55
KTM,1290 SUPER DUKE R,2015-2021,16,1,6.25,1,1,1,0,0.0,16,1,6.25
KZRV,DURANGO,2016-2022,6,1,16.67,0,1,0,0,0.0,6,1,16.67
LAND ROVER,RANGE ROVER PHEV,2019-2019,1,1,100.0,1,0,0,1,100.0,0,0,
LEXUS,CT HYBRID,2015-2017,7,1,14.29,1,0,0,1,100.0,6,0,0.0
LEXUS,GS,2015-2019,12,1,8.33,1,1,0,0,0.0,12,1,8.33
LEXUS,GS HYBRID,2015-2017,2,1,50.0,1,0,0,0,0.0,2,1,50.0
LEXUS,IS,2015-2022,35,1,2.86,1,0,0,0,0.0,35,1,2.86
LEXUS,IS 250,2015-2016,17,1,5.88,1,0,0,1,100.0,13,0,0.0
LEXUS,IS 350,2015-2020,9,1,11.11,0,1,0,0,0.0,9,1,11.11
LEXUS,IS F,2016-2017,2,1,50.0,1,1,0,1,100.0,1,0,0.0
LEXUS,LS,2015-2021,27,1,3.7,1,1,0,1,100.0,26,0,0.0
LEXUS,LS460,2015-2017,7,1,14.29,0,1,0,0,0.0,7,1,14.29
LEXUS,NX350H,2022-2022,1,1,100.0,1,0,0,0,0.0,1,1,100.0
LEXUS,RC,2015-2022,11,1,9.09,1,0,0,0,0.0,11,1,9.09
LEXUS,RC 300,2016-2018,2,1,50.0,1,0,0,0,0.0,2,1,50.0
LEXUS,RC 350,2015-2020,14,1,7.14,1,1,0,0,0.0,14,1,7.14
LEXUS,UX200,2019-2021,5,1,20.0,1,0,0,0,0.0,5,1,20.0
LINCOLN,CORSAIR PHEV,2021-2022,31,1,3.23,1,1,0,1,100.0,30,0,0.0
LINCOLN,MKS,2015-2016,20,1,5.0,0,1,0,0,0.0,18,1,5.56
MAC TRAILERS,DUMP TRAILER,2020-2020,1,1,100.0,1,0,0,0,0.0,1,1,100.0
MACK,ANTHEM (AN),2019-2021,6,1,16.67,1,0,0,1,100.0,5,0,0.0
MACK,GRANITE (GU),2015-2018,3,1,33.33,1,1,0,0,0.0,3,1,33.33
MASERATI,QUATTROPORTE,2015-2021,11,1,9.09,1,0,0,0,0.0,11,1,9.09
MCLAREN,MP4-12C SPIDER,2015-2015,1,1,100.0,1,1,0,1,100.0,0,0,
MERCEDES BENZ,REDUNDANT S550E,2015-2015,7,1,14.29,1,0,0,0,0.0,7,1,14.29
MERCEDES BENZ,SPRINTER 2500,2015-2015,14,1,7.14,1,0,0,0,0.0,12,1,8.33
MERCEDES-BENZ,AMG A35,2020-2021,2,1,50.0,1,0,0,0,0.0,2,1,50.0
MERCEDES-BENZ,AMG C43,2016-2022,58,1,1.72,1,0,0,0,0.0,56,1,1.79
MERCEDES-BENZ,AMG C63,2015-2019,11,1,9.09,1,0,0,1,100.0,9,0,0.0
MERCEDES-BENZ,AMG CLA35,2020-2022,7,1,14.29,1,1,0,0,0.0,7,1,14.29
MERCEDES-BENZ,AMG E63S,2015-2020,8,1,12.5,0,1,0,0,0.0,8,1,12.5
MERCEDES-BENZ,AMG EQS 53,2022-2022,1,1,100.0,1,0,0,0,0.0,1,1,100.0
MERCEDES-BENZ,AMG GLA45,2015-2021,18,1,5.56,1,0,0,0,0.0,17,1,5.88
MERCEDES-BENZ,AMG GLC43,2017-2022,30,1,3.33,1,1,0,1,100.0,29,0,0.0
MERCEDES-BENZ,AMG GLC63,2018-2021,8,1,12.5,0,1,0,0,0.0,8,1,12.5
MERCEDES-BENZ,AMG GLE63,2016-2021,8,1,12.5,1,0,0,0,0.0,8,1,12.5
MERCEDES-BENZ,AMG GLS63,2017-2021,7,1,14.29,0,1,0,0,0.0,7,1,14.29
MERCEDES-BENZ,AMG SL55,2022-2022,4,1,25.0,0,1,0,0,0.0,4,1,25.0
MERCEDES-BENZ,C 250 D,2018-2018,1,1,100.0,1,1,0,0,0.0,1,1,100.0
MERCEDES-BENZ,CLS 450,2019-2022,23,1,4.35,1,1,0,1,100.0,22,0,0.0
MERCEDES-BENZ,E 400,2018-2018,21,1,4.76,1,0,0,1,100.0,20,0,0.0
MERCEDES-BENZ,EQS 580,2022-2022,6,1,16.67,0,1,0,0,0.0,6,1,16.67
MERCEDES-BENZ,G 550,2019-2022,14,1,7.14,1,1,0,0,0.0,14,1,7.14
MERCEDES-BENZ,GL350,2015-2017,12,1,8.33,1,0,0,0,0.0,12,1,8.33
MERCEDES-BENZ,GLC 350,2018-2020,8,1,12.5,1,0,0,0,0.0,8,1,12.5
MERCEDES-BENZ,GLE,2016-2020,8,1,12.5,1,0,0,0,0.0,8,1,12.5
MERCEDES-BENZ,GLE 450,2020-2022,55,1,1.82,1,0,0,0,0.0,54,1,1.85
MERCEDES-BENZ,GLE 550 E,2018-2018,3,1,33.33,1,0,0,0,0.0,3,1,33.33
MERCEDES-BENZ,GLE300D,2016-2017,9,1,11.11,1,0,0,0,0.0,9,1,11.11
MERCEDES-BENZ,GLE400,2016-2016,6,1,16.67,1,0,0,0,0.0,6,1,16.67
MERCEDES-BENZ,ML400,2015-2015,4,1,25.0,1,0,1,0,0.0,4,1,25.0
MERCEDES-BENZ,S 450,2018-2020,14,1,7.14,1,0,0,0,0.0,14,1,7.14
MERCEDES-BENZ,S 500,2021-2022,21,1,4.76,0,1,0,0,0.0,21,1,4.76
MERCEDES-BENZ,SL 550,2020-2020,1,1,100.0,1,1,0,0,0.0,1,1,100.0
MERCEDES-BENZ,SPRINTER (VS30),2019-2020,8,1,12.5,1,0,0,0,0.0,8,1,12.5
MERCEDES-BENZ,SPRINTER 4500,2016-2020,11,1,9.09,1,0,0,0,0.0,11,1,9.09
MINI,COOPER CONVERTIBLE,2016-2022,14,1,7.14,0,1,0,0,0.0,14,1,7.14
MINI,JCW,2015-2017,3,1,33.33,1,0,0,0,0.0,3,1,33.33
MIRAGE,CARGO TRAILERS,2019-2019,2,1,50.0,1,0,0,0,0.0,2,1,50.0
MITSUBISHI,OUTLANDER PHEV,2018-2022,17,1,5.88,1,0,0,0,0.0,17,1,5.88
NEW FLYER,XD60,2017-2017,1,1,100.0,1,0,0,0,0.0,1,1,100.0
NEW FLYER,XT40,2015-2015,1,1,100.0,0,1,0,0,0.0,1,1,100.0
NEWMAR,NEW AIRE,2018-2022,21,1,4.76,1,0,0,0,0.0,21,1,4.76
NISSAN,NV3500,2017-2017,19,1,5.26,0,1,0,0,0.0,19,1,5.26
NISSAN,QUEST,2015-2017,31,1,3.23,0,1,0,0,0.0,28,1,3.57
NISSAN,REDUNDANT ALTIMA,2020-2020,21,1,4.76,1,1,0,1,100.0,20,0,0.0
NISSAN,REDUNDANT ROGUE,2022-2022,25,1,4.0,0,1,0,0,0.0,25,1,4.0
NORTH CENTRAL EMERGENCY,FORD E-350,2017-2018,3,1,33.33,1,0,0,0,0.0,3,1,33.33
OUTDOORS RV,GLACIER PEAK,2015-2017,4,1,25.0,0,1,0,0,0.0,4,1,25.0
PETERBILT,579,2015-2022,31,1,3.23,1,0,0,0,0.0,31,1,3.23
PIERCE,ARROW XT,2016-2016,8,1,12.5,0,1,0,0,0.0,8,1,12.5
PIERCE,SABER,2016-2017,3,1,33.33,0,1,0,0,0.0,3,1,33.33
POLARIS,SLINGSHOT S,2021-2021,1,1,100.0,1,1,0,0,0.0,1,1,100.0
POLARIS,SPORTSMAN,2016-2016,2,1,50.0,1,1,0,0,0.0,2,1,50.0
PORSCHE,718 CAYMAN,2016-2022,16,1,6.25,0,1,0,0,0.0,13,1,7.69
RAM,3500 CAB CHASSIS,2018-2018,2,1,50.0,1,0,0,1,100.0,1,0,0.0
RAM,PROMASTER 2500,2015-2021,30,1,3.33,1,1,0,0,0.0,30,1,3.33
RAM,PROMASTER 3500,2016-2016,13,1,7.69,1,0,0,0,0.0,12,1,8.33
ROKETA,YOUNGFU,2016-2016,1,1,100.0,1,1,0,0,0.0,1,1,100.0
ROYAL ENFIELD,BULLET ELECTRA EFI,2016-2016,1,1,100.0,0,1,0,0,0.0,1,1,100.0
RZR,900,2015-2015,1,1,100.0,1,1,0,0,0.0,1,1,100.0
SCION,FR-S,2015-2016,17,1,5.88,1,0,0,1,100.0,16,0,0.0
SCION,IM,2016-2016,12,1,8.33,1,1,0,0,0.0,12,1,8.33
SCION,IQ,2015-2015,1,1,100.0,1,0,0,1,100.0,0,0,
SHASTA,AIRFLYTE,2015-2016,34,1,2.94,1,0,0,0,0.0,34,1,2.94
SUBARU,IMPREZA WRX,2015-2015,2,1,50.0,0,1,0,0,0.0,2,1,50.0
SUBARU,WRX STI,2015-2019,9,1,11.11,1,1,0,1,100.0,8,0,0.0
SUZUKI,GSX-S1000GT,2022-2022,1,1,100.0,1,1,0,0,0.0,1,1,100.0
T.A. PELSUE COMPANY,TRADESMAN FIBERLITE XL,2022-2022,1,1,100.0,1,0,0,0,0.0,1,1,100.0
TAOTAO,ATM50-A,2015-2015,1,1,100.0,1,1,0,0,0.0,1,1,100.0
TAOTAO,RACER50,2017-2017,1,1,100.0,0,1,0,0,0.0,1,1,100.0
THOMAS BUILT BUSES,SAF-T-LINER C2,2015-2022,5,1,20.0,1,1,0,0,0.0,5,1,20.0
THOR,PALAZZO,2015-2019,10,1,10.0,0,1,0,0,0.0,10,1,10.0
THOR MOTOR COACH,ARIA,2017-2022,10,1,10.0,1,0,0,0,0.0,10,1,10.0
THOR MOTOR COACH,CHATEAU,2015-2021,12,1,8.33,0,1,0,0,0.0,12,1,8.33
THOR MOTOR COACH,FOUR WINDS,2015-2022,17,1,5.88,0,1,0,0,0.0,16,1,6.25
THOR MOTOR COACH,HURRICANE,2015-2022,14,1,7.14,1,0,0,0,0.0,14,1,7.14
THOR MOTOR COACH,QUANTUM,2016-2022,3,1,33.33,0,1,0,0,0.0,3,1,33.33
TIFFIN,PHAETON,2015-2022,22,1,4.55,1,0,0,0,0.0,21,1,4.76
TIFFIN,WAYFARER,2018-2021,13,1,7.69,0,1,0,0,0.0,12,1,8.33
TOYOTA,COROLLA HYBRID,2020-2022,2,1,50.0,0,1,0,0,0.0,2,1,50.0
TOYOTA,PRIUS PLUG-IN HYBRID,2015-2015,5,1,20.0,1,0,0,0,0.0,5,1,20.0
TRIUMPH,BONNEVILLE T120 BLACK,2016-2020,2,1,50.0,1,0,1,0,0.0,2,1,50.0
TRIUMPH,SCRAMBLER,2019-2019,1,1,100.0,0,1,0,0,0.0,1,1,100.0
TRIUMPH,THRUXTON ACE,2015-2015,1,1,100.0,1,1,0,0,0.0,1,1,100.0
TRIUMPH,TIGER 1200 XRX,2019-2019,1,1,100.0,1,1,0,0,0.0,1,1,100.0
VICTORY,CROSS COUNTRY TOUR,2016-2017,5,1,20.0,1,1,0,0,0.0,5,1,20.0
VICTORY,MAGNUM,2015-2017,3,1,33.33,1,1,0,0,0.0,3,1,33.33
VMI OFFROAD,XTENDER COMPASS,2018-2018,1,1,100.0,1,0,0,0,0.0,1,1,100.0
VOLKSWAGEN,ARTEON,2019-2022,28,1,3.57,1,0,0,0,0.0,26,1,3.85
VOLKSWAGEN,GOLF SPORTSWAGEN,2015-2017,15,1,6.67,1,0,0,1,100.0,11,0,0.0
VOLKSWAGEN,TIGUAN LIMITED,2018-2018,6,1,16.67,0,1,0,0,0.0,5,1,20.0
VOLKSWAGEN,TOUAREG,2015-2017,92,1,1.09,0,1,0,0,0.0,91,1,1.1
VOLVO,780,2016-2016,2,1,50.0,1,1,0,1,100.0,1,0,0.0
VOLVO,V60CC,2015-2022,22,1,4.55,1,1,0,1,100.0,20,0,0.0
WESTERN STAR,5700,2018-2022,4,1,25.0,0,1,0,0,0.0,4,1,25.0
WINNEBAGO,ERA,2015-2022,9,1,11.11,0,1,0,0,0.0,7,1,14.29
WINNEBAGO,HORIZON,2020-2020,2,1,50.0,1,0,0,0,0.0,2,1,50.0
WINNEBAGO,REVEL,2018-2022,17,1,5.88,1,0,0,1,100.0,15,0,0.0
WINNEBAGO,VIEW,2015-2022,47,1,2.13,1,0,0,0,0.0,47,1,2.13
WINNEBAGO,VISTA,2015-2020,14,1,7.14,0,1,0,0,0.0,14,1,7.14
YAMAHA,FJ-09,2015-2015,10,1,10.0,1,0,0,0,0.0,10,1,10.0
YAMAHA,XV1900,2018-2021,7,1,14.29,0,1,0,0,0.0,7,1,14.29
YAMAHA,YZ250F,2015-2015,1,1,100.0,1,0,0,0,0.0,1,1,100.0
YAMAHA,YZF-R1,2015-2020,8,1,12.5,0,1,0,0,0.0,8,1,12.5
YAMAHA,YZF-R6C,2016-2016,1,1,100.0,1,1,0,0,0.0,1,1,100.0
YAMAHA,YZFR1S,2016-2016,1,1,100.0,1,1,0,0,0.0,1,1,100.0
YONGFU,SOLANA,2022-2022,2,1,50.0,0,1,1,0,0.0,2,1,50.0
ZERO,FX,2015-2020,4,1,25.0,0,1,0,0,0.0,4,1,25.0
ZERO,SR,2015-2018,2,1,50.0,1,0,0,0,0.0,2,1,50.0
4 STAR,HORSE TRAILER,2021-2021,1,0,0.0,0,0,0,0,,1,0,0.0
4-STAR TRAILER,HORSE GOOSENECK,2015-2015,1,0,0.0,0,0,0,0,,1,0,0.0
4-STAR TRAILER,HORSE TRAILER,2019-2019,2,0,0.0,0,0,0,0,,2,0,0.0
ACURA,MDX SPORT HYBRID,2017-2020,22,0,0.0,0,0,0,0,,22,0,0.0
ACURA,RL,2015-2015,2,0,0.0,0,0,0,0,,2,0,0.0
ACURA,RLX HYBRID,2016-2018,5,0,0.0,0,0,0,0,,5,0,0.0
ACURA,TLX TYPE S,2021-2022,41,0,0.0,0,0,0,0,,41,0,0.0
AIRSTREAM,ATLAS,2020-2020,1,0,0.0,0,0,0,0,,1,0,0.0
AIRSTREAM,BAMBI,2020-2020,1,0,0.0,0,0,0,0,,1,0,0.0
AIRSTREAM,BASECAMP,2017-2022,10,0,0.0,0,0,0,0,,10,0,0.0
AIRSTREAM,FLYING CLOUD,2015-2021,6,0,0.0,0,0,0,0,,6,0,0.0
AIRSTREAM,GLOBETROTTER,2018-2021,2,0,0.0,0,0,0,0,,2,0,0.0
AIRSTREAM,INTERSTATE,2016-2020,6,0,0.0,0,0,0,0,,6,0,0.0
AIRSTREAM,INTERSTATE NINETEEN,2021-2021,1,0,0.0,0,0,0,0,,1,0,0.0
AIRSTREAM,LAND YACHT,2015-2015,1,0,0.0,0,0,0,0,,1,0,0.0
AIRSTREAM,MERCEDES-BENZ SPRINTER,2020-2020,1,0,0.0,0,0,0,0,,1,0,0.0
AIRSTREAM,NEST,2019-2019,1,0,0.0,0,0,0,0,,1,0,0.0
AIRSTREAM,SPORT,2016-2016,1,0,0.0,0,0,0,0,,1,0,0.0
AIRSTREAM,TOMMY BAHAMA,2019-2019,1,0,0.0,0,0,0,0,,1,0,0.0
ALCOM,ALCOM,2019-2019,1,0,0.0,0,0,0,0,,1,0,0.0
ALFA,ROMEO 4C,2015-2015,2,0,0.0,0,0,0,0,,1,0,0.0
ALFA ROMEO,4C,2017-2017,1,0,0.0,0,0,0,0,,1,0,0.0
ALINER,CAMPER TRAILER,2021-2021,1,0,0.0,0,0,0,0,,1,0,0.0
ALLEGRO,450P,2015-2015,1,0,0.0,0,0,0,0,,1,0,0.0
ALLIANCE RV,AVENUE,2022-2022,3,0,0.0,0,0,0,0,,3,0,0.0
ALLIANCE RV,PARADIGM,2021-2022,11,0,0.0,0,0,0,0,,11,0,0.0
ALTEC,AT200A,2018-2018,3,0,0.0,0,0,0,0,,3,0,0.0
ALUMA,7816 TAESA,2020-2020,1,0,0.0,0,0,0,0,,1,0,0.0
ALUMA,AE716TA,2016-2016,1,0,0.0,0,0,0,0,,1,0,0.0
ALUMA,ALUMA,2018-2021,3,0,0.0,0,0,0,0,,3,0,0.0
ALUMA,TM51-WA35EB4S6,2015-2015,1,0,0.0,0,0,0,0,,1,0,0.0
ALUMINUM TRAILER CO,ALUMINUM TRAILER CO,2018-2021,5,0,0.0,0,0,0,0,,5,0,0.0
AM GENERAL,MV-1,2016-2016,1,0,0.0,0,0,0,0,,1,0,0.0
AMERICAN COACH,AMERICAN ALLEGIANCE,2016-2016,2,0,0.0,0,0,0,0,,2,0,0.0
AMERICAN COACH,AMERICAN DREAM,2020-2020,1,0,0.0,0,0,0,0,,1,0,0.0
AMERICAN COACH,AMERICAN EAGLE,2016-2020,3,0,0.0,0,0,0,0,,3,0,0.0
AMERICAN COACH,AMERICAN REVOLUTION,2015-2015,1,0,0.0,0,0,0,0,,1,0,0.0
AMERICAN COACH,AMERICAN TRADITION,2015-2021,3,0,0.0,0,0,0,0,,3,0,0.0
AMERICAN HAULER,CARGO TRAILERS,2020-2020,1,0,0.0,0,0,0,0,,1,0,0.0
AMERICAN HAULER,SILVER HAWK,2022-2022,1,0,0.0,0,0,0,0,,1,0,0.0
APRILIA,CAPONORD 1200,2015-2015,1,0,0.0,0,0,0,0,,1,0,0.0
APRILIA,CAPONORD RALLY,2016-2016,1,0,0.0,0,0,0,0,,1,0,0.0
APRILIA,RSV4,2022-2022,1,0,0.0,0,0,0,0,,1,0,0.0
APRILIA,TUONO 660,2021-2021,1,0,0.0,0,0,0,0,,1,0,0.0
ARCIMOTO,FUV,2020-2021,2,0,0.0,0,0,0,0,,2,0,0.0
ARCIMOTO,ROADSTER,2021-2021,1,0,0.0,0,0,0,0,,1,0,0.0
ASTON MARTIN,DB9,2015-2015,2,0,0.0,0,0,0,0,,2,0,0.0
ASTON MARTIN,V12 VANTAGE COUPE,2015-2015,1,0,0.0,0,0,0,0,,1,0,0.0
ASTON MARTIN,V12 VANTAGE S,2017-2017,1,0,0.0,0,0,0,0,,1,0,0.0
ASTON MARTIN,V8 VANTAGE,2015-2015,3,0,0.0,0,0,0,0,,3,0,0.0
ATRO,ATRO,2022-2022,1,0,0.0,0,0,0,0,,1,0,0.0
AUDI,A3 ETRON,2019-2020,2,0,0.0,0,0,0,0,,1,0,0.0
AUDI,A3 SPORTBACK E-TRON,2016-2017,4,0,0.0,0,0,0,0,,4,0,0.0
AUDI,A5 CABRIOLET,2015-2017,3,0,0.0,0,0,0,0,,3,0,0.0
AUDI,A7 E,2021-2021,2,0,0.0,0,0,0,0,,2,0,0.0
AUDI,A8 L E,2021-2021,1,0,0.0,0,0,0,0,,1,0,0.0
AUDI,E-TRON GT,2022-2022,7,0,0.0,0,0,0,0,,7,0,0.0
AUDI,E-TRON QUATTRO,2019-2019,1,0,0.0,0,0,0,0,,1,0,0.0
AUDI,E-TRON SPORTBACK,2020-2022,20,0,0.0,0,0,0,0,,20,0,0.0
AUDI,RS 3,2017-2020,20,0,0.0,0,0,0,0,,14,0,0.0
AUDI,RS 5,2015-2021,7,0,0.0,0,0,0,0,,7,0,0.0
AUDI,RS 6 AVANT,2021-2022,5,0,0.0,0,0,0,0,,5,0,0.0
AUDI,RS 7,2015-2021,12,0,0.0,0,0,0,0,,11,0,0.0
AUDI,RS E-TRON GT,2022-2022,4,0,0.0,0,0,0,0,,4,0,0.0
AUDI,RS Q8,2021-2022,6,0,0.0,0,0,0,0,,6,0,0.0
AUDI,RS5,2015-2015,1,0,0.0,0,0,0,0,,1,0,0.0
AUDI,S4,2015-2022,29,0,0.0,0,0,0,0,,29,0,0.0
AUDI,S8,2015-2021,13,0,0.0,0,0,0,0,,13,0,0.0
AUDI,SQ7,2020-2022,12,0,0.0,0,0,0,0,,12,0,0.0
AUDI,SQ8,2020-2022,8,0,0.0,0,0,0,0,,8,0,0.0
AUDI,TT,2016-2016,3,0,0.0,0,0,0,0,,0,0,
AUDI,TT ROADSTER,2016-2018,5,0,0.0,0,0,0,0,,3,0,0.0
AUDI,TT RS,2018-2018,1,0,0.0,0,0,0,0,,1,0,0.0
AUTOCAR,XPEDITOR,2019-2021,4,0,0.0,0,0,0,0,,4,0,0.0
AVION,AZURE,2016-2016,1,0,0.0,0,0,0,0,,1,0,0.0
BAODIAO,9-LINES,2022-2022,1,0,0.0,0,0,0,0,,1,0,0.0
BEAR TRAILER,BEAR TRAILER,2020-2020,1,0,0.0,0,0,0,0,,1,0,0.0
BENTLEY,CONTINENTAL,2018-2018,1,0,0.0,0,0,0,0,,1,0,0.0
BENTLEY,CONTINENTAL FLYING SPUR,2015-2015,1,0,0.0,0,0,0,0,,1,0,0.0
BENTLEY,FLYING SPUR,2020-2020,2,0,0.0,0,0,0,0,,2,0,0.0
BERKSHIRE,BE43C-450,2018-2018,1,0,0.0,0,0,0,0,,1,0,0.0
BIG TEX,35SA,2015-2015,1,0,0.0,0,0,0,0,,1,0,0.0
BIG TEX,BIG TEX,2021-2021,2,0,0.0,0,0,0,0,,2,0,0.0
BIG TEX,XT,2016-2016,1,0,0.0,0,0,0,0,,1,0,0.0
BISON,PREMIERE,2018-2018,1,0,0.0,0,0,0,0,,1,0,0.0
BISON,RANGER,2018-2018,2,0,0.0,0,0,0,0,,2,0,0.0
BISON,SILVERADO,2016-2016,1,0,0.0,0,0,0,0,,1,0,0.0
BLACK SERIES CAMPERS,BLACK SERIES CAMPER,2022-2022,1,0,0.0,0,0,0,0,,1,0,0.0
BLACK SERIES CAMPERS,C12,2020-2020,1,0,0.0,0,0,0,0,,1,0,0.0
BLACKSERIES CAMPERS,ALPHA,2020-2020,1,0,0.0,0,0,0,0,,1,0,0.0
BLACKSERIES CAMPERS,DOMINATOR,2020-2020,1,0,0.0,0,0,0,0,,1,0,0.0
BLACKSERIES CAMPERS,PATRION,2021-2021,2,0,0.0,0,0,0,0,,2,0,0.0
BLUE BIRD,ALL AMERICAN,2015-2019,6,0,0.0,0,0,0,0,,6,0,0.0
BLUE BIRD,ALL AMERICAN SCHOOL BUS,2020-2022,6,0,0.0,0,0,0,0,,6,0,0.0
BLUE BIRD,BBCV,2015-2019,3,0,0.0,0,0,0,0,,3,0,0.0
BLUE BIRD,VISION,2015-2017,7,0,0.0,0,0,0,0,,7,0,0.0
BLUE BIRD,VISION SCHOOL BUS,2021-2021,1,0,0.0,0,0,0,0,,1,0,0.0
BLUECAR,SAS,2015-2015,1,0,0.0,0,0,0,0,,0,0,
BMW,230I,2017-2022,22,0,0.0,0,0,0,0,,21,0,0.0
BMW,320XI,2015-2016,2,0,0.0,0,0,0,0,,2,0,0.0
BMW,328D,2015-2018,59,0,0.0,0,0,0,0,,59,0,0.0
BMW,328XD,2015-2015,2,0,0.0,0,0,0,0,,2,0,0.0
BMW,335I,2015-2016,12,0,0.0,0,0,0,0,,12,0,0.0
BMW,335XI,2015-2015,2,0,0.0,0,0,0,0,,2,0,0.0
BMW,435XI,2016-2016,2,0,0.0,0,0,0,0,,2,0,0.0
BMW,535D,2015-2016,15,0,0.0,0,0,0,0,,15,0,0.0
BMW,540D,2018-2018,3,0,0.0,0,0,0,0,,2,0,0.0
BMW,550I,2015-2016,7,0,0.0,0,0,0,0,,7,0,0.0
BMW,550XI,2016-2016,2,0,0.0,0,0,0,0,,2,0,0.0
BMW,640XI,2018-2019,8,0,0.0,0,0,0,0,,6,0,0.0
BMW,650I,2015-2017,5,0,0.0,0,0,0,0,,5,0,0.0
BMW,740E,2017-2018,2,0,0.0,0,0,0,0,,2,0,0.0
BMW,740LD,2015-2015,1,0,0.0,0,0,0,0,,1,0,0.0
BMW,740LE,2018-2018,1,0,0.0,0,0,0,0,,1,0,0.0
BMW,740LI,2015-2022,6,0,0.0,0,0,0,0,,5,0,0.0
BMW,740LXI,2015-2015,1,0,0.0,0,0,0,0,,1,0,0.0
BMW,750LI,2015-2021,5,0,0.0,0,0,0,0,,4,0,0.0
BMW,750XI,2016-2016,2,0,0.0,0,0,0,0,,2,0,0.0
BMW,840I,2020-2022,11,0,0.0,0,0,0,0,,11,0,0.0
BMW,850GS,2019-2019,1,0,0.0,0,0,0,0,,1,0,0.0
BMW,C 400 X,2019-2019,1,0,0.0,0,0,0,0,,1,0,0.0
BMW,C600 SPORT MAXI-SCOOTER,2016-2016,2,0,0.0,0,0,0,0,,2,0,0.0
BMW,C650 GT MAXI-SCOOTER,2015-2020,10,0,0.0,0,0,0,0,,10,0,0.0
BMW,F 850 GS,2021-2021,1,0,0.0,0,0,0,0,,1,0,0.0
BMW,F800 GT,2015-2015,1,0,0.0,0,0,0,0,,1,0,0.0
BMW,F850GS,2019-2019,1,0,0.0,0,0,0,0,,1,0,0.0
BMW,G 310 R,2018-2018,2,0,0.0,0,0,0,0,,2,0,0.0
BMW,G 650 GS,2015-2016,2,0,0.0,0,0,0,0,,2,0,0.0
BMW,G310 GS,2018-2019,3,0,0.0,0,0,0,0,,3,0,0.0
BMW,G650GS,2015-2016,7,0,0.0,0,0,0,0,,7,0,0.0
BMW,I8,2015-2020,9,0,0.0,0,0,0,0,,8,0,0.0
BMW,K 1600 B,2018-2022,13,0,0.0,0,0,0,0,,13,0,0.0
BMW,K 1600 GTL,2015-2022,25,0,0.0,0,0,0,0,,25,0,0.0
BMW,K1300 S,2015-2015,2,0,0.0,0,0,0,0,,2,0,0.0
BMW,K1600B,2018-2019,41,0,0.0,0,0,0,0,,41,0,0.0
BMW,M2,2016-2021,28,0,0.0,0,0,0,0,,28,0,0.0
BMW,M235I,2015-2022,14,0,0.0,0,0,0,0,,13,0,0.0
BMW,M240I,2017-2022,10,0,0.0,0,0,0,0,,9,0,0.0
BMW,M3,2015-2022,25,0,0.0,0,0,0,0,,24,0,0.0
BMW,M340I,2020-2022,69,0,0.0,0,0,0,0,,68,0,0.0
BMW,M5,2015-2022,23,0,0.0,0,0,0,0,,21,0,0.0
BMW,M550I,2018-2022,27,0,0.0,0,0,0,0,,17,0,0.0
BMW,M6,2016-2018,6,0,0.0,0,0,0,0,,4,0,0.0
BMW,M760I,2019-2019,1,0,0.0,0,0,0,0,,0,0,
BMW,M850I,2019-2020,2,0,0.0,0,0,0,0,,2,0,0.0
BMW,R 1200 GS ADVENTURE,2017-2017,4,0,0.0,0,0,0,0,,4,0,0.0
BMW,R 1200 RT,2015-2016,3,0,0.0,0,0,0,0,,3,0,0.0
BMW,R 1250 GS,2019-2022,27,0,0.0,0,0,0,0,,27,0,0.0
BMW,R 1250 GS ADVENTURE,2019-2019,1,0,0.0,0,0,0,0,,1,0,0.0
BMW,R 1250 R,2020-2022,2,0,0.0,0,0,0,0,,2,0,0.0
BMW,R 1250 RS,2021-2021,1,0,0.0,0,0,0,0,,1,0,0.0
BMW,R 1250 RT,2019-2022,20,0,0.0,0,0,0,0,,20,0,0.0
BMW,R 18,2022-2022,9,0,0.0,0,0,0,0,,9,0,0.0
BMW,R 18 CLASSIC,2021-2021,3,0,0.0,0,0,0,0,,3,0,0.0
BMW,R NINE T,2015-2015,2,0,0.0,0,0,0,0,,2,0,0.0
BMW,R1200 GS ADVENTURE,2015-2018,8,0,0.0,0,0,0,0,,8,0,0.0
BMW,R1200 R,2015-2015,1,0,0.0,0,0,0,0,,1,0,0.0
BMW,R1200 RS,2016-2016,4,0,0.0,0,0,0,0,,4,0,0.0
BMW,R1200 RT,2015-2018,5,0,0.0,0,0,0,0,,5,0,0.0
BMW,R1250 GS ADVENTURE,2019-2019,3,0,0.0,0,0,0,0,,3,0,0.0
BMW,S 1000 XR,2020-2021,4,0,0.0,0,0,0,0,,4,0,0.0
BMW,S1000 R,2015-2017,4,0,0.0,0,0,0,0,,4,0,0.0
BMW,S1000 RR,2015-2020,9,0,0.0,0,0,0,0,,9,0,0.0
BMW,S1000 XR,2016-2016,1,0,0.0,0,0,0,0,,1,0,0.0
BMW,X5 HYBRID,2021-2022,4,0,0.0,0,0,0,0,,4,0,0.0
BOOM,BD125-15,2016-2016,2,0,0.0,0,0,0,0,,2,0,0.0
BRAUNABILITY,CHRYSLER WHEELCHAIR VAN,2015-2018,2,0,0.0,0,0,0,0,,2,0,0.0
BRAUNABILITY,DODGE WHEELCHAIR VAN,2016-2016,2,0,0.0,0,0,0,0,,2,0,0.0
BRAVO,SCOUT,2018-2018,1,0,0.0,0,0,0,0,,1,0,0.0
BRAXTON CREEK,BUSHWACKER,2020-2020,1,0,0.0,0,0,0,0,,1,0,0.0
BRAXTON CREEK,LX,2021-2021,1,0,0.0,0,0,0,0,,1,0,0.0
BUCKEYE,BUCKEYE,2022-2022,1,0,0.0,0,0,0,0,,1,0,0.0
BUICK,REGAL TOURX,2018-2020,17,0,0.0,0,0,0,0,,17,0,0.0
C&B QUALITY TRAILER WORKS,HORSE TRAILER,2015-2015,1,0,0.0,0,0,0,0,,1,0,0.0
C&M,CAR HAULER,2016-2016,1,0,0.0,0,0,0,0,,1,0,0.0
CADILLAC,ATS-V,2016-2017,4,0,0.0,0,0,0,0,,4,0,0.0
CADILLAC,CT6 PLUG-IN HYBRID,2017-2018,12,0,0.0,0,0,0,0,,12,0,0.0
CADILLAC,CTS-V,2015-2015,1,0,0.0,0,0,0,0,,1,0,0.0
CADILLAC,ELR,2016-2016,4,0,0.0,0,0,0,0,,0,0,
CAN-AM,COMMANDER,2020-2020,1,0,0.0,0,0,0,0,,1,0,0.0
CAN-AM,OUTLANDER,2015-2015,1,0,0.0,0,0,0,0,,1,0,0.0
CAN-AM,SPYDER F3,2015-2022,33,0,0.0,0,0,0,0,,33,0,0.0
CAN-AM,SPYDER RS,2016-2016,1,0,0.0,0,0,0,0,,1,0,0.0
CAN-AM,SPYDER ST,2015-2015,2,0,0.0,0,0,0,0,,2,0,0.0
CARADO,BANFF,2018-2018,1,0,0.0,0,0,0,0,,1,0,0.0
CARGO EXPRESS,CARGO TRAILER,2016-2016,1,0,0.0,0,0,0,0,,1,0,0.0
CARGO MATE,ELIMINATOR,2016-2016,1,0,0.0,0,0,0,0,,1,0,0.0
CARRY-ON,5X10SSG,2015-2015,1,0,0.0,0,0,0,0,,1,0,0.0
CARRY-ON,CARGO TRAILER,2018-2018,1,0,0.0,0,0,0,0,,1,0,0.0
CARRY-ON,CARRY-ON,2016-2016,1,0,0.0,0,0,0,0,,1,0,0.0
CARRY-ON,ENCLOSED CARGO TRAILER,2019-2021,4,0,0.0,0,0,0,0,,4,0,0.0
CARRY-ON,OPEN BED TRAILER,2019-2019,1,0,0.0,0,0,0,0,,1,0,0.0
CEDAR CREEK,SILVER BACK,2016-2016,1,0,0.0,0,0,0,0,,1,0,0.0
CFMOTO,650NK,2022-2022,1,0,0.0,0,0,0,0,,1,0,0.0
CH TRAILERS,CH TRAILER,2017-2017,2,0,0.0,0,0,0,0,,2,0,0.0
CHAMPION,CLASSIC SIDECAR,2015-2015,1,0,0.0,0,0,0,0,,1,0,0.0
CHAMPION BUS,CHALLENGER,2020-2020,2,0,0.0,0,0,0,0,,2,0,0.0
CHANGZHOU NANXIASHU,62647,2015-2015,2,0,0.0,0,0,0,0,,2,0,0.0
CHANGZHOU NANXIASHU,MT3,2017-2017,1,0,0.0,0,0,0,0,,1,0,0.0
CHANGZHOU NANXIASHU,TD,2018-2018,1,0,0.0,0,0,0,0,,1,0,0.0
CHARMAC,CARGO TRAILER,2016-2016,1,0,0.0,0,0,0,0,,1,0,0.0
CHEROKEE,GREY WOLF,2016-2016,3,0,0.0,0,0,0,0,,3,0,0.0
CHEVROLET,4500,2022-2022,1,0,0.0,0,0,0,0,,1,0,0.0
CHEVROLET,4500HD,2021-2021,1,0,0.0,0,0,0,0,,1,0,0.0
CHEVROLET,5500HD,2019-2019,6,0,0.0,0,0,0,0,,6,0,0.0
CHEVROLET,6500,2019-2019,1,0,0.0,0,0,0,0,,1,0,0.0
CHEVROLET,6500HD,2019-2019,1,0,0.0,0,0,0,0,,1,0,0.0
CHEVROLET,COBALT,2016-2017,2,0,0.0,0,0,0,0,,2,0,0.0
CHEVROLET,DUPLICATE SILVERADO 5500,2019-2019,3,0,0.0,0,0,0,0,,3,0,0.0
CHEVROLET,EXPRESS 3500,2019-2021,3,0,0.0,0,0,0,0,,3,0,0.0
CHEVROLET,EXPRESS 4500,2016-2016,2,0,0.0,0,0,0,0,,2,0,0.0
CHEVROLET,EXPRESS CUTAWAY VAN,2018-2022,4,0,0.0,0,0,0,0,,4,0,0.0
CHEVROLET,G4500,2018-2018,1,0,0.0,0,0,0,0,,1,0,0.0
CHEVROLET,N300,2015-2015,2,0,0.0,0,0,0,0,,2,0,0.0
CHEVROLET,ORLANDO,2015-2015,1,0,0.0,0,0,0,0,,1,0,0.0
CHEVROLET,SILVERADO 4500,2020-2021,3,0,0.0,0,0,0,0,,3,0,0.0
CHEVROLET,SILVERADO 6500,2021-2021,2,0,0.0,0,0,0,0,,2,0,0.0
CHEVROLET,SILVERADO HD,2015-2016,9,0,0.0,0,0,0,0,,8,0,0.0
CHEVROLET,SILVERADO LT,2018-2018,3,0,0.0,0,0,0,0,,3,0,0.0
CHEVROLET,SUBURBAN 1500,2021-2021,1,0,0.0,0,0,0,0,,1,0,0.0
CLASSIC WELDING,CLASSIC WELDING,2017-2017,1,0,0.0,0,0,0,0,,1,0,0.0
CLIPPER TOWABLE,CWT272RLS,2022-2022,1,0,0.0,0,0,0,0,,1,0,0.0
COACH HOUSE,PLATINUM,2022-2022,1,0,0.0,0,0,0,0,,1,0,0.0
COACH HOUSE,PLATINUM III,2020-2020,1,0,0.0,0,0,0,0,,1,0,0.0
COACHMEN,APEX,2015-2022,10,0,0.0,0,0,0,0,,10,0,0.0
COACHMEN,BEYOND,2020-2022,3,0,0.0,0,0,0,0,,3,0,0.0
COACHMEN,BLAST,2015-2015,1,0,0.0,0,0,0,0,,1,0,0.0
COACHMEN,BROOKSTONE,2015-2015,1,0,0.0,0,0,0,0,,1,0,0.0
COACHMEN,CATALINA,2015-2019,5,0,0.0,0,0,0,0,,5,0,0.0
COACHMEN,CHAPARRAL,2015-2015,1,0,0.0,0,0,0,0,,1,0,0.0
COACHMEN,CHAPARRAL LITE,2020-2020,1,0,0.0,0,0,0,0,,1,0,0.0
COACHMEN,CROSS COUNTRY,2017-2017,1,0,0.0,0,0,0,0,,1,0,0.0
COACHMEN,ENCORE,2020-2021,3,0,0.0,0,0,0,0,,3,0,0.0
COACHMEN,FREEDOM EXPRESS,2015-2021,16,0,0.0,0,0,0,0,,16,0,0.0
COACHMEN,FREELANDER,2016-2017,5,0,0.0,0,0,0,0,,5,0,0.0
COACHMEN,GALLERIA,2016-2022,6,0,0.0,0,0,0,0,,6,0,0.0
COACHMEN,LEPRECHAUN,2015-2020,6,0,0.0,0,0,0,0,,6,0,0.0
COACHMEN,MIRADA,2015-2022,10,0,0.0,0,0,0,0,,10,0,0.0
COACHMEN,NOVA,2021-2022,6,0,0.0,0,0,0,0,,6,0,0.0
COACHMEN,ORION,2016-2016,1,0,0.0,0,0,0,0,,1,0,0.0
COACHMEN,PRISM,2015-2020,9,0,0.0,0,0,0,0,,9,0,0.0
COACHMEN,PURSUIT,2015-2021,3,0,0.0,0,0,0,0,,3,0,0.0
COACHMEN,SHASTA,2019-2019,1,0,0.0,0,0,0,0,,1,0,0.0
COACHMEN,SPIRIT,2018-2021,4,0,0.0,0,0,0,0,,4,0,0.0
COACHMEN,SPORTSCOACH,2021-2022,4,0,0.0,0,0,0,0,,4,0,0.0
COACHMEN,VIKING,2018-2022,4,0,0.0,0,0,0,0,,4,0,0.0
COLUMBIA,ALINER ASCAPE,2018-2018,1,0,0.0,0,0,0,0,,1,0,0.0
CONTINENTAL CARGO,CARGO TRAILER,2021-2021,1,0,0.0,0,0,0,0,,1,0,0.0
CONTINENTAL CARGO,CONTINENTAL CARGO,2018-2018,1,0,0.0,0,0,0,0,,1,0,0.0
CONTINENTAL CARGO,V-SERIES,2021-2021,1,0,0.0,0,0,0,0,,1,0,0.0
COTTRELL,2-CAR CARRIER,2020-2020,1,0,0.0,0,0,0,0,,1,0,0.0
CROSSROADS,CRUISER,2015-2018,2,0,0.0,0,0,0,0,,2,0,0.0
CROSSROADS,ELEVATION,2015-2015,1,0,0.0,0,0,0,0,,1,0,0.0
CROSSROADS,REDWOOD,2015-2019,6,0,0.0,0,0,0,0,,6,0,0.0
CROSSROADS,SUNSET TRAIL,2015-2022,5,0,0.0,0,0,0,0,,5,0,0.0
CROSSROADS,ZINGER,2015-2022,3,0,0.0,0,0,0,0,,3,0,0.0
CROSSROADS,ZINGER Z-1,2015-2015,1,0,0.0,0,0,0,0,,1,0,0.0
CRUISE CAR,MOKE,2018-2019,2,0,0.0,0,0,0,0,,2,0,0.0
CRUISER,RADIANCE ULTRA-LITE,2021-2021,1,0,0.0,0,0,0,0,,1,0,0.0
CRUISER,STRYKER,2022-2022,1,0,0.0,0,0,0,0,,1,0,0.0
CRUISER,TWILIGHT,2021-2021,1,0,0.0,0,0,0,0,,1,0,0.0
CRUISER RV,FUN FINDER EXTREME LITE,2019-2019,1,0,0.0,0,0,0,0,,1,0,0.0
CRUISER RV,RADIANCE,2015-2015,1,0,0.0,0,0,0,0,,1,0,0.0
CRUISER RV,SHADOW CRUISER,2016-2019,5,0,0.0,0,0,0,0,,5,0,0.0
CRUISER RV,SHADOW CRUISER ULTRA LITE,2018-2018,1,0,0.0,0,0,0,0,,1,0,0.0
CRUISER RV,SOUTH FORK,2017-2017,1,0,0.0,0,0,0,0,,1,0,0.0
CRUISER RV,STRYKER TOY,2016-2016,2,0,0.0,0,0,0,0,,2,0,0.0
CUSTOM FIRE,FREIGHTLINER M2,2020-2020,1,0,0.0,0,0,0,0,,1,0,0.0
D AND A CUSTOM,CUSTOM TRAILER,2022-2022,1,0,0.0,0,0,0,0,,1,0,0.0
DELCO TRAILERS,BUMPER HORSE,2019-2019,1,0,0.0,0,0,0,0,,1,0,0.0
DETAIL K2,5X7,2020-2020,1,0,0.0,0,0,0,0,,1,0,0.0
DETROIT CHASSIS,FORD MOTORHOME CHASSIS,2019-2019,4,0,0.0,0,0,0,0,,4,0,0.0
DIAMOND CARGO,CARGO TRAILER,2017-2018,3,0,0.0,0,0,0,0,,3,0,0.0
DIAMOND CITY,BOAT TRAILER,2022-2022,1,0,0.0,0,0,0,0,,1,0,0.0
DIAMOND COACH,VIP,2019-2019,1,0,0.0,0,0,0,0,,1,0,0.0
DODGE,AVENGER,2015-2015,1,0,0.0,0,0,0,0,,1,0,0.0
DODGE,VIPER,2015-2015,3,0,0.0,0,0,0,0,,3,0,0.0
DONGFANG,DF250RTB,2022-2022,1,0,0.0,0,0,0,0,,1,0,0.0
DORSEY,DORSEY,2022-2022,1,0,0.0,0,0,0,0,,1,0,0.0
DRAGSTER SUPPLY,DRAGSTER SUPPLY,2018-2018,2,0,0.0,0,0,0,0,,2,0,0.0
DRV,ELITE SUITE,2015-2017,3,0,0.0,0,0,0,0,,3,0,0.0
DRV,ELITE SUITES ALL,2015-2016,2,0,0.0,0,0,0,0,,2,0,0.0
DRV,FULL HOUSE,2015-2022,10,0,0.0,0,0,0,0,,10,0,0.0
DRV,MOBILE SUITE,2016-2020,11,0,0.0,0,0,0,0,,11,0,0.0
DRV,MOBILE SUITE ESTATES,2017-2017,1,0,0.0,0,0,0,0,,1,0,0.0
DRV,MOBILE SUITES,2022-2022,1,0,0.0,0,0,0,0,,1,0,0.0
DRV,TOY HAULER,2016-2016,1,0,0.0,0,0,0,0,,1,0,0.0
DRV,TRADITION,2015-2015,1,0,0.0,0,0,0,0,,1,0,0.0
DUCATI,1199 PANIGALE,2015-2015,1,0,0.0,0,0,0,0,,1,0,0.0
DUCATI,1299,2016-2016,1,0,0.0,0,0,0,0,,1,0,0.0
DUCATI,1299 PANIGALE,2017-2017,1,0,0.0,0,0,0,0,,1,0,0.0
DUCATI,939SP,2017-2017,1,0,0.0,0,0,0,0,,1,0,0.0
DUCATI,DIAVEL,2015-2020,14,0,0.0,0,0,0,0,,14,0,0.0
DUCATI,HYPERMOTARD,2015-2022,9,0,0.0,0,0,0,0,,9,0,0.0
DUCATI,MONSTER,2015-2015,4,0,0.0,0,0,0,0,,4,0,0.0
DUCATI,MONSTER 1200,2016-2020,7,0,0.0,0,0,0,0,,7,0,0.0
DUCATI,MONSTER 797,2017-2017,1,0,0.0,0,0,0,0,,1,0,0.0
DUCATI,MONSTER 821,2015-2019,5,0,0.0,0,0,0,0,,5,0,0.0
DUCATI,MULTISTRADA,2015-2022,24,0,0.0,0,0,0,0,,24,0,0.0
DUCATI,MULTISTRADA 1200,2016-2016,3,0,0.0,0,0,0,0,,3,0,0.0
DUCATI,MULTISTRADA 1200S,2015-2016,7,0,0.0,0,0,0,0,,7,0,0.0
DUCATI,MULTISTRADA 1260,2018-2018,2,0,0.0,0,0,0,0,,2,0,0.0
DUCATI,PANIGALE,2020-2021,4,0,0.0,0,0,0,0,,4,0,0.0
DUCATI,PANIGALE 959,2018-2018,1,0,0.0,0,0,0,0,,1,0,0.0
DUCATI,PANIGALE V2,2020-2020,1,0,0.0,0,0,0,0,,1,0,0.0
DUCATI,PANIGALE V4,2018-2018,7,0,0.0,0,0,0,0,,7,0,0.0
DUCATI,PANIGALE V4 S,2018-2018,1,0,0.0,0,0,0,0,,1,0,0.0
DUCATI,SCRAMBLER,2015-2022,20,0,0.0,0,0,0,0,,20,0,0.0
DUCATI,SCRAMBLER 800 CAFE RACER,2017-2018,3,0,0.0,0,0,0,0,,3,0,0.0
DUCATI,STREETFIGHTER,2021-2022,2,0,0.0,0,0,0,0,,2,0,0.0
DUCATI,SUPERSPORT,2017-2021,19,0,0.0,0,0,0,0,,19,0,0.0
DUCATI,XDIAVEL,2016-2016,3,0,0.0,0,0,0,0,,3,0,0.0
DUCATI,XDIAVEL S,2016-2018,2,0,0.0,0,0,0,0,,2,0,0.0
DUMP TRAILER,7X14X48,2015-2015,1,0,0.0,0,0,0,0,,1,0,0.0
DUTCHMEN,ASTORIA,2020-2020,1,0,0.0,0,0,0,0,,1,0,0.0
DUTCHMEN,ATLAS,2018-2018,1,0,0.0,0,0,0,0,,1,0,0.0
DUTCHMEN,COLEMAN,2019-2022,5,0,0.0,0,0,0,0,,5,0,0.0
DUTCHMEN,DENALI,2016-2016,3,0,0.0,0,0,0,0,,3,0,0.0
DUTCHMEN,KODIAK,2018-2022,4,0,0.0,0,0,0,0,,4,0,0.0
DUTCHMEN,YUKON,2022-2022,1,0,0.0,0,0,0,0,,1,0,0.0
DYNA HAULER,GOOSENECK DOLLY,2017-2017,1,0,0.0,0,0,0,0,,1,0,0.0
DYNAMAX,DX3,2015-2015,1,0,0.0,0,0,0,0,,1,0,0.0
DYNAMAX,ISATA,2018-2022,14,0,0.0,0,0,0,0,,13,0,0.0
DYNAMAX,REV,2016-2018,3,0,0.0,0,0,0,0,,3,0,0.0
EAGLE,BOAT TRAILER,2018-2018,1,0,0.0,0,0,0,0,,1,0,0.0
EARTHROAMER,LTI,2021-2021,1,0,0.0,0,0,0,0,,1,0,0.0
EAST MANUFACTURING,FRAME GENESIS TRAILER,2016-2016,1,0,0.0,0,0,0,0,,1,0,0.0
EAST TO WEST,ALTA,2021-2021,2,0,0.0,0,0,0,0,,2,0,0.0
EAST TO WEST,DELLA TERRA,2022-2022,1,0,0.0,0,0,0,0,,1,0,0.0
EAST TO WEST,SILVER LAKE,2021-2021,1,0,0.0,0,0,0,0,,1,0,0.0
EAST TO WEST,TANDARA,2022-2022,2,0,0.0,0,0,0,0,,2,0,0.0
ECHO TRAILER,PONTOON BOAT TRAILER,2016-2016,1,0,0.0,0,0,0,0,,1,0,0.0
ECLIPSE,ATTITUDE,2016-2020,7,0,0.0,0,0,0,0,,7,0,0.0
ECLIPSE,ICONIC,2017-2017,2,0,0.0,0,0,0,0,,2,0,0.0
ELDORADO MOBILITY,AMERIVAN,2015-2015,1,0,0.0,0,0,0,0,,1,0,0.0
ELECTRAMECCANICA,SOLO G3,2021-2021,2,0,0.0,0,0,0,0,,2,0,0.0
ELITE TRAILER,GOOSENECK,2015-2015,1,0,0.0,0,0,0,0,,1,0,0.0
ENTEGRA,ACCOLADE,2020-2022,5,0,0.0,0,0,0,0,,5,0,0.0
ENTEGRA,ANTHEM,2015-2020,17,0,0.0,0,0,0,0,,17,0,0.0
ENTEGRA,CORNERSTONE,2017-2022,14,0,0.0,0,0,0,0,,14,0,0.0
ENTEGRA,EMBLEM,2020-2020,1,0,0.0,0,0,0,0,,1,0,0.0
ENTEGRA,ESTEEM,2021-2021,2,0,0.0,0,0,0,0,,2,0,0.0
ENTEGRA,ETHOS,2022-2022,1,0,0.0,0,0,0,0,,1,0,0.0
ENTEGRA,INSIGNIA,2017-2017,2,0,0.0,0,0,0,0,,2,0,0.0
ENTEGRA,LAUNCH,2022-2022,2,0,0.0,0,0,0,0,,2,0,0.0
ENTEGRA,ODYSSEY,2021-2021,4,0,0.0,0,0,0,0,,4,0,0.0
ENTEGRA,QWEST,2020-2020,2,0,0.0,0,0,0,0,,2,0,0.0
ENTEGRA,VISION,2019-2022,8,0,0.0,0,0,0,0,,8,0,0.0
ESCAPE,E21C,2019-2019,1,0,0.0,0,0,0,0,,1,0,0.0
ESCAPE,ESCAPE 21,2022-2022,1,0,0.0,0,0,0,0,,1,0,0.0
EVERGREEN,AMPED,2016-2016,2,0,0.0,0,0,0,0,,2,0,0.0
EVERGREEN,BAY HILL,2016-2016,1,0,0.0,0,0,0,0,,1,0,0.0
EVERGREEN,EVER-LITE,2015-2015,1,0,0.0,0,0,0,0,,1,0,0.0
EVERGREEN,I-GO,2016-2016,1,0,0.0,0,0,0,0,,1,0,0.0
EVERGREEN,SKYLINE,2016-2016,1,0,0.0,0,0,0,0,,1,0,0.0
EVERGREEN,TESLA,2015-2015,2,0,0.0,0,0,0,0,,2,0,0.0
EZ LOADER,ADJUSTABLE ALUM TRAILER,2015-2015,3,0,0.0,0,0,0,0,,3,0,0.0
EZ LOADER,TEZL,2018-2018,1,0,0.0,0,0,0,0,,1,0,0.0
FCA,ALL MODELS,2015-2015,2,0,0.0,0,0,0,0,,2,0,0.0
FCCC,MT45,2021-2021,1,0,0.0,0,0,0,0,,1,0,0.0
FCCC,S2RV,2019-2022,4,0,0.0,0,0,0,0,,4,0,0.0
FCCC,XBR,2018-2018,1,0,0.0,0,0,0,0,,1,0,0.0
FCCC,XC CHASSIS,2020-2020,1,0,0.0,0,0,0,0,,1,0,0.0
FCCC,XCA,2017-2017,1,0,0.0,0,0,0,0,,1,0,0.0
FCCC,XCM,2018-2022,9,0,0.0,0,0,0,0,,9,0,0.0
FCCC,XCR,2016-2020,3,0,0.0,0,0,0,0,,3,0,0.0
FEATHERLITE,1620,2018-2018,1,0,0.0,0,0,0,0,,1,0,0.0
FELLING,DROP-DECK,2017-2017,1,0,0.0,0,0,0,0,,1,0,0.0
FERRARI,458 ITALIA,2015-2015,1,0,0.0,0,0,0,0,,1,0,0.0
FERRARI,488 SPIDER,2018-2018,1,0,0.0,0,0,0,0,,1,0,0.0
FERRARI,812 SUPERFAST,2021-2021,1,0,0.0,0,0,0,0,,1,0,0.0
FERRARI,CALIFORNIA T,2017-2017,1,0,0.0,0,0,0,0,,0,0,
FERRARI,GTC4LUSSO,2017-2017,2,0,0.0,0,0,0,0,,1,0,0.0
FERRARI,GTC4LUSSO T,2018-2018,1,0,0.0,0,0,0,0,,0,0,
FIAT,500L,2015-2017,26,0,0.0,0,0,0,0,,21,0,0.0
FIELD VAN,SPRINTER,2022-2022,1,0,0.0,0,0,0,0,,1,0,0.0
FLAGSTAFF LITE WEIGHT TRA,FLT831BHWSS,2017-2017,1,0,0.0,0,0,0,0,,1,0,0.0
FLEETWOOD,DISCOVERY,2017-2021,5,0,0.0,0,0,0,0,,5,0,0.0
FLEETWOOD,DISCOVERY LXE,2018-2021,3,0,0.0,0,0,0,0,,3,0,0.0
FLEETWOOD,EXCURSION,2015-2015,2,0,0.0,0,0,0,0,,2,0,0.0
FLEETWOOD,EXPEDITION,2016-2016,1,0,0.0,0,0,0,0,,1,0,0.0
FLEETWOOD,FLAIR,2015-2022,10,0,0.0,0,0,0,0,,10,0,0.0
FLEETWOOD,FRONTIER,2022-2022,3,0,0.0,0,0,0,0,,3,0,0.0
FLEETWOOD,PACE ARROW LXE,2018-2019,2,0,0.0,0,0,0,0,,2,0,0.0
FLEETWOOD,STORM,2015-2016,5,0,0.0,0,0,0,0,,5,0,0.0
FLEETWOOD,TERRA,2016-2016,1,0,0.0,0,0,0,0,,1,0,0.0
FORD,E-250,2016-2022,4,0,0.0,0,0,0,0,,4,0,0.0
FORD,EXPLORER INTERCEPT HYBRID,2020-2020,2,0,0.0,0,0,0,0,,2,0,0.0
FORD,EXPLORER POLICE INTERCEPT,2015-2022,42,0,0.0,0,0,0,0,,42,0,0.0
FORD,F-450 SD,2015-2022,47,0,0.0,0,0,0,0,,47,0,0.0
FORD,F-59,2015-2022,13,0,0.0,0,0,0,0,,13,0,0.0
FORD,F-600 SD,2021-2022,3,0,0.0,0,0,0,0,,3,0,0.0
FORD,F-650,2016-2022,10,0,0.0,0,0,0,0,,10,0,0.0
FORD,F-650 ROUSH PROPANE,2016-2016,1,0,0.0,0,0,0,0,,1,0,0.0
FORD,F-650 SD,2015-2021,9,0,0.0,0,0,0,0,,9,0,0.0
FORD,F-750,2017-2022,5,0,0.0,0,0,0,0,,5,0,0.0
FORD,F-750 SD,2017-2021,3,0,0.0,0,0,0,0,,3,0,0.0
FORD,F550,2017-2017,3,0,0.0,0,0,0,0,,3,0,0.0
FORD,FOCUS RS,2016-2016,6,0,0.0,0,0,0,0,,6,0,0.0
FORD,REDUNDANT C-MAX HYBRID,2015-2015,17,0,0.0,0,0,0,0,,17,0,0.0
FORD,REDUNDANT F-250,2015-2022,4,0,0.0,0,0,0,0,,4,0,0.0
FORD,STRIPPED CHASSIS,2015-2016,3,0,0.0,0,0,0,0,,3,0,0.0
FORD,TAURUS POLICE INTERCEPTOR,2015-2015,1,0,0.0,0,0,0,0,,1,0,0.0
FORD,TRANSIT T-350 HD,2016-2016,1,0,0.0,0,0,0,0,,1,0,0.0
FOREST RIVER,ARCTIC WOLF,2018-2018,3,0,0.0,0,0,0,0,,3,0,0.0
FOREST RIVER,AURORA,2021-2021,1,0,0.0,0,0,0,0,,1,0,0.0
FOREST RIVER,BLUE RIDGE,2015-2017,8,0,0.0,0,0,0,0,,8,0,0.0
FOREST RIVER,CARDINAL,2015-2021,23,0,0.0,0,0,0,0,,23,0,0.0
FOREST RIVER,CARDINAL LUXURY,2019-2019,1,0,0.0,0,0,0,0,,1,0,0.0
FOREST RIVER,CARGO MATE,2022-2022,1,0,0.0,0,0,0,0,,1,0,0.0
FOREST RIVER,CASCADE,2016-2021,2,0,0.0,0,0,0,0,,2,0,0.0
FOREST RIVER,CHARLESTON,2016-2016,1,0,0.0,0,0,0,0,,1,0,0.0
FOREST RIVER,CHEROKEE GREY WOLF,2015-2020,6,0,0.0,0,0,0,0,,6,0,0.0
FOREST RIVER,CHEROKEE WOLF PACK,2021-2021,2,0,0.0,0,0,0,0,,2,0,0.0
FOREST RIVER,CHEROKEE WOLF PUP,2016-2016,1,0,0.0,0,0,0,0,,1,0,0.0
FOREST RIVER,COACHMEN,2015-2021,10,0,0.0,0,0,0,0,,10,0,0.0
FOREST RIVER,COLUMBUS,2015-2022,6,0,0.0,0,0,0,0,,6,0,0.0
FOREST RIVER,CONTINENTAL,2015-2015,2,0,0.0,0,0,0,0,,2,0,0.0
FOREST RIVER,CRUSADER,2015-2021,6,0,0.0,0,0,0,0,,6,0,0.0
FOREST RIVER,DYNAMAX,2015-2020,5,0,0.0,0,0,0,0,,5,0,0.0
FOREST RIVER,EAST TO WEST ALTA,2022-2022,1,0,0.0,0,0,0,0,,1,0,0.0
FOREST RIVER,ECONOMY HAULER,2018-2018,1,0,0.0,0,0,0,0,,1,0,0.0
FOREST RIVER,EVO,2016-2016,2,0,0.0,0,0,0,0,,2,0,0.0
FOREST RIVER,FORESTER,2015-2022,21,0,0.0,0,0,0,0,,21,0,0.0
FOREST RIVER,FR3,2015-2022,14,0,0.0,0,0,0,0,,14,0,0.0
FOREST RIVER,FREEDOM EXPRESS,2018-2021,7,0,0.0,0,0,0,0,,7,0,0.0
FOREST RIVER,FREELANDER,2016-2017,2,0,0.0,0,0,0,0,,2,0,0.0
FOREST RIVER,HAULIN,2017-2017,1,0,0.0,0,0,0,0,,1,0,0.0
FOREST RIVER,HERITAGE  GLEN 337BAR,2016-2016,1,0,0.0,0,0,0,0,,1,0,0.0
FOREST RIVER,IBEX,2021-2022,2,0,0.0,0,0,0,0,,2,0,0.0
FOREST RIVER,IMPRESSION,2018-2021,6,0,0.0,0,0,0,0,,6,0,0.0
FOREST RIVER,LEGACY,2015-2015,2,0,0.0,0,0,0,0,,2,0,0.0
FOREST RIVER,LIMITED EDITION,2015-2015,5,0,0.0,0,0,0,0,,5,0,0.0
FOREST RIVER,NO BOUNDARIES,2019-2019,1,0,0.0,0,0,0,0,,1,0,0.0
FOREST RIVER,NOMAD,2022-2022,1,0,0.0,0,0,0,0,,1,0,0.0
FOREST RIVER,PALOMINO,2015-2021,14,0,0.0,0,0,0,0,,14,0,0.0
FOREST RIVER,PRIME TIME,2016-2017,4,0,0.0,0,0,0,0,,4,0,0.0
FOREST RIVER,RAINIER,2017-2017,1,0,0.0,0,0,0,0,,1,0,0.0
FOREST RIVER,RIVERSTONE,2016-2022,3,0,0.0,0,0,0,0,,3,0,0.0
FOREST RIVER,RIVERSTONE LEGACY,2017-2017,1,0,0.0,0,0,0,0,,1,0,0.0
FOREST RIVER,ROCKPORT,2019-2019,1,0,0.0,0,0,0,0,,1,0,0.0
FOREST RIVER,SABRE,2016-2021,6,0,0.0,0,0,0,0,,6,0,0.0
FOREST RIVER,SALEM,2015-2022,61,0,0.0,0,0,0,0,,61,0,0.0
FOREST RIVER,SANDSTORM,2016-2022,7,0,0.0,0,0,0,0,,7,0,0.0
FOREST RIVER,SANIBEL,2017-2017,2,0,0.0,0,0,0,0,,2,0,0.0
FOREST RIVER,SHASTA OASIS,2022-2022,2,0,0.0,0,0,0,0,,2,0,0.0
FOREST RIVER,SHOCKWAVE,2016-2022,4,0,0.0,0,0,0,0,,4,0,0.0
FOREST RIVER,SIERRA,2015-2021,11,0,0.0,0,0,0,0,,11,0,0.0
FOREST RIVER,SOFTSIDE,2015-2015,1,0,0.0,0,0,0,0,,1,0,0.0
FOREST RIVER,SOLERA,2015-2022,5,0,0.0,0,0,0,0,,4,0,0.0
FOREST RIVER,SONOMA,2018-2018,1,0,0.0,0,0,0,0,,1,0,0.0
FOREST RIVER,SPARTAN,2017-2017,2,0,0.0,0,0,0,0,,2,0,0.0
FOREST RIVER,STEALTH,2017-2021,2,0,0.0,0,0,0,0,,2,0,0.0
FOREST RIVER,STEALTH EVO,2016-2016,1,0,0.0,0,0,0,0,,1,0,0.0
FOREST RIVER,SUNSEEKER,2016-2022,17,0,0.0,0,0,0,0,,17,0,0.0
FOREST RIVER,SUNSHINE,2020-2022,2,0,0.0,0,0,0,0,,2,0,0.0
FOREST RIVER,SURVEYOR,2015-2021,17,0,0.0,0,0,0,0,,17,0,0.0
FOREST RIVER,V-TREC,2018-2018,1,0,0.0,0,0,0,0,,1,0,0.0
FOREST RIVER,VIBE,2015-2021,20,0,0.0,0,0,0,0,,20,0,0.0
FOREST RIVER,WILDCAT,2015-2018,9,0,0.0,0,0,0,0,,9,0,0.0
FOREST RIVER,WILDCAT MAXX,2016-2016,2,0,0.0,0,0,0,0,,2,0,0.0
FOREST RIVER,WOLF PACK,2017-2017,1,0,0.0,0,0,0,0,,1,0,0.0
FOREST RIVER,WORK AND PLAY,2015-2021,3,0,0.0,0,0,0,0,,3,0,0.0
FOREST RIVER,XLR,2015-2022,7,0,0.0,0,0,0,0,,7,0,0.0
FORETRAVEL,REALM,2020-2020,1,0,0.0,0,0,0,0,,1,0,0.0
FOUR WHEEL,HAWK,2022-2022,1,0,0.0,0,0,0,0,,1,0,0.0
FRANKLIN,RUSHMORE,2015-2015,1,0,0.0,0,0,0,0,,1,0,0.0
FRAZER,RAM 5500 CHASSIS,2020-2020,1,0,0.0,0,0,0,0,,1,0,0.0
FREEDOM TRAILERS,FREEDOM TRAILERS,2019-2019,4,0,0.0,0,0,0,0,,4,0,0.0
FREIGHTLINER,108SD,2017-2020,2,0,0.0,0,0,0,0,,2,0,0.0
FREIGHTLINER,114SD,2022-2022,2,0,0.0,0,0,0,0,,2,0,0.0
FREIGHTLINER,122SD,2018-2021,2,0,0.0,0,0,0,0,,2,0,0.0
FREIGHTLINER,CONVENTIONAL,2018-2018,1,0,0.0,0,0,0,0,,1,0,0.0
FREIGHTLINER,CORONADO,2015-2017,2,0,0.0,0,0,0,0,,2,0,0.0
FREIGHTLINER,M2 BUSINESS CLASS,2018-2019,13,0,0.0,0,0,0,0,,13,0,0.0
FREIGHTLINER,MT55,2016-2016,1,0,0.0,0,0,0,0,,1,0,0.0
FREIGHTLINER,SPRINTER 4500,2019-2019,1,0,0.0,0,0,0,0,,1,0,0.0
FREIGHTLINER,X-LINE,2016-2016,5,0,0.0,0,0,0,0,,5,0,0.0
FREIGHTLINER,XC-M,2016-2016,1,0,0.0,0,0,0,0,,1,0,0.0
FREIGHTLINER,XC-R,2016-2016,1,0,0.0,0,0,0,0,,1,0,0.0
FRONTIER,AMBASSADOR,2019-2019,1,0,0.0,0,0,0,0,,1,0,0.0
GEM,E2,2016-2017,4,0,0.0,0,0,0,0,,4,0,0.0
GEM,E4,2015-2016,2,0,0.0,0,0,0,0,,2,0,0.0
GENESIS SUPREME,FIFTH WHEEL,2020-2022,2,0,0.0,0,0,0,0,,2,0,0.0
GENESIS SUPREME,GENESIS SUPREME,2019-2019,1,0,0.0,0,0,0,0,,1,0,0.0
GENESIS SUPREME,VORTEX,2021-2021,1,0,0.0,0,0,0,0,,1,0,0.0
GENUINE SCOOTER,BRIO,2021-2021,1,0,0.0,0,0,0,0,,1,0,0.0
GENUINE SCOOTER,NIU MQIGT EVO,2022-2022,3,0,0.0,0,0,0,0,,3,0,0.0
GENUINE SCOOTER,URBANO 50I,2022-2022,1,0,0.0,0,0,0,0,,1,0,0.0
GILLIG,LOW FLOOR,2016-2019,2,0,0.0,0,0,0,0,,2,0,0.0
GMC,G3500,2017-2018,2,0,0.0,0,0,0,0,,2,0,0.0
GMC,HUMMER EV PICKUP,2022-2022,6,0,0.0,0,0,0,0,,5,0,0.0
GMC,SAVANA 1500,2015-2015,2,0,0.0,0,0,0,0,,2,0,0.0
GMC,SAVANA 2500,2015-2015,1,0,0.0,0,0,0,0,,1,0,0.0
GMC,SAVANA 3500,2015-2015,1,0,0.0,0,0,0,0,,1,0,0.0
GMC,SAVANA CUTAWAY VAN,2019-2019,1,0,0.0,0,0,0,0,,1,0,0.0
GMC,TERRAIN NA,2022-2022,28,0,0.0,0,0,0,0,,28,0,0.0
GRAND DESIGN,IMAGINE,2016-2022,57,0,0.0,0,0,0,0,,57,0,0.0
GRAND DESIGN,MOMENTUM 385TH,2015-2015,3,0,0.0,0,0,0,0,,3,0,0.0
GRAND DESIGN,SOLITUDE,2015-2022,108,0,0.0,0,0,0,0,,108,0,0.0
GRAND DESIGN,TRANSCEND,2020-2022,9,0,0.0,0,0,0,0,,9,0,0.0
GREAT DANE,DRY FREIGHT VAN,2015-2015,1,0,0.0,0,0,0,0,,1,0,0.0
GRECH,STRADA,2021-2021,1,0,0.0,0,0,0,0,,1,0,0.0
GREENPOWER,EV STAR BUS,2019-2019,3,0,0.0,0,0,0,0,,3,0,0.0
GREENPOWER,SCHOOL BUS,2021-2021,1,0,0.0,0,0,0,0,,1,0,0.0
GULF STREAM,BT CRUISER,2021-2021,1,0,0.0,0,0,0,0,,1,0,0.0
GULF STREAM,CONQUEST,2016-2019,2,0,0.0,0,0,0,0,,2,0,0.0
GULF STREAM,CRUISER VN23BHS,2018-2018,1,0,0.0,0,0,0,0,,1,0,0.0
GULF STREAM,INNSBRUCK,2015-2015,1,0,0.0,0,0,0,0,,1,0,0.0
GULF STREAM,VINTAGE CRUISER,2018-2022,3,0,0.0,0,0,0,0,,3,0,0.0
GULF STREAM,VISTA CRUISER,2020-2020,1,0,0.0,0,0,0,0,,1,0,0.0
H&H,ALUMINUM TANDEM AXLE,2020-2020,1,0,0.0,0,0,0,0,,1,0,0.0
HARLEY-DAVIDSON,FLD,2015-2016,5,0,0.0,0,0,0,0,,5,0,0.0
HARLEY-DAVIDSON,FLFBS,2018-2018,2,0,0.0,0,0,0,0,,2,0,0.0
HARLEY-DAVIDSON,FLFBS ANV,2018-2018,1,0,0.0,0,0,0,0,,1,0,0.0
HARLEY-DAVIDSON,FLHC,2018-2021,4,0,0.0,0,0,0,0,,4,0,0.0
HARLEY-DAVIDSON,FLHCS,2018-2022,10,0,0.0,0,0,0,0,,10,0,0.0
HARLEY-DAVIDSON,FLHCS ANV,2018-2018,1,0,0.0,0,0,0,0,,1,0,0.0
HARLEY-DAVIDSON,FLHP,2015-2015,2,0,0.0,0,0,0,0,,2,0,0.0
HARLEY-DAVIDSON,FLHR / ROAD KING,2017-2017,1,0,0.0,0,0,0,0,,1,0,0.0
HARLEY-DAVIDSON,FLHRXS,2017-2018,3,0,0.0,0,0,0,0,,3,0,0.0
HARLEY-DAVIDSON,FLHT,2019-2019,3,0,0.0,0,0,0,0,,3,0,0.0
HARLEY-DAVIDSON,FLHTCU,2015-2019,14,0,0.0,0,0,0,0,,14,0,0.0
HARLEY-DAVIDSON,FLHTCUL,2015-2015,3,0,0.0,0,0,0,0,,3,0,0.0
HARLEY-DAVIDSON,FLHTKL,2015-2018,10,0,0.0,0,0,0,0,,10,0,0.0
HARLEY-DAVIDSON,FLHTP,2015-2018,3,0,0.0,0,0,0,0,,3,0,0.0
HARLEY-DAVIDSON,FLS SOFTAIL,2015-2015,1,0,0.0,0,0,0,0,,1,0,0.0
HARLEY-DAVIDSON,FLSB,2019-2021,2,0,0.0,0,0,0,0,,2,0,0.0
HARLEY-DAVIDSON,FLSTC,2015-2016,4,0,0.0,0,0,0,0,,4,0,0.0
HARLEY-DAVIDSON,FLSTFB,2016-2016,1,0,0.0,0,0,0,0,,1,0,0.0
HARLEY-DAVIDSON,FLSTFBS,2016-2017,2,0,0.0,0,0,0,0,,2,0,0.0
HARLEY-DAVIDSON,FLTRK,2020-2022,4,0,0.0,0,0,0,0,,4,0,0.0
HARLEY-DAVIDSON,FLTRKSE,2022-2022,1,0,0.0,0,0,0,0,,1,0,0.0
HARLEY-DAVIDSON,FLTRU,2016-2019,12,0,0.0,0,0,0,0,,12,0,0.0
HARLEY-DAVIDSON,FLTRUSE,2015-2016,4,0,0.0,0,0,0,0,,4,0,0.0
HARLEY-DAVIDSON,FLTRXSE,2018-2018,1,0,0.0,0,0,0,0,,1,0,0.0
HARLEY-DAVIDSON,FXBB,2020-2020,1,0,0.0,0,0,0,0,,1,0,0.0
HARLEY-DAVIDSON,FXBBS,2021-2022,4,0,0.0,0,0,0,0,,4,0,0.0
HARLEY-DAVIDSON,FXDB,2015-2016,4,0,0.0,0,0,0,0,,4,0,0.0
HARLEY-DAVIDSON,FXDF,2015-2015,1,0,0.0,0,0,0,0,,1,0,0.0
HARLEY-DAVIDSON,FXDL,2016-2016,1,0,0.0,0,0,0,0,,1,0,0.0
HARLEY-DAVIDSON,FXDRS,2019-2019,1,0,0.0,0,0,0,0,,1,0,0.0
HARLEY-DAVIDSON,FXFB,2018-2018,1,0,0.0,0,0,0,0,,1,0,0.0
HARLEY-DAVIDSON,FXLR,2018-2018,2,0,0.0,0,0,0,0,,2,0,0.0
HARLEY-DAVIDSON,FXLRST,2022-2022,4,0,0.0,0,0,0,0,,4,0,0.0
HARLEY-DAVIDSON,FXSE,2017-2017,1,0,0.0,0,0,0,0,,1,0,0.0
HARLEY-DAVIDSON,NIGHTSTER (RH1250),2022-2022,3,0,0.0,0,0,0,0,,3,0,0.0
HARLEY-DAVIDSON,RA1250,2021-2022,20,0,0.0,0,0,0,0,,20,0,0.0
HARLEY-DAVIDSON,RA1250S,2021-2022,18,0,0.0,0,0,0,0,,18,0,0.0
HARLEY-DAVIDSON,RH1250S,2021-2022,7,0,0.0,0,0,0,0,,7,0,0.0
HARLEY-DAVIDSON,TOURING,2017-2017,1,0,0.0,0,0,0,0,,1,0,0.0
HARLEY-DAVIDSON,TRIKE,2017-2018,7,0,0.0,0,0,0,0,,7,0,0.0
HARLEY-DAVIDSON,VRSCDX,2015-2016,3,0,0.0,0,0,0,0,,3,0,0.0
HARLEY-DAVIDSON,VRSCF,2015-2016,5,0,0.0,0,0,0,0,,5,0,0.0
HARLEY-DAVIDSON,XL1200NS,2021-2021,1,0,0.0,0,0,0,0,,1,0,0.0
HARLEY-DAVIDSON,XL1200T,2015-2016,4,0,0.0,0,0,0,0,,4,0,0.0
HARLEY-DAVIDSON,XL1200X,2015-2016,2,0,0.0,0,0,0,0,,2,0,0.0
HAUL MASTER,TRAILER,2015-2016,3,0,0.0,0,0,0,0,,3,0,0.0
HAUL MASTER,UTILITY TRAILER,2015-2017,7,0,0.0,0,0,0,0,,7,0,0.0
HAULMARK,EDGE GOOSENECK,2015-2015,1,0,0.0,0,0,0,0,,1,0,0.0
HAULMARK,EDGE PRO,2016-2016,1,0,0.0,0,0,0,0,,1,0,0.0
HAULMARK,HAULMARK TRAILER,2018-2018,1,0,0.0,0,0,0,0,,1,0,0.0
HEARTLAND,BIG COUNTRY,2015-2016,3,0,0.0,0,0,0,0,,3,0,0.0
HEARTLAND,BIG HORN,2015-2016,6,0,0.0,0,0,0,0,,6,0,0.0
HEARTLAND,BIGHORN,2015-2021,5,0,0.0,0,0,0,0,,5,0,0.0
HEARTLAND,CYCLONE,2015-2021,14,0,0.0,0,0,0,0,,14,0,0.0
HEARTLAND,ELKRIDGE,2015-2018,4,0,0.0,0,0,0,0,,4,0,0.0
HEARTLAND,FUEL,2019-2019,1,0,0.0,0,0,0,0,,1,0,0.0
HEARTLAND,GATEWAY,2015-2016,5,0,0.0,0,0,0,0,,5,0,0.0
HEARTLAND,LANDMARK 365,2017-2017,1,0,0.0,0,0,0,0,,1,0,0.0
HEARTLAND,NORTH TRAIL,2016-2022,2,0,0.0,0,0,0,0,,2,0,0.0
HEARTLAND,PIONEER,2016-2022,7,0,0.0,0,0,0,0,,7,0,0.0
HEARTLAND,ROAD WARRIOR,2015-2022,7,0,0.0,0,0,0,0,,7,0,0.0
HEARTLAND,SUNDANCE,2015-2022,5,0,0.0,0,0,0,0,,5,0,0.0
HEARTLAND,SUNDANCE XLT TT,2018-2018,1,0,0.0,0,0,0,0,,1,0,0.0
HEARTLAND,TORQUE,2018-2018,1,0,0.0,0,0,0,0,,1,0,0.0
HEARTLAND,TRAIL RUNNER,2019-2022,7,0,0.0,0,0,0,0,,7,0,0.0
HEARTLAND,WILDERNESS,2016-2019,4,0,0.0,0,0,0,0,,4,0,0.0
HIGHLAND RIDGE FW,3X,2016-2016,1,0,0.0,0,0,0,0,,1,0,0.0
HIGHLAND RIDGE FW,HIGHLANDER,2018-2020,4,0,0.0,0,0,0,0,,4,0,0.0
HIGHLAND RIDGE FW,LIGHT,2020-2020,1,0,0.0,0,0,0,0,,1,0,0.0
HIGHLAND RIDGE FW,MESA RIDGE,2022-2022,2,0,0.0,0,0,0,0,,2,0,0.0
HIGHLAND RIDGE FW,MESA RIDGE XLT,2021-2021,1,0,0.0,0,0,0,0,,1,0,0.0
HIGHLAND RIDGE FW,OPEN RANGE,2016-2019,7,0,0.0,0,0,0,0,,7,0,0.0
HIGHLAND RIDGE FW,OPEN RANGE 3X,2015-2018,2,0,0.0,0,0,0,0,,2,0,0.0
HIGHLAND RIDGE FW,OPEN RANGE ROAMER,2022-2022,1,0,0.0,0,0,0,0,,1,0,0.0
HIGHLAND RIDGE TT,MESA RIDGE,2017-2022,3,0,0.0,0,0,0,0,,3,0,0.0
HIGHLAND RIDGE TT,OPEN RANGE,2020-2020,1,0,0.0,0,0,0,0,,1,0,0.0
HIGHLAND RIDGE TT,OPEN RANGE LIGHT,2022-2022,1,0,0.0,0,0,0,0,,1,0,0.0
HIGHLAND RIDGE TT,ULTRA LITE,2019-2019,1,0,0.0,0,0,0,0,,1,0,0.0
HINO,195,2020-2020,3,0,0.0,0,0,0,0,,3,0,0.0
HINO,258,2018-2018,1,0,0.0,0,0,0,0,,0,0,
HINO,268,2019-2019,1,0,0.0,0,0,0,0,,1,0,0.0
HINO,338,2019-2019,1,0,0.0,0,0,0,0,,1,0,0.0
HINO,CONVENTIONAL MODELS,2016-2019,2,0,0.0,0,0,0,0,,2,0,0.0
HISUN,STRIKE 250,2016-2016,1,0,0.0,0,0,0,0,,1,0,0.0
HOLIDAY HOUSE,18RB,2019-2021,4,0,0.0,0,0,0,0,,4,0,0.0
HOLIDAY HOUSE,24TB,2021-2021,1,0,0.0,0,0,0,0,,1,0,0.0
HOLIDAY HOUSE,RECREATIONAL TRAILER,2021-2021,1,0,0.0,0,0,0,0,,1,0,0.0
HOLIDAY RAMBLER,ADMIRAL,2022-2022,1,0,0.0,0,0,0,0,,1,0,0.0
HOLIDAY RAMBLER,ADMIRAL XE,2017-2017,1,0,0.0,0,0,0,0,,1,0,0.0
HOLIDAY RAMBLER,ALUMASCAPE,2015-2015,1,0,0.0,0,0,0,0,,1,0,0.0
HOLIDAY RAMBLER,AMBASSADOR,2015-2015,1,0,0.0,0,0,0,0,,1,0,0.0
HOLIDAY RAMBLER,ARMADA,2021-2021,1,0,0.0,0,0,0,0,,1,0,0.0
HOLIDAY RAMBLER,ENDEAVOR XE,2016-2016,1,0,0.0,0,0,0,0,,1,0,0.0
HOLIDAY RAMBLER,INVICTA,2020-2021,5,0,0.0,0,0,0,0,,5,0,0.0
HOLIDAY RAMBLER,NAUTICA,2021-2021,1,0,0.0,0,0,0,0,,1,0,0.0
HOLIDAY RAMBLER,NAVIGATOR XE,2016-2017,2,0,0.0,0,0,0,0,,2,0,0.0
HOLIDAY RAMBLER,VACATIONER,2015-2021,9,0,0.0,0,0,0,0,,9,0,0.0
HOLIDAY RAMBLER,VACATIONER XE,2017-2017,1,0,0.0,0,0,0,0,,1,0,0.0
HOLIDAY RAMBLER,VESTA,2017-2017,1,0,0.0,0,0,0,0,,1,0,0.0
HOLMES ENTERPRISES,CAR HAULER,2021-2021,1,0,0.0,0,0,0,0,,1,0,0.0
HOMESTEADER,HOMESTEADER,2021-2021,1,0,0.0,0,0,0,0,,1,0,0.0
HONDA,ACCORD FHEV,2015-2015,1,0,0.0,0,0,0,0,,1,0,0.0
HONDA,CB300,2017-2021,2,0,0.0,0,0,0,0,,2,0,0.0
HONDA,CB300R,2019-2019,3,0,0.0,0,0,0,0,,3,0,0.0
HONDA,CB500,2015-2015,1,0,0.0,0,0,0,0,,1,0,0.0
HONDA,CB500X,2019-2019,1,0,0.0,0,0,0,0,,1,0,0.0
HONDA,CBF300,2020-2020,2,0,0.0,0,0,0,0,,2,0,0.0
HONDA,CBR600RR,2019-2019,3,0,0.0,0,0,0,0,,3,0,0.0
HONDA,CIVIC HATCHBACK,2017-2022,17,0,0.0,0,0,0,0,,15,0,0.0
HONDA,CIVIC HYBRID,2015-2015,5,0,0.0,0,0,0,0,,5,0,0.0
HONDA,CLARITY FUEL CELL,2017-2018,5,0,0.0,0,0,0,0,,5,0,0.0
HONDA,CMX1100,2021-2022,5,0,0.0,0,0,0,0,,5,0,0.0
HONDA,CMX500,2017-2022,4,0,0.0,0,0,0,0,,4,0,0.0
HONDA,CRF1000,2018-2019,17,0,0.0,0,0,0,0,,17,0,0.0
HONDA,CRF1000LD,2017-2017,1,0,0.0,0,0,0,0,,1,0,0.0
HONDA,CRF1100 AFRICA TWIN,2020-2021,5,0,0.0,0,0,0,0,,5,0,0.0
HONDA,CRF1100A,2020-2020,9,0,0.0,0,0,0,0,,9,0,0.0
HONDA,CRF300L,2021-2021,1,0,0.0,0,0,0,0,,1,0,0.0
HONDA,CRF450,2021-2022,2,0,0.0,0,0,0,0,,2,0,0.0
HONDA,CRF450L,2019-2019,1,0,0.0,0,0,0,0,,1,0,0.0
HONDA,CRF50,2017-2017,1,0,0.0,0,0,0,0,,1,0,0.0
HONDA,CT125,2022-2022,1,0,0.0,0,0,0,0,,1,0,0.0
HONDA,GL1800A,2015-2015,1,0,0.0,0,0,0,0,,1,0,0.0
HONDA,GROM125,2015-2022,5,0,0.0,0,0,0,0,,5,0,0.0
HONDA,NC700JD,2016-2016,1,0,0.0,0,0,0,0,,1,0,0.0
HONDA,NC700X,2015-2016,2,0,0.0,0,0,0,0,,2,0,0.0
HONDA,NC750X,2018-2018,2,0,0.0,0,0,0,0,,2,0,0.0
HONDA,NPS50,2015-2015,1,0,0.0,0,0,0,0,,1,0,0.0
HONDA,REBEL 1100,2021-2021,1,0,0.0,0,0,0,0,,1,0,0.0
HONDA,SXS700,2015-2015,1,0,0.0,0,0,0,0,,1,0,0.0
HONDA,TRAIL 125,2021-2021,2,0,0.0,0,0,0,0,,2,0,0.0
HONDA,VFR1200X,2017-2017,2,0,0.0,0,0,0,0,,2,0,0.0
HONDA,VT750C,2015-2016,2,0,0.0,0,0,0,0,,2,0,0.0
HONDA,Z125M,2019-2019,1,0,0.0,0,0,0,0,,1,0,0.0
HORTON,TYPE I,2020-2020,1,0,0.0,0,0,0,0,,1,0,0.0
HUDSON TRAILER,HUDSON TRAILER,2020-2020,1,0,0.0,0,0,0,0,,1,0,0.0
HULL PORTER,TRAILER,2019-2019,1,0,0.0,0,0,0,0,,1,0,0.0
HUSQVARNA,701 ENDURO LR,2020-2020,1,0,0.0,0,0,0,0,,1,0,0.0
HUSQVARNA,701 SUPERMOTO,2018-2018,1,0,0.0,0,0,0,0,,1,0,0.0
HUSQVARNA,FE 501 S,2017-2018,2,0,0.0,0,0,0,0,,2,0,0.0
HUSQVARNA,SVARTPILEN 401,2021-2022,3,0,0.0,0,0,0,0,,3,0,0.0
HUSQVARNA,SVARTPILEN 701,2020-2020,2,0,0.0,0,0,0,0,,2,0,0.0
HUSQVARNA,VITPILEN 401,2022-2022,2,0,0.0,0,0,0,0,,2,0,0.0
HUSQVARNA,VITPILEN 701,2018-2020,12,0,0.0,0,0,0,0,,12,0,0.0
HYMER,CARADO BANFF,2019-2019,1,0,0.0,0,0,0,0,,1,0,0.0
HYOSUNG,GV650,2015-2015,1,0,0.0,0,0,0,0,,1,0,0.0
HYUNDAI,ELANTRA N,2022-2022,16,0,0.0,0,0,0,0,,16,0,0.0
HYUNDAI,IONIQ,2020-2020,1,0,0.0,0,0,0,0,,1,0,0.0
HYUNDAI,KONA N,2022-2022,7,0,0.0,0,0,0,0,,7,0,0.0
HYUNDAI,NEXO,2019-2022,16,0,0.0,0,0,0,0,,16,0,0.0
HYUNDAI,SONATA PLUG-IN HYBRID,2016-2019,63,0,0.0,0,0,0,0,,63,0,0.0
HYUNDAI,TUCSON PLUG-IN HYBRID,2022-2022,7,0,0.0,0,0,0,0,,7,0,0.0
HYUNDAI TRANSLEAD,CHASSIS,2016-2016,1,0,0.0,0,0,0,0,,1,0,0.0
HYUNDAI TRANSLEAD,DRY VAN TRAILER,2019-2019,1,0,0.0,0,0,0,0,,1,0,0.0
IC,3000,2015-2015,1,0,0.0,0,0,0,0,,1,0,0.0
IC BUS,BE,2016-2016,1,0,0.0,0,0,0,0,,1,0,0.0
IC BUS,CE SBUS,2022-2022,1,0,0.0,0,0,0,0,,1,0,0.0
IC BUS,CESB,2016-2022,10,0,0.0,0,0,0,0,,10,0,0.0
IC BUS,PB105,2019-2019,2,0,0.0,0,0,0,0,,2,0,0.0
ICEBEAR,CHAMPION,2019-2019,1,0,0.0,0,0,0,0,,1,0,0.0
ICON EV,I40,2022-2022,1,0,0.0,0,0,0,0,,1,0,0.0
INDIAN,CHALLENGER,2020-2022,3,0,0.0,0,0,0,0,,3,0,0.0
INDIAN,CHALLENGER LIMITED,2021-2021,1,0,0.0,0,0,0,0,,1,0,0.0
INDIAN,CHIEF,2015-2022,5,0,0.0,0,0,0,0,,5,0,0.0
INDIAN,CHIEF ROADMASTER,2019-2019,3,0,0.0,0,0,0,0,,3,0,0.0
INDIAN,CHIEFTAIN CLASSIC,2019-2019,1,0,0.0,0,0,0,0,,1,0,0.0
INDIAN,CHIEFTAIN DARK HORSE,2018-2020,7,0,0.0,0,0,0,0,,7,0,0.0
INDIAN,CHIEFTAIN LIMITED,2018-2018,2,0,0.0,0,0,0,0,,2,0,0.0
INDIAN,CHIEFTAN,2017-2019,2,0,0.0,0,0,0,0,,2,0,0.0
INDIAN,FTR 1200 S,2022-2022,1,0,0.0,0,0,0,0,,1,0,0.0
INDIAN,FTR1200,2022-2022,3,0,0.0,0,0,0,0,,3,0,0.0
INDIAN,PURSUIT,2022-2022,2,0,0.0,0,0,0,0,,2,0,0.0
INDIAN,ROADMASTER ELITE,2019-2019,1,0,0.0,0,0,0,0,,1,0,0.0
INDIAN,SCOUT BOBBER SIXTY,2022-2022,1,0,0.0,0,0,0,0,,1,0,0.0
INDIAN,SPRINGFIELD DARK HORSE,2019-2019,1,0,0.0,0,0,0,0,,1,0,0.0
INDIAN,SUPER CHIEF,2022-2022,2,0,0.0,0,0,0,0,,2,0,0.0
INFINITI,G37,2015-2015,1,0,0.0,0,0,0,0,,1,0,0.0
INFINITI,Q70 HYBRID,2015-2015,1,0,0.0,0,0,0,0,,1,0,0.0
INFINITI,Q70L,2015-2019,8,0,0.0,0,0,0,0,,5,0,0.0
INFINITI,QX55,2022-2022,8,0,0.0,0,0,0,0,,8,0,0.0
INFINITI,QX60 HYBRID,2015-2015,3,0,0.0,0,0,0,0,,3,0,0.0
INFINITI,REDUNDANT QX55,2022-2022,1,0,0.0,0,0,0,0,,1,0,0.0
INTECH,CUSTOM TRAILER,2018-2021,5,0,0.0,0,0,0,0,,5,0,0.0
INTERNATIONAL,4000 SERIES 4300,2017-2018,2,0,0.0,0,0,0,0,,2,0,0.0
INTERNATIONAL,CE,2015-2015,1,0,0.0,0,0,0,0,,1,0,0.0
INTERNATIONAL,CV,2019-2022,4,0,0.0,0,0,0,0,,4,0,0.0
INTERNATIONAL,HV,2020-2020,1,0,0.0,0,0,0,0,,1,0,0.0
INTERNATIONAL,LONESTAR,2016-2020,4,0,0.0,0,0,0,0,,4,0,0.0
INTERNATIONAL,PROSTAR,2017-2017,1,0,0.0,0,0,0,0,,1,0,0.0
INTERNATIONAL,TERRASTAR,2015-2015,1,0,0.0,0,0,0,0,,1,0,0.0
INTERSTATE,TRAILER,2021-2021,1,0,0.0,0,0,0,0,,1,0,0.0
INTERSTATE,VICTORY TRAILER,2017-2017,1,0,0.0,0,0,0,0,,1,0,0.0
ISUZU,FTR,2020-2020,1,0,0.0,0,0,0,0,,1,0,0.0
ISUZU,N-SERIES,2022-2022,1,0,0.0,0,0,0,0,,1,0,0.0
ISUZU,NPR HD,2015-2016,5,0,0.0,0,0,0,0,,5,0,0.0
ISUZU,NPR XD,2016-2016,1,0,0.0,0,0,0,0,,1,0,0.0
ITASCA,NAVION,2015-2016,3,0,0.0,0,0,0,0,,3,0,0.0
ITASCA,SOLEI,2015-2015,1,0,0.0,0,0,0,0,,1,0,0.0
ITASCA,SPIRIT,2017-2017,1,0,0.0,0,0,0,0,,1,0,0.0
ITASCA,SUNOVA,2015-2015,1,0,0.0,0,0,0,0,,1,0,0.0
ITASCA,SUNSTAR,2015-2019,3,0,0.0,0,0,0,0,,3,0,0.0
JAGUAR,XK,2015-2015,2,0,0.0,0,0,0,0,,1,0,0.0
JAYCO,ALANTE,2017-2022,17,0,0.0,0,0,0,0,,17,0,0.0
JAYCO,ALANTE CLASS A 31L,2016-2016,2,0,0.0,0,0,0,0,,2,0,0.0
JAYCO,ALL TRAVEL TRAILERS,2020-2020,1,0,0.0,0,0,0,0,,1,0,0.0
JAYCO,EMBARK,2017-2020,2,0,0.0,0,0,0,0,,2,0,0.0
JAYCO,MELBOURNE,2019-2021,3,0,0.0,0,0,0,0,,3,0,0.0
JAYCO,MELBOURNE CLASS C,2015-2017,2,0,0.0,0,0,0,0,,1,0,0.0
JAYCO,MELBOURNE PRESTIGE,2021-2021,1,0,0.0,0,0,0,0,,1,0,0.0
JAYCO,REDHAWK,2015-2021,11,0,0.0,0,0,0,0,,10,0,0.0
JAYCO,REDHAWK SE,2022-2022,1,0,0.0,0,0,0,0,,1,0,0.0
JAYCO,SENECA,2017-2022,10,0,0.0,0,0,0,0,,8,0,0.0
JAYCO,SENECA PRESTIGE,2021-2021,1,0,0.0,0,0,0,0,,1,0,0.0
JAYCO FIFTH WHEEL,EAGLE HT,2019-2021,5,0,0.0,0,0,0,0,,5,0,0.0
JAYCO FIFTH WHEEL,EAGLE PREMIER,2015-2015,4,0,0.0,0,0,0,0,,4,0,0.0
JAYCO FIFTH WHEEL,NORTH POINT,2017-2022,23,0,0.0,0,0,0,0,,23,0,0.0
JAYCO FIFTH WHEEL,SEISMIC,2015-2018,7,0,0.0,0,0,0,0,,7,0,0.0
JAYCO FIFTH WHEEL,SEISMIC WAVE,2017-2017,1,0,0.0,0,0,0,0,,1,0,0.0
JAYCO FIFTH WHEEL,TALON,2018-2018,1,0,0.0,0,0,0,0,,1,0,0.0
JAYCO TRAVEL TRAILER,EAGLE,2017-2018,14,0,0.0,0,0,0,0,,14,0,0.0
JAYCO TRAVEL TRAILER,JAY FLIGHT,2015-2022,57,0,0.0,0,0,0,0,,57,0,0.0
JAYCO TRAVEL TRAILER,JAY FLIGHT BUNGALOW,2017-2020,3,0,0.0,0,0,0,0,,3,0,0.0
JAYCO TRAVEL TRAILER,JAY FLIGHT SLX,2017-2022,24,0,0.0,0,0,0,0,,24,0,0.0
JAYCO TRAVEL TRAILER,JAY SERIES SPORT,2015-2016,5,0,0.0,0,0,0,0,,5,0,0.0
JAYCO TRAVEL TRAILER,OCTANE,2018-2021,2,0,0.0,0,0,0,0,,2,0,0.0
JAYCO TRAVEL TRAILER,OCTANE SUPER LITE,2016-2016,2,0,0.0,0,0,0,0,,2,0,0.0
JEEP,WRANGLER 4XE,2021-2022,7,0,0.0,0,0,0,0,,7,0,0.0
JERR-DAN,MEDIUM DUTY CARRIER,2020-2020,1,0,0.0,0,0,0,0,,1,0,0.0
KARAVAN,BOAT TRAILER,2020-2022,7,0,0.0,0,0,0,0,,7,0,0.0
KARAVAN,KARAVAN TRAILER,2017-2017,1,0,0.0,0,0,0,0,,1,0,0.0
KARAVAN,KHD-2990-72-PR,2018-2018,1,0,0.0,0,0,0,0,,1,0,0.0
KARAVAN,TANDEM AXLE TRAILER,2016-2018,2,0,0.0,0,0,0,0,,2,0,0.0
KAUFMAN,MINI CAR HAULER,2016-2016,1,0,0.0,0,0,0,0,,1,0,0.0
KAUFMAN,TRAILER,2018-2018,2,0,0.0,0,0,0,0,,2,0,0.0
KAUFMAN,WEDGE CAR HAULER,2016-2016,1,0,0.0,0,0,0,0,,1,0,0.0
KAWASAKI,BRUTE FORCE 300,2016-2016,1,0,0.0,0,0,0,0,,1,0,0.0
KAWASAKI,CONCOURS 14,2016-2021,7,0,0.0,0,0,0,0,,7,0,0.0
KAWASAKI,KL650,2022-2022,2,0,0.0,0,0,0,0,,2,0,0.0
KAWASAKI,KLR650,2017-2022,2,0,0.0,0,0,0,0,,2,0,0.0
KAWASAKI,KLX250,2019-2019,1,0,0.0,0,0,0,0,,1,0,0.0
KAWASAKI,NINJA,2018-2021,4,0,0.0,0,0,0,0,,4,0,0.0
KAWASAKI,NINJA 300,2015-2015,1,0,0.0,0,0,0,0,,1,0,0.0
KAWASAKI,NINJA 650,2017-2017,1,0,0.0,0,0,0,0,,1,0,0.0
KAWASAKI,NINJA H2,2017-2017,1,0,0.0,0,0,0,0,,1,0,0.0
KAWASAKI,NINJA ZX-10R,2016-2022,4,0,0.0,0,0,0,0,,4,0,0.0
KAWASAKI,NINJA ZX-14R,2022-2022,1,0,0.0,0,0,0,0,,1,0,0.0
KAWASAKI,NINJA ZX-6R,2015-2022,3,0,0.0,0,0,0,0,,3,0,0.0
KAWASAKI,VERSYS 650,2015-2016,3,0,0.0,0,0,0,0,,3,0,0.0
KAWASAKI,VULCAN 1700 VOYAGER,2015-2015,1,0,0.0,0,0,0,0,,1,0,0.0
KAWASAKI,Z 650,2017-2017,1,0,0.0,0,0,0,0,,1,0,0.0
KAWASAKI,Z125 PRO,2017-2018,2,0,0.0,0,0,0,0,,2,0,0.0
KAWASAKI,ZX10R,2017-2017,1,0,0.0,0,0,0,0,,1,0,0.0
KENDON,MOTORCYCLE TRAILER,2021-2021,1,0,0.0,0,0,0,0,,1,0,0.0
KENTUCKY TRAILER,MV,2017-2017,1,0,0.0,0,0,0,0,,1,0,0.0
KENWORTH,T170,2020-2020,1,0,0.0,0,0,0,0,,1,0,0.0
KENWORTH,T370,2018-2019,2,0,0.0,0,0,0,0,,2,0,0.0
KENWORTH,T440,2021-2021,1,0,0.0,0,0,0,0,,1,0,0.0
KEYSTONE,ARCADIA,2021-2022,6,0,0.0,0,0,0,0,,6,0,0.0
KEYSTONE,ASPEN TRAIL,2018-2021,3,0,0.0,0,0,0,0,,3,0,0.0
KEYSTONE,ATLAS,2020-2020,1,0,0.0,0,0,0,0,,1,0,0.0
KEYSTONE,AVALANCHE,2021-2022,3,0,0.0,0,0,0,0,,3,0,0.0
KEYSTONE,BULLET,2015-2021,16,0,0.0,0,0,0,0,,16,0,0.0
KEYSTONE,CARBON,2016-2021,8,0,0.0,0,0,0,0,,8,0,0.0
KEYSTONE,COLEMAN,2021-2021,1,0,0.0,0,0,0,0,,1,0,0.0
KEYSTONE,COUGAR,2015-2022,36,0,0.0,0,0,0,0,,36,0,0.0
KEYSTONE,CROSSROADS REDWOOD,2021-2022,2,0,0.0,0,0,0,0,,2,0,0.0
KEYSTONE,DUTCHMEN,2016-2016,2,0,0.0,0,0,0,0,,2,0,0.0
KEYSTONE,LAREDO,2015-2016,4,0,0.0,0,0,0,0,,4,0,0.0
KEYSTONE,MONTANA HIGH COUNTRY,2015-2021,11,0,0.0,0,0,0,0,,11,0,0.0
KEYSTONE,OUTBACK,2016-2022,11,0,0.0,0,0,0,0,,11,0,0.0
KEYSTONE,PASSPORT,2017-2022,5,0,0.0,0,0,0,0,,5,0,0.0
KEYSTONE,RAPTOR,2015-2022,10,0,0.0,0,0,0,0,,10,0,0.0
KEYSTONE,RESIDENCE,2017-2017,1,0,0.0,0,0,0,0,,1,0,0.0
KEYSTONE,RETREAT,2015-2015,1,0,0.0,0,0,0,0,,1,0,0.0
KEYSTONE,SPRINGDALE,2015-2021,9,0,0.0,0,0,0,0,,9,0,0.0
KEYSTONE,SPRINTER,2015-2020,5,0,0.0,0,0,0,0,,5,0,0.0
KEYSTONE,SUMMERLAND,2016-2016,1,0,0.0,0,0,0,0,,1,0,0.0
KEYSTONE,SUNSET TRAIL,2022-2022,1,0,0.0,0,0,0,0,,1,0,0.0
KEYSTONE,TRAVEL TRAILER,2020-2020,2,0,0.0,0,0,0,0,,2,0,0.0
KEYSTONE,VOLTAGE,2020-2020,2,0,0.0,0,0,0,0,,2,0,0.0
KIA,FORTE KOUP,2016-2016,2,0,0.0,0,0,0,0,,2,0,0.0
KIA,SORENTO HYBRID,2021-2022,33,0,0.0,0,0,0,0,,32,0,0.0
KL MANUFACTURING,TRAILER,2022-2022,1,0,0.0,0,0,0,0,,1,0,0.0
KME,COMMERCIAL RESCUE,2017-2017,1,0,0.0,0,0,0,0,,1,0,0.0
KME,PREDATOR AERIAL,2018-2018,1,0,0.0,0,0,0,0,,1,0,0.0
KTM,1090 ADVENTURE R,2018-2020,3,0,0.0,0,0,0,0,,3,0,0.0
KTM,1190 ADVENTURE,2015-2016,7,0,0.0,0,0,0,0,,7,0,0.0
KTM,1290 SUPER ADVENTURE,2015-2016,3,0,0.0,0,0,0,0,,3,0,0.0
KTM,1290 SUPER ADVENTURE R,2018-2021,4,0,0.0,0,0,0,0,,4,0,0.0
KTM,1290 SUPER ADVENTURE S,2019-2022,5,0,0.0,0,0,0,0,,5,0,0.0
KTM,1290 SUPER DUKE GT,2016-2017,3,0,0.0,0,0,0,0,,3,0,0.0
KTM,390 ADVENTURE,2020-2022,8,0,0.0,0,0,0,0,,8,0,0.0
KTM,390 DUKE,2015-2018,7,0,0.0,0,0,0,0,,7,0,0.0
KTM,500 EXC,2016-2016,1,0,0.0,0,0,0,0,,1,0,0.0
KTM,690 DUKE,2015-2018,26,0,0.0,0,0,0,0,,26,0,0.0
KTM,690 ENDURO R,2015-2022,12,0,0.0,0,0,0,0,,12,0,0.0
KTM,690 SMC R,2019-2022,7,0,0.0,0,0,0,0,,7,0,0.0
KTM,790 ADVENTURE,2019-2020,23,0,0.0,0,0,0,0,,23,0,0.0
KTM,790 ADVENTURE R RALLY,2020-2020,2,0,0.0,0,0,0,0,,2,0,0.0
KTM,790 DUKE,2019-2019,1,0,0.0,0,0,0,0,,1,0,0.0
KTM,890 ADVENTURE,2021-2021,1,0,0.0,0,0,0,0,,1,0,0.0
KTM,890 ADVENTURE R,2021-2022,4,0,0.0,0,0,0,0,,4,0,0.0
KTM,890 ADVENTURE R RALLY,2021-2021,1,0,0.0,0,0,0,0,,1,0,0.0
KTM,890 DUKE,2021-2022,3,0,0.0,0,0,0,0,,3,0,0.0
KTM,890 DUKE R,2022-2022,1,0,0.0,0,0,0,0,,1,0,0.0
KTM,ENDURO,2017-2017,1,0,0.0,0,0,0,0,,1,0,0.0
KTM,LC4 DUKE,2016-2017,4,0,0.0,0,0,0,0,,4,0,0.0
KTM,RC 390,2015-2015,1,0,0.0,0,0,0,0,,1,0,0.0
KTM,V-TWIN RC8 SUPER DUKE R,2017-2017,1,0,0.0,0,0,0,0,,1,0,0.0
KYMCO,LIKE 150I,2018-2019,2,0,0.0,0,0,0,0,,2,0,0.0
KYMCO,SPADE,2018-2018,1,0,0.0,0,0,0,0,,1,0,0.0
KYMCO,SUPER 8-150 X,2015-2015,1,0,0.0,0,0,0,0,,1,0,0.0
KZ-RV,GOLD,2017-2018,2,0,0.0,0,0,0,0,,2,0,0.0
KZRV,CAMPLITE,2020-2020,1,0,0.0,0,0,0,0,,1,0,0.0
KZRV,DURANGO GOLD,2018-2021,2,0,0.0,0,0,0,0,,2,0,0.0
KZRV,SONIC,2018-2021,2,0,0.0,0,0,0,0,,2,0,0.0
KZRV,SONIC LITE,2017-2017,1,0,0.0,0,0,0,0,,1,0,0.0
KZRV,SPORTSMEN,2016-2021,8,0,0.0,0,0,0,0,,8,0,0.0
KZRV,SPORTSMEN LE,2018-2021,2,0,0.0,0,0,0,0,,2,0,0.0
KZRV,SPORTSTER,2020-2020,1,0,0.0,0,0,0,0,,1,0,0.0
KZRV,SPORTTREK,2016-2022,7,0,0.0,0,0,0,0,,7,0,0.0
KZRV,SPREE,2019-2021,3,0,0.0,0,0,0,0,,3,0,0.0
KZRV,STRATUS,2021-2021,3,0,0.0,0,0,0,0,,3,0,0.0
KZRV,VENOM,2017-2017,2,0,0.0,0,0,0,0,,2,0,0.0
LAKOTA,BIGHORN,2020-2020,1,0,0.0,0,0,0,0,,1,0,0.0
LAMBORGHINI,AVENTADOR S,2018-2018,1,0,0.0,0,0,0,0,,1,0,0.0
LAMBORGHINI,HURACAN,2020-2020,1,0,0.0,0,0,0,0,,1,0,0.0
LAMBORGHINI,URUS,2019-2022,2,0,0.0,0,0,0,0,,2,0,0.0
LANCE,1685,2019-2019,1,0,0.0,0,0,0,0,,1,0,0.0
LANCE,1995,2016-2018,2,0,0.0,0,0,0,0,,2,0,0.0
LANCE,200I,2021-2021,1,0,0.0,0,0,0,0,,1,0,0.0
LANCE,2285,2018-2018,1,0,0.0,0,0,0,0,,1,0,0.0
LANCE,2295,2018-2018,1,0,0.0,0,0,0,0,,1,0,0.0
LANCE,2375,2018-2018,1,0,0.0,0,0,0,0,,1,0,0.0
LANCE,TRAVEL TRAILER,2018-2021,11,0,0.0,0,0,0,0,,11,0,0.0
LANCE CAMPER,LANCE CAMPER,2018-2019,7,0,0.0,0,0,0,0,,7,0,0.0
LANCE CAMPER,TRUCK CAMPER (1172),2019-2020,5,0,0.0,0,0,0,0,,5,0,0.0
LAND ROVER,LR2,2015-2015,6,0,0.0,0,0,0,0,,5,0,0.0
LARK,CARGO TRAILER,2017-2017,3,0,0.0,0,0,0,0,,3,0,0.0
LARK,CARGO TRAILER VT508SA,2015-2015,1,0,0.0,0,0,0,0,,1,0,0.0
LEISURE TRAVEL VAN,UNITY,2017-2017,1,0,0.0,0,0,0,0,,1,0,0.0
LEXUS,GS 200T,2016-2016,2,0,0.0,0,0,0,0,,2,0,0.0
LEXUS,IS 250C,2015-2015,1,0,0.0,0,0,0,0,,1,0,0.0
LEXUS,IS200T,2016-2017,16,0,0.0,0,0,0,0,,14,0,0.0
LEXUS,LC,2018-2021,3,0,0.0,0,0,0,0,,3,0,0.0
LEXUS,LC500,2018-2021,7,0,0.0,0,0,0,0,,7,0,0.0
LEXUS,LS HYBRID,2019-2019,3,0,0.0,0,0,0,0,,3,0,0.0
LEXUS,LX,2017-2022,9,0,0.0,0,0,0,0,,9,0,0.0
LEXUS,LX570,2016-2019,5,0,0.0,0,0,0,0,,2,0,0.0
LEXUS,NX450H+,2022-2022,2,0,0.0,0,0,0,0,,2,0,0.0
LEXUS,RC 200T,2015-2017,6,0,0.0,0,0,0,0,,6,0,0.0
LEXUS,RC F,2015-2017,12,0,0.0,0,0,0,0,,11,0,0.0
LGS INDUSTRIES,LOOK,2019-2020,2,0,0.0,0,0,0,0,,2,0,0.0
LIGHTNING EMOTORS,FORD E-450,2018-2018,1,0,0.0,0,0,0,0,,1,0,0.0
LIVEWIRE,LIVEWIRE,2020-2020,9,0,0.0,0,0,0,0,,9,0,0.0
LIVIN LITE,LIVIN LITE,2016-2016,1,0,0.0,0,0,0,0,,1,0,0.0
LIVIN LITE,QUICKSILVER,2018-2018,3,0,0.0,0,0,0,0,,3,0,0.0
LIVIN LITE,QUICKSILVER 6.0,2017-2017,1,0,0.0,0,0,0,0,,1,0,0.0
LIVIN LITE,TRAIL TRAILER,2015-2019,3,0,0.0,0,0,0,0,,3,0,0.0
LIVIN' LITE,CAMPLITE,2017-2018,7,0,0.0,0,0,0,0,,7,0,0.0
LOAD RITE,LOAD RITE TRAILER,2020-2020,1,0,0.0,0,0,0,0,,1,0,0.0
LOAD TRAIL,FLAT TRAILER 40FT,2015-2015,1,0,0.0,0,0,0,0,,1,0,0.0
LOAD TRAIL,LOAD TRAIL,2017-2017,3,0,0.0,0,0,0,0,,3,0,0.0
LOAD TRAIL,S-TRLR,2022-2022,1,0,0.0,0,0,0,0,,1,0,0.0
LOAD TRAIL,TANDEM AXLE DUMP,2018-2018,1,0,0.0,0,0,0,0,,1,0,0.0
LOGAN COACH,LOGAN COACH,2015-2015,1,0,0.0,0,0,0,0,,1,0,0.0
LOOK,CARGO TRAILER,2016-2018,3,0,0.0,0,0,0,0,,3,0,0.0
LOTUS,EVORA,2017-2018,4,0,0.0,0,0,0,0,,4,0,0.0
MAC TRAILERS,WASTE TRAILER,2019-2019,1,0,0.0,0,0,0,0,,1,0,0.0
MACK,CXU,2016-2016,1,0,0.0,0,0,0,0,,1,0,0.0
MACK,GRANITE (GR),2019-2022,6,0,0.0,0,0,0,0,,6,0,0.0
MACK,GU,2015-2018,2,0,0.0,0,0,0,0,,2,0,0.0
MACK,LR,2019-2019,1,0,0.0,0,0,0,0,,1,0,0.0
MACK,MRU,2018-2018,1,0,0.0,0,0,0,0,,1,0,0.0
MACK,PINNACLE (CHU),2020-2020,1,0,0.0,0,0,0,0,,1,0,0.0
MAHINDRA,GENZE 2.0,2016-2016,2,0,0.0,0,0,0,0,,2,0,0.0
MASERATI,GRANTURISMO,2017-2017,1,0,0.0,0,0,0,0,,1,0,0.0
MASERATI,LEVANTE S,2017-2017,3,0,0.0,0,0,0,0,,3,0,0.0
MASSEY,2606H,2017-2017,1,0,0.0,0,0,0,0,,1,0,0.0
MASTER TOW,MASTER TOW,2022-2022,1,0,0.0,0,0,0,0,,1,0,0.0
MASTERCRAFT,BOAT TRAILER,2015-2015,1,0,0.0,0,0,0,0,,1,0,0.0
MAXEY TRAILERS,MAXEY TRAILERS,2021-2021,2,0,0.0,0,0,0,0,,2,0,0.0
MAZDA,!MX-5,2019-2019,3,0,0.0,0,0,0,0,,3,0,0.0
MCI,D4505,2017-2017,1,0,0.0,0,0,0,0,,1,0,0.0
MCLAREN,570,2016-2017,3,0,0.0,0,0,0,0,,3,0,0.0
MCLAREN,570 GT,2017-2017,1,0,0.0,0,0,0,0,,1,0,0.0
MCLAREN,570S,2019-2019,1,0,0.0,0,0,0,0,,1,0,0.0
MCLAREN,600LT,2020-2020,2,0,0.0,0,0,0,0,,2,0,0.0
MCLAREN,650S,2015-2015,2,0,0.0,0,0,0,0,,1,0,0.0
MCLAREN,720S,2018-2019,2,0,0.0,0,0,0,0,,2,0,0.0
MERCEDES BENZ,B-CLASS ELECTRIC,2015-2016,30,0,0.0,0,0,0,0,,29,0,0.0
MERCEDES BENZ,C 300 4MATIC,2018-2018,12,0,0.0,0,0,0,0,,11,0,0.0
MERCEDES BENZ,C190,2016-2016,1,0,0.0,0,0,0,0,,1,0,0.0
MERCEDES BENZ,C205,2019-2019,1,0,0.0,0,0,0,0,,0,0,
MERCEDES BENZ,GLC,2016-2016,5,0,0.0,0,0,0,0,,5,0,0.0
MERCEDES BENZ,SPRINTER 3500,2015-2015,16,0,0.0,0,0,0,0,,14,0,0.0
MERCEDES ROYALE,SPRINTER COACH,2015-2017,23,0,0.0,0,0,0,0,,14,0,0.0
MERCEDES-BENZ,A 220 4MATIC,2019-2021,2,0,0.0,0,0,0,0,,2,0,0.0
MERCEDES-BENZ,AMG C63 S,2019-2021,2,0,0.0,0,0,0,0,,2,0,0.0
MERCEDES-BENZ,AMG C63S,2015-2018,8,0,0.0,0,0,0,0,,8,0,0.0
MERCEDES-BENZ,AMG CLA45,2015-2022,12,0,0.0,0,0,0,0,,11,0,0.0
MERCEDES-BENZ,AMG CLS53,2019-2021,8,0,0.0,0,0,0,0,,8,0,0.0
MERCEDES-BENZ,AMG CLS63,2017-2017,1,0,0.0,0,0,0,0,,1,0,0.0
MERCEDES-BENZ,AMG E43,2017-2018,12,0,0.0,0,0,0,0,,12,0,0.0
MERCEDES-BENZ,AMG G63,2017-2022,7,0,0.0,0,0,0,0,,7,0,0.0
MERCEDES-BENZ,AMG GLA35,2021-2021,1,0,0.0,0,0,0,0,,1,0,0.0
MERCEDES-BENZ,AMG GLB35,2021-2022,7,0,0.0,0,0,0,0,,7,0,0.0
MERCEDES-BENZ,AMG GLC63 S,2020-2020,1,0,0.0,0,0,0,0,,1,0,0.0
MERCEDES-BENZ,AMG GLE53,2021-2022,29,0,0.0,0,0,0,0,,29,0,0.0
MERCEDES-BENZ,AMG GLE63 S,2022-2022,1,0,0.0,0,0,0,0,,1,0,0.0
MERCEDES-BENZ,AMG GT,2016-2021,18,0,0.0,0,0,0,0,,18,0,0.0
MERCEDES-BENZ,AMG GT S,2016-2016,4,0,0.0,0,0,0,0,,4,0,0.0
MERCEDES-BENZ,AMG GT43,2022-2022,2,0,0.0,0,0,0,0,,2,0,0.0
MERCEDES-BENZ,AMG GT53,2019-2021,4,0,0.0,0,0,0,0,,4,0,0.0
MERCEDES-BENZ,AMG S63 4MATIC,2015-2016,2,0,0.0,0,0,0,0,,2,0,0.0
MERCEDES-BENZ,AMG SL63,2018-2022,5,0,0.0,0,0,0,0,,5,0,0.0
MERCEDES-BENZ,AMG SLC43,2020-2020,1,0,0.0,0,0,0,0,,1,0,0.0
MERCEDES-BENZ,B 250E,2015-2017,27,0,0.0,0,0,0,0,,25,0,0.0
MERCEDES-BENZ,C 300 4MATIC,2021-2021,1,0,0.0,0,0,0,0,,0,0,
MERCEDES-BENZ,C 350,2020-2020,1,0,0.0,0,0,0,0,,0,0,
MERCEDES-BENZ,C 350 E,2018-2018,2,0,0.0,0,0,0,0,,2,0,0.0
MERCEDES-BENZ,C200,2015-2015,29,0,0.0,0,0,0,0,,27,0,0.0
MERCEDES-BENZ,C220,2015-2015,4,0,0.0,0,0,0,0,,4,0,0.0
MERCEDES-BENZ,C350,2015-2017,7,0,0.0,0,0,0,0,,4,0,0.0
MERCEDES-BENZ,C350E,2016-2017,11,0,0.0,0,0,0,0,,11,0,0.0
MERCEDES-BENZ,C400,2015-2015,10,0,0.0,0,0,0,0,,10,0,0.0
MERCEDES-BENZ,C450,2016-2017,19,0,0.0,0,0,0,0,,19,0,0.0
MERCEDES-BENZ,CLA 250 4MATIC,2020-2020,1,0,0.0,0,0,0,0,,1,0,0.0
MERCEDES-BENZ,CLS400,2015-2015,8,0,0.0,0,0,0,0,,8,0,0.0
MERCEDES-BENZ,CLS550,2015-2017,2,0,0.0,0,0,0,0,,2,0,0.0
MERCEDES-BENZ,E 400 4MATIC,2018-2018,2,0,0.0,0,0,0,0,,2,0,0.0
MERCEDES-BENZ,E 450 4MATIC,2019-2020,6,0,0.0,0,0,0,0,,6,0,0.0
MERCEDES-BENZ,E 450 4MATIC COUPE,2019-2019,1,0,0.0,0,0,0,0,,1,0,0.0
MERCEDES-BENZ,E207,2016-2016,1,0,0.0,0,0,0,0,,0,0,
MERCEDES-BENZ,E250,2015-2016,6,0,0.0,0,0,0,0,,5,0,0.0
MERCEDES-BENZ,E43 AMG,2018-2018,4,0,0.0,0,0,0,0,,4,0,0.0
MERCEDES-BENZ,E550,2015-2017,5,0,0.0,0,0,0,0,,3,0,0.0
MERCEDES-BENZ,EQB 300 4MATIC,2022-2022,8,0,0.0,0,0,0,0,,8,0,0.0
MERCEDES-BENZ,EQB 350 4MATIC,2022-2022,9,0,0.0,0,0,0,0,,9,0,0.0
MERCEDES-BENZ,EQS 580 4MATIC,2022-2022,1,0,0.0,0,0,0,0,,1,0,0.0
MERCEDES-BENZ,G550,2016-2016,1,0,0.0,0,0,0,0,,1,0,0.0
MERCEDES-BENZ,G63,2015-2017,7,0,0.0,0,0,0,0,,5,0,0.0
MERCEDES-BENZ,GL550,2015-2016,8,0,0.0,0,0,0,0,,8,0,0.0
MERCEDES-BENZ,GL63,2015-2016,4,0,0.0,0,0,0,0,,4,0,0.0
MERCEDES-BENZ,GLA 250 4MATIC,2021-2021,2,0,0.0,0,0,0,0,,2,0,0.0
MERCEDES-BENZ,GLB 200,2020-2020,1,0,0.0,0,0,0,0,,0,0,
MERCEDES-BENZ,GLB 250 4MATIC,2020-2022,8,0,0.0,0,0,0,0,,6,0,0.0
MERCEDES-BENZ,GLC 350 E,2018-2020,4,0,0.0,0,0,0,0,,4,0,0.0
MERCEDES-BENZ,GLC350E,2019-2019,8,0,0.0,0,0,0,0,,8,0,0.0
MERCEDES-BENZ,GLE 350 4MATIC,2021-2022,10,0,0.0,0,0,0,0,,10,0,0.0
MERCEDES-BENZ,GLE 350 E,2020-2021,2,0,0.0,0,0,0,0,,2,0,0.0
MERCEDES-BENZ,GLE 400,2017-2019,8,0,0.0,0,0,0,0,,8,0,0.0
MERCEDES-BENZ,GLE 450 4MATIC,2022-2022,1,0,0.0,0,0,0,0,,1,0,0.0
MERCEDES-BENZ,GLE 580,2020-2021,7,0,0.0,0,0,0,0,,7,0,0.0
MERCEDES-BENZ,GLE292 COUPE,2016-2016,1,0,0.0,0,0,0,0,,1,0,0.0
MERCEDES-BENZ,GLE350D,2016-2016,6,0,0.0,0,0,0,0,,6,0,0.0
MERCEDES-BENZ,GLE63S,2016-2016,2,0,0.0,0,0,0,0,,2,0,0.0
MERCEDES-BENZ,GLK250,2015-2015,19,0,0.0,0,0,0,0,,12,0,0.0
MERCEDES-BENZ,GLS 550,2018-2019,8,0,0.0,0,0,0,0,,8,0,0.0
MERCEDES-BENZ,GLS 580 4MATIC,2020-2022,3,0,0.0,0,0,0,0,,3,0,0.0
MERCEDES-BENZ,GLS550,2017-2017,6,0,0.0,0,0,0,0,,6,0,0.0
MERCEDES-BENZ,S 560,2020-2020,1,0,0.0,0,0,0,0,,1,0,0.0
MERCEDES-BENZ,S 560 4MATIC,2018-2020,7,0,0.0,0,0,0,0,,7,0,0.0
MERCEDES-BENZ,S 560 E,2019-2020,5,0,0.0,0,0,0,0,,4,0,0.0
MERCEDES-BENZ,S500E,2015-2015,1,0,0.0,0,0,0,0,,1,0,0.0
MERCEDES-BENZ,S550 HYBRID,2016-2016,1,0,0.0,0,0,0,0,,1,0,0.0
MERCEDES-BENZ,S560,2018-2019,18,0,0.0,0,0,0,0,,18,0,0.0
MERCEDES-BENZ,S63,2015-2015,1,0,0.0,0,0,0,0,,1,0,0.0
MERCEDES-BENZ,SL 450,2018-2020,2,0,0.0,0,0,0,0,,2,0,0.0
MERCEDES-BENZ,SL400,2015-2016,3,0,0.0,0,0,0,0,,3,0,0.0
MERCEDES-BENZ,SL550,2015-2017,6,0,0.0,0,0,0,0,,6,0,0.0
MERCEDES-BENZ,SLC 300,2018-2020,3,0,0.0,0,0,0,0,,3,0,0.0
MERCEDES-BENZ,SLC300,2017-2017,4,0,0.0,0,0,0,0,,4,0,0.0
MERCEDES-BENZ,SLK250,2015-2015,4,0,0.0,0,0,0,0,,4,0,0.0
MERCEDES-BENZ,SLK300,2016-2016,2,0,0.0,0,0,0,0,,2,0,0.0
MERCEDES-MAYBACH,S 560 4MATIC,2018-2019,8,0,0.0,0,0,0,0,,7,0,0.0
MERCEDES-MAYBACH,S 580,2022-2022,1,0,0.0,0,0,0,0,,1,0,0.0
MERCEDES-MAYBACH,S 680,2022-2022,1,0,0.0,0,0,0,0,,1,0,0.0
MERCEDES-MAYBACH,S550,2017-2017,2,0,0.0,0,0,0,0,,2,0,0.0
MERHOW,MERHOW,2020-2020,1,0,0.0,0,0,0,0,,1,0,0.0
MIDWEST AUTOMOTIVE DESIGN,DAYCRUISER,2022-2022,1,0,0.0,0,0,0,0,,1,0,0.0
MIDWEST AUTOMOTIVE DESIGN,PASSAGE,2019-2019,1,0,0.0,0,0,0,0,,1,0,0.0
MIDWEST AUTOMOTIVE DESIGN,WEEKENDER,2019-2019,1,0,0.0,0,0,0,0,,1,0,0.0
MINI,COOPER S CLUBMAN,2020-2020,1,0,0.0,0,0,0,0,,1,0,0.0
MINI,COOPER SE,2022-2022,1,0,0.0,0,0,0,0,,1,0,0.0
MINI,PACEMAN,2015-2015,2,0,0.0,0,0,0,0,,2,0,0.0
MITSUBISHI,I-MIEV,2017-2017,1,0,0.0,0,0,0,0,,1,0,0.0
MITSUBISHI,LANCER EVOLUTION,2015-2015,3,0,0.0,0,0,0,0,,3,0,0.0
MITSUBISHI FUSO,FE140G,2019-2019,1,0,0.0,0,0,0,0,,1,0,0.0
MOBILITY VENTURES,MV-1,2015-2016,4,0,0.0,0,0,0,0,,4,0,0.0
MOBILITY WORKS,CHEVY EXPRESS 2500,2015-2015,1,0,0.0,0,0,0,0,,1,0,0.0
MOBILITY WORKS,FORD E-350,2015-2015,3,0,0.0,0,0,0,0,,3,0,0.0
MORITZ,FH+10,2015-2015,1,0,0.0,0,0,0,0,,1,0,0.0
MOTO GUZZI,ELDORADO,2016-2016,2,0,0.0,0,0,0,0,,2,0,0.0
MOTO GUZZI,V7,2015-2015,1,0,0.0,0,0,0,0,,1,0,0.0
MOTO GUZZI,V7 III,2017-2017,2,0,0.0,0,0,0,0,,2,0,0.0
MOTO GUZZI,V85 TT,2020-2021,3,0,0.0,0,0,0,0,,3,0,0.0
MOTO GUZZI,V9,2017-2017,1,0,0.0,0,0,0,0,,1,0,0.0
MOTUS MOTORCYCLES,MST,2015-2015,1,0,0.0,0,0,0,0,,1,0,0.0
MV AGUSTA,B1,2018-2018,2,0,0.0,0,0,0,0,,2,0,0.0
MV AGUSTA,BRUTALE 800 DRAGSTER RC,2018-2018,1,0,0.0,0,0,0,0,,1,0,0.0
MV AGUSTA,F1,2021-2021,2,0,0.0,0,0,0,0,,2,0,0.0
NEW FLYER,XCELSIOR,2018-2022,2,0,0.0,0,0,0,0,,2,0,0.0
NEWMAR,BAY STAR,2016-2022,23,0,0.0,0,0,0,0,,23,0,0.0
NEWMAR,BAY STAR SPORT,2021-2021,5,0,0.0,0,0,0,0,,5,0,0.0
NEWMAR,CANYON STAR,2015-2022,5,0,0.0,0,0,0,0,,5,0,0.0
NEWMAR,DUTCH STAR,2015-2021,66,0,0.0,0,0,0,0,,66,0,0.0
NEWMAR,ESSEX,2015-2021,3,0,0.0,0,0,0,0,,3,0,0.0
NEWMAR,KING AIRE,2017-2022,6,0,0.0,0,0,0,0,,6,0,0.0
NEWMAR,KOUNTRY STAR,2020-2022,6,0,0.0,0,0,0,0,,6,0,0.0
NEWMAR,LONDON AIRE,2016-2022,17,0,0.0,0,0,0,0,,17,0,0.0
NEWMAR,MOUNTAIN AIRE,2015-2022,8,0,0.0,0,0,0,0,,8,0,0.0
NEWMAR,VENTANA,2016-2021,11,0,0.0,0,0,0,0,,11,0,0.0
NEWMAR,VENTANA LE,2016-2016,1,0,0.0,0,0,0,0,,1,0,0.0
NEXUS,GHOST,2016-2016,2,0,0.0,0,0,0,0,,2,0,0.0
NEXUS,PHANTOM,2016-2016,1,0,0.0,0,0,0,0,,1,0,0.0
NEXUS,TRIUMPH,2020-2020,1,0,0.0,0,0,0,0,,1,0,0.0
NEXUS,VIPER,2017-2019,2,0,0.0,0,0,0,0,,2,0,0.0
NEXUS,WRAITH,2019-2019,1,0,0.0,0,0,0,0,,1,0,0.0
NISSAN,GT-R,2017-2017,1,0,0.0,0,0,0,0,,1,0,0.0
NISSAN,MURANO HYBRID,2016-2016,1,0,0.0,0,0,0,0,,1,0,0.0
NISSAN,NV1500,2017-2017,2,0,0.0,0,0,0,0,,2,0,0.0
NISSAN,NV200 TAXI,2015-2015,1,0,0.0,0,0,0,0,,1,0,0.0
NISSAN,PATHFINDER HYBRID,2016-2016,2,0,0.0,0,0,0,0,,1,0,0.0
NISSAN,REDUNDANT MURANO,2020-2020,3,0,0.0,0,0,0,0,,3,0,0.0
NISSAN,REDUNDANT PATHFINDER,2020-2020,5,0,0.0,0,0,0,0,,5,0,0.0
NISSAN,XTERRA,2015-2015,10,0,0.0,0,0,0,0,,10,0,0.0
NORSTAR,TRAILER,2021-2021,1,0,0.0,0,0,0,0,,1,0,0.0
NORTH CENTRAL EMERGENCY,FORD E-450,2016-2021,8,0,0.0,0,0,0,0,,8,0,0.0
NORTH SHORE,CARGO TRAILER,2020-2020,1,0,0.0,0,0,0,0,,1,0,0.0
NORTHWOOD,ARCTIC FOX,2015-2021,5,0,0.0,0,0,0,0,,5,0,0.0
OLIVER TRAVEL TRAILERS,LEGACY ELITE,2018-2018,1,0,0.0,0,0,0,0,,1,0,0.0
OLIVER TRAVEL TRAILERS,LEGACY ELITE II,2019-2022,3,0,0.0,0,0,0,0,,3,0,0.0
OPEN RANGE,3X,2016-2016,1,0,0.0,0,0,0,0,,1,0,0.0
ORANGE LINE,TH70,2022-2022,1,0,0.0,0,0,0,0,,1,0,0.0
OREION,REEPER,2015-2015,1,0,0.0,0,0,0,0,,1,0,0.0
OSPREY CUSTOM,OC90,2022-2022,1,0,0.0,0,0,0,0,,1,0,0.0
OUTBACK CUSTOM,DODGE RAM RCA,2022-2022,1,0,0.0,0,0,0,0,,0,0,
PACE,CARGO TRAILER,2017-2017,1,0,0.0,0,0,0,0,,1,0,0.0
PACE,JOURNEY,2019-2019,2,0,0.0,0,0,0,0,,2,0,0.0
PACIFIC COACHWORKS,ECON 16RB,2016-2016,1,0,0.0,0,0,0,0,,1,0,0.0
PACIFIC COACHWORKS,POWERLITE 3213,2017-2017,2,0,0.0,0,0,0,0,,2,0,0.0
PACIFIC COACHWORKS,SAND SPORT,2017-2017,1,0,0.0,0,0,0,0,,1,0,0.0
PACIFIC COACHWORKS,TANGO,2015-2016,4,0,0.0,0,0,0,0,,4,0,0.0
PAGANI,HUAYRA,2016-2016,1,0,0.0,0,0,0,0,,1,0,0.0
PALOMINO,COLUMBUS,2015-2018,3,0,0.0,0,0,0,0,,3,0,0.0
PALOMINO,COLUMBUS COMPASS,2020-2020,1,0,0.0,0,0,0,0,,1,0,0.0
PALOMINO,PALOMINI,2018-2022,2,0,0.0,0,0,0,0,,2,0,0.0
PALOMINO,PUMA,2021-2022,2,0,0.0,0,0,0,0,,2,0,0.0
PETERBILT,330,2020-2020,1,0,0.0,0,0,0,0,,1,0,0.0
PETERBILT,337,2016-2016,2,0,0.0,0,0,0,0,,2,0,0.0
PETERBILT,365,2020-2020,1,0,0.0,0,0,0,0,,1,0,0.0
PETERBILT,388,2015-2015,3,0,0.0,0,0,0,0,,3,0,0.0
PETERBILT,520,2019-2020,4,0,0.0,0,0,0,0,,4,0,0.0
PETERBILT,567,2018-2022,5,0,0.0,0,0,0,0,,5,0,0.0
PETERBILT,587,2017-2017,1,0,0.0,0,0,0,0,,1,0,0.0
PIAGGIO,BV 400,2022-2022,1,0,0.0,0,0,0,0,,1,0,0.0
PIERCE,LADDER AND PLATFORM,2021-2021,1,0,0.0,0,0,0,0,,1,0,0.0
PIERCE,PUMPER,2019-2019,1,0,0.0,0,0,0,0,,1,0,0.0
PIERCE,VELOCITY,2016-2016,1,0,0.0,0,0,0,0,,1,0,0.0
PJ TRAILERS,BUGGY HAULER,2018-2018,1,0,0.0,0,0,0,0,,1,0,0.0
PJ TRAILERS,DE,2021-2021,1,0,0.0,0,0,0,0,,1,0,0.0
PJ TRAILERS,T8,2018-2018,1,0,0.0,0,0,0,0,,1,0,0.0
PJ TRAILERS,UC,2021-2021,1,0,0.0,0,0,0,0,,1,0,0.0
PLEASANT VALLEY,CIRRUS 620 TRUCK CAMPER,2021-2021,1,0,0.0,0,0,0,0,,1,0,0.0
PLEASANT VALLEY,MYPOD TRAVEL TRAILER,2017-2017,1,0,0.0,0,0,0,0,,1,0,0.0
PLEASANT VALLEY,TEARDROP TRAILER,2019-2021,2,0,0.0,0,0,0,0,,2,0,0.0
PLEASURE WAY,ASCENT,2021-2021,1,0,0.0,0,0,0,0,,1,0,0.0
PLEASURE WAY,LEXOR,2018-2018,1,0,0.0,0,0,0,0,,1,0,0.0
PLEASURE WAY,PLATEAU,2015-2021,7,0,0.0,0,0,0,0,,7,0,0.0
POLARIS,RANGER 570,2015-2015,1,0,0.0,0,0,0,0,,1,0,0.0
POLARIS,RANGER 900,2019-2019,2,0,0.0,0,0,0,0,,2,0,0.0
POLARIS,RANGER XP 570,2016-2016,1,0,0.0,0,0,0,0,,1,0,0.0
POLARIS,RZR,2017-2017,7,0,0.0,0,0,0,0,,7,0,0.0
POLARIS,SLINGSHOT R,2020-2021,3,0,0.0,0,0,0,0,,3,0,0.0
POLARIS,SLINGSHOT SL,2020-2020,1,0,0.0,0,0,0,0,,1,0,0.0
POLARIS,SPORTSMAN 850XP,2016-2016,1,0,0.0,0,0,0,0,,1,0,0.0
PORSCHE,718 BOXSTER,2017-2021,5,0,0.0,0,0,0,0,,5,0,0.0
PORSCHE,911,2015-2022,36,0,0.0,0,0,0,0,,36,0,0.0
PORSCHE,911 CARRERA,2017-2020,2,0,0.0,0,0,0,0,,2,0,0.0
PORSCHE,911 CARRERA S,2020-2020,1,0,0.0,0,0,0,0,,1,0,0.0
PORSCHE,911 GT3,2018-2018,1,0,0.0,0,0,0,0,,1,0,0.0
PORSCHE,911 TURBO,2017-2017,1,0,0.0,0,0,0,0,,1,0,0.0
PORSCHE,BOXSTER,2015-2015,3,0,0.0,0,0,0,0,,3,0,0.0
PORSCHE,CAYENNE S,2020-2020,1,0,0.0,0,0,0,0,,1,0,0.0
PORSCHE,CAYENNE S E-HYBRID,2015-2018,3,0,0.0,0,0,0,0,,3,0,0.0
PORSCHE,CAYMAN,2015-2015,4,0,0.0,0,0,0,0,,2,0,0.0
PORSCHE,MACAN GTS,2017-2017,1,0,0.0,0,0,0,0,,1,0,0.0
PORSCHE,MACAN TURBO,2015-2017,5,0,0.0,0,0,0,0,,1,0,0.0
PORSCHE,PANAMERA S E-HYBRID,2015-2015,1,0,0.0,0,0,0,0,,1,0,0.0
PORSCHE,REDUNDANT CAYMAN,2021-2021,1,0,0.0,0,0,0,0,,1,0,0.0
PORSCHE,TAYCAN 4S,2020-2020,2,0,0.0,0,0,0,0,,2,0,0.0
PORSCHE,TAYCAN TURBO S,2021-2021,1,0,0.0,0,0,0,0,,1,0,0.0
PRIME TIME,CRUSADER,2015-2021,8,0,0.0,0,0,0,0,,8,0,0.0
PRIME TIME,LACROSSE,2018-2019,2,0,0.0,0,0,0,0,,2,0,0.0
PRIME TIME,NAVI,2019-2019,1,0,0.0,0,0,0,0,,1,0,0.0
PRIME TIME,SPARTAN,2016-2016,3,0,0.0,0,0,0,0,,3,0,0.0
PRIME TIME,TRACER,2019-2022,2,0,0.0,0,0,0,0,,2,0,0.0
PROTERRA,CATALYST,2021-2021,1,0,0.0,0,0,0,0,,1,0,0.0
QUALITY,CARGO TRAILER,2022-2022,2,0,0.0,0,0,0,0,,2,0,0.0
QUALITY CARGO,BOX TRAILER,2021-2021,1,0,0.0,0,0,0,0,,1,0,0.0
QUALITY TRAILER,SINGLE AXLE TRAILER,2022-2022,1,0,0.0,0,0,0,0,,1,0,0.0
R & J TRAILERS,R & J TRAILERS,2017-2017,1,0,0.0,0,0,0,0,,1,0,0.0
RAM,C/V TRADESMAN,2015-2015,1,0,0.0,0,0,0,0,,1,0,0.0
RAM,PROMASTER 1500,2021-2021,4,0,0.0,0,0,0,0,,4,0,0.0
REDWOOD,FIFTH WHEEL TRAVEL TRAILE,2016-2016,2,0,0.0,0,0,0,0,,2,0,0.0
RENEGADE,VALENCIA,2019-2021,2,0,0.0,0,0,0,0,,2,0,0.0
RENEGADE,VERONA,2020-2022,3,0,0.0,0,0,0,0,,3,0,0.0
RENEGADE,VILLAGIO,2016-2016,1,0,0.0,0,0,0,0,,0,0,
RENEGADE RV,VALENCIA,2020-2022,3,0,0.0,0,0,0,0,,3,0,0.0
RIVERSIDE,INTREPID,2020-2021,2,0,0.0,0,0,0,0,,2,0,0.0
RIVERSIDE,TRAVEL TRAILER,2019-2019,1,0,0.0,0,0,0,0,,1,0,0.0
RIVERSIDE,WHITEWATER,2015-2018,2,0,0.0,0,0,0,0,,2,0,0.0
RIVIAN,EDV,2022-2022,7,0,0.0,0,0,0,0,,6,0,0.0
ROADTREK,CS ADVENTUROUS,2015-2018,2,0,0.0,0,0,0,0,,2,0,0.0
ROADTREK,RS ADVENTUROUS,2017-2017,1,0,0.0,0,0,0,0,,1,0,0.0
ROADTREK,SIMPLICITY SRT,2018-2018,1,0,0.0,0,0,0,0,,1,0,0.0
ROADTREK,SS AGILE,2016-2016,1,0,0.0,0,0,0,0,,1,0,0.0
ROADTREK,ZION SLUMBER,2022-2022,2,0,0.0,0,0,0,0,,2,0,0.0
ROADTREK,ZION SRT,2021-2021,1,0,0.0,0,0,0,0,,1,0,0.0
ROCKWOOD LITE WEIGHT TRA,RLF8244BS,2017-2017,1,0,0.0,0,0,0,0,,1,0,0.0
ROCKWOOD LITE WEIGHT TRA,RLF8244WS,2017-2017,1,0,0.0,0,0,0,0,,1,0,0.0
ROCKWOOD LITE WEIGHT TRA,RLF8289WS,2017-2017,1,0,0.0,0,0,0,0,,1,0,0.0
ROCKWOOD LITE WEIGHT TRA,RLF8295WS,2017-2017,1,0,0.0,0,0,0,0,,1,0,0.0
ROCKWOOD LITE WEIGHT TRA,RLTG12RK,2018-2018,3,0,0.0,0,0,0,0,,3,0,0.0
ROCKWOOD LITE WEIGHT TRA,WRLT8328BS,2017-2017,1,0,0.0,0,0,0,0,,1,0,0.0
ROLLS-ROYCE,WRAITH,2016-2016,2,0,0.0,0,0,0,0,,2,0,0.0
ROSENBAUER,COMMANDER,2018-2018,1,0,0.0,0,0,0,0,,1,0,0.0
ROSENBAUER,COMMERCIAL F-550,2019-2019,1,0,0.0,0,0,0,0,,1,0,0.0
ROUSH CLEANTECH,FORD E-450,2019-2019,1,0,0.0,0,0,0,0,,1,0,0.0
ROYAL ENFIELD,CLASSIC 350,2022-2022,2,0,0.0,0,0,0,0,,2,0,0.0
ROYAL ENFIELD,HIMALAYAN,2018-2022,13,0,0.0,0,0,0,0,,13,0,0.0
ROYAL ENFIELD,INT 650,2021-2022,2,0,0.0,0,0,0,0,,2,0,0.0
ROYAL ENFIELD,INTERCEPTOR 650,2020-2022,2,0,0.0,0,0,0,0,,2,0,0.0
SAFARI CONDO,ALTO,2018-2018,1,0,0.0,0,0,0,0,,1,0,0.0
SCION,IC,2015-2015,1,0,0.0,0,0,0,0,,1,0,0.0
SEA-DOO,MOVE II,2018-2018,1,0,0.0,0,0,0,0,,1,0,0.0
SHADOW,KINGPRO,2018-2018,1,0,0.0,0,0,0,0,,1,0,0.0
SHASTA,OASIS,2018-2018,1,0,0.0,0,0,0,0,,1,0,0.0
SHASTA,PHOENIX,2017-2017,1,0,0.0,0,0,0,0,,1,0,0.0
SHASTA,REVERE,2017-2017,1,0,0.0,0,0,0,0,,1,0,0.0
SHORELAND'R,YAV50TCBLW,2016-2016,2,0,0.0,0,0,0,0,,2,0,0.0
SMART,FORTWO CABRIOLET,2017-2017,2,0,0.0,0,0,0,0,,2,0,0.0
SMART,FORTWO COUPE,2015-2016,3,0,0.0,0,0,0,0,,3,0,0.0
SMART,FORTWO COUPE ELECTRIC,2015-2015,3,0,0.0,0,0,0,0,,3,0,0.0
SPARTAN,ADVANTAGE,2015-2015,1,0,0.0,0,0,0,0,,1,0,0.0
SPARTAN,GLADIATOR,2020-2020,1,0,0.0,0,0,0,0,,1,0,0.0
SPARTAN,K2,2019-2022,7,0,0.0,0,0,0,0,,7,0,0.0
SPARTAN,METROSTAR,2017-2017,1,0,0.0,0,0,0,0,,0,0,
SPARTAN TOOL,WARRIOR,2019-2019,1,0,0.0,0,0,0,0,,1,0,0.0
SPORT HAVEN,ALUMINUM UTILITY TRAILER,2022-2022,1,0,0.0,0,0,0,0,,1,0,0.0
SSR,BENELLI,2017-2017,2,0,0.0,0,0,0,0,,2,0,0.0
STAR EV,SPORT 4+2,2017-2017,1,0,0.0,0,0,0,0,,1,0,0.0
STARCRAFT,ALLSTAR,2015-2015,1,0,0.0,0,0,0,0,,1,0,0.0
STARCRAFT BUS,QUEST,2017-2019,2,0,0.0,0,0,0,0,,2,0,0.0
STARCRAFT RV FW,SOLSTICE,2015-2015,1,0,0.0,0,0,0,0,,1,0,0.0
STARCRAFT RV FW,TELLURIDE,2021-2021,1,0,0.0,0,0,0,0,,1,0,0.0
STARCRAFT RV TT,AR-ONE,2016-2017,2,0,0.0,0,0,0,0,,2,0,0.0
STARCRAFT RV TT,AUTUMN RIDGE,2015-2020,7,0,0.0,0,0,0,0,,7,0,0.0
STARCRAFT RV TT,AUTUMN RIDGE OUTFITTER,2019-2019,1,0,0.0,0,0,0,0,,1,0,0.0
STARCRAFT RV TT,LAUNCH,2016-2019,3,0,0.0,0,0,0,0,,3,0,0.0
STARCRAFT RV TT,LAUNCH ULTRA LITE,2016-2016,1,0,0.0,0,0,0,0,,1,0,0.0
STARCRAFT RV TT,MOSSY OAK,2019-2019,1,0,0.0,0,0,0,0,,1,0,0.0
STARCRAFT RV TT,SATELLITE,2018-2018,1,0,0.0,0,0,0,0,,1,0,0.0
STARCRAFT RV TT,TRAVEL STAR,2016-2016,1,0,0.0,0,0,0,0,,1,0,0.0
STEALTH,GOOSENECK,2016-2016,1,0,0.0,0,0,0,0,,1,0,0.0
STEALTH,NOMAD,2022-2022,1,0,0.0,0,0,0,0,,1,0,0.0
STEALTH,VIPER,2016-2016,1,0,0.0,0,0,0,0,,1,0,0.0
STONEWELL BODIES,MINI TRAILER,2019-2019,1,0,0.0,0,0,0,0,,1,0,0.0
STOUGHTON,VAN TRAILER,2020-2020,1,0,0.0,0,0,0,0,,1,0,0.0
SUBARU,CROSSTREK HYBRID,2021-2021,1,0,0.0,0,0,0,0,,1,0,0.0
SUBARU,XV CROSSTREK HYBRID,2015-2015,4,0,0.0,0,0,0,0,,4,0,0.0
SUNSET PARK & RV,SUNLITE,2021-2021,1,0,0.0,0,0,0,0,,1,0,0.0
SUZUKI,AN650,2015-2015,2,0,0.0,0,0,0,0,,2,0,0.0
SUZUKI,DL650,2017-2017,1,0,0.0,0,0,0,0,,1,0,0.0
SUZUKI,GSX-S750,2015-2015,2,0,0.0,0,0,0,0,,2,0,0.0
SUZUKI,GSX1300R,2022-2022,2,0,0.0,0,0,0,0,,2,0,0.0
SUZUKI,GSX1300RAL8,2018-2018,1,0,0.0,0,0,0,0,,1,0,0.0
SUZUKI,M109R,2018-2018,1,0,0.0,0,0,0,0,,1,0,0.0
SUZUKI,V-STROM 1050XT,2020-2020,3,0,0.0,0,0,0,0,,3,0,0.0
SUZUKI,VL1500BL,2015-2015,1,0,0.0,0,0,0,0,,1,0,0.0
SYM,HD 200,2016-2016,2,0,0.0,0,0,0,0,,2,0,0.0
SYM,RV 200,2015-2015,1,0,0.0,0,0,0,0,,1,0,0.0
TAKE 3 TRAILERS,AUTO TRANSPORTER,2022-2022,1,0,0.0,0,0,0,0,,1,0,0.0
TAOTAO,CY50-A,2015-2015,1,0,0.0,0,0,0,0,,1,0,0.0
TAOTAO,LANCER 150,2020-2020,1,0,0.0,0,0,0,0,,1,0,0.0
TAOTAO,TBR7,2020-2020,1,0,0.0,0,0,0,0,,1,0,0.0
TAXA,CRICKET,2016-2022,5,0,0.0,0,0,0,0,,5,0,0.0
TAXA,MANTIS,2022-2022,1,0,0.0,0,0,0,0,,1,0,0.0
TEMP AIR,EBB-80,2017-2017,1,0,0.0,0,0,0,0,,1,0,0.0
TEMSA,TS45,2015-2016,2,0,0.0,0,0,0,0,,2,0,0.0
TENNESSEE TRAILER,PONTOON BOAT TRAILER,2016-2016,1,0,0.0,0,0,0,0,,1,0,0.0
THE RV FACTORY,WEEKEND WARRIOR,2017-2017,2,0,0.0,0,0,0,0,,2,0,0.0
THOMAS BUILT BUSES,MINOTOUR,2018-2018,1,0,0.0,0,0,0,0,,1,0,0.0
THOMAS BUILT BUSES,SAF-T-LINER HDX,2019-2019,1,0,0.0,0,0,0,0,,1,0,0.0
THOR MOTOR,HURRICANE,2016-2017,11,0,0.0,0,0,0,0,,11,0,0.0
THOR MOTOR,MIRAMAR,2016-2016,7,0,0.0,0,0,0,0,,7,0,0.0
THOR MOTOR,OUTLAW,2016-2016,6,0,0.0,0,0,0,0,,6,0,0.0
THOR MOTOR COACH,ACE,2015-2022,28,0,0.0,0,0,0,0,,28,0,0.0
THOR MOTOR COACH,AXIS,2015-2022,19,0,0.0,0,0,0,0,,19,0,0.0
THOR MOTOR COACH,CHALLENGER,2015-2022,24,0,0.0,0,0,0,0,,24,0,0.0
THOR MOTOR COACH,CHATEAU CITATION,2015-2018,2,0,0.0,0,0,0,0,,2,0,0.0
THOR MOTOR COACH,CITATION,2015-2015,2,0,0.0,0,0,0,0,,2,0,0.0
THOR MOTOR COACH,COMPASS,2017-2018,3,0,0.0,0,0,0,0,,3,0,0.0
THOR MOTOR COACH,DELANO,2021-2022,3,0,0.0,0,0,0,0,,2,0,0.0
THOR MOTOR COACH,FOUR WINDS SIESTA,2015-2015,2,0,0.0,0,0,0,0,,2,0,0.0
THOR MOTOR COACH,FREEDOM ELITE,2017-2022,9,0,0.0,0,0,0,0,,9,0,0.0
THOR MOTOR COACH,FREEDOM TRAVELER,2019-2022,5,0,0.0,0,0,0,0,,5,0,0.0
THOR MOTOR COACH,GEMINI,2018-2022,4,0,0.0,0,0,0,0,,4,0,0.0
THOR MOTOR COACH,MAGNITUDE,2019-2022,15,0,0.0,0,0,0,0,,15,0,0.0
THOR MOTOR COACH,MIRAMAR,2015-2022,23,0,0.0,0,0,0,0,,23,0,0.0
THOR MOTOR COACH,OMNI,2020-2022,6,0,0.0,0,0,0,0,,6,0,0.0
THOR MOTOR COACH,PALAZZO,2016-2022,28,0,0.0,0,0,0,0,,28,0,0.0
THOR MOTOR COACH,REDUNDANT CHALLENGER,2021-2021,1,0,0.0,0,0,0,0,,1,0,0.0
THOR MOTOR COACH,RIZE,2021-2022,7,0,0.0,0,0,0,0,,7,0,0.0
THOR MOTOR COACH,SANCTUARY,2022-2022,3,0,0.0,0,0,0,0,,3,0,0.0
THOR MOTOR COACH,SCOPE,2021-2022,15,0,0.0,0,0,0,0,,15,0,0.0
THOR MOTOR COACH,SEQUENCE,2020-2022,6,0,0.0,0,0,0,0,,6,0,0.0
THOR MOTOR COACH,SIESTA,2015-2018,2,0,0.0,0,0,0,0,,1,0,0.0
THOR MOTOR COACH,TELLARO,2021-2022,3,0,0.0,0,0,0,0,,3,0,0.0
THOR MOTOR COACH,TIBURON,2022-2022,1,0,0.0,0,0,0,0,,1,0,0.0
THOR MOTOR COACH,TRANQUILITY,2022-2022,1,0,0.0,0,0,0,0,,1,0,0.0
THOR MOTOR COACH,TUSCANY,2015-2020,13,0,0.0,0,0,0,0,,13,0,0.0
THOR MOTOR COACH,TUSCANY XTE,2015-2017,4,0,0.0,0,0,0,0,,4,0,0.0
THOR MOTOR COACH,VEGAS,2015-2022,10,0,0.0,0,0,0,0,,10,0,0.0
THOR MOTOR COACH,VENETIAN,2016-2019,5,0,0.0,0,0,0,0,,5,0,0.0
THOR MOTOR COACH,WINDSPORT,2015-2022,35,0,0.0,0,0,0,0,,35,0,0.0
TIFFIN,ALLEGRO,2016-2022,23,0,0.0,0,0,0,0,,23,0,0.0
TIFFIN,ALLEGRO BAY,2022-2022,1,0,0.0,0,0,0,0,,1,0,0.0
TIFFIN,ALLEGRO BREEZE,2017-2021,7,0,0.0,0,0,0,0,,7,0,0.0
TIFFIN,ALLEGRO BUS,2015-2020,6,0,0.0,0,0,0,0,,6,0,0.0
TIFFIN,ALLEGRO OPEN ROAD,2015-2022,29,0,0.0,0,0,0,0,,29,0,0.0
TIFFIN,ALLEGRO RED,2015-2022,18,0,0.0,0,0,0,0,,18,0,0.0
TIFFIN,BREEZE,2019-2019,1,0,0.0,0,0,0,0,,1,0,0.0
TIFFIN,BUS,2018-2020,3,0,0.0,0,0,0,0,,3,0,0.0
TIFFIN,CAHABA,2022-2022,1,0,0.0,0,0,0,0,,1,0,0.0
TOWMASTER,TILT TRAILER,2015-2015,1,0,0.0,0,0,0,0,,1,0,0.0
TOYOTA,COROLLA HATCHBACK,2019-2022,5,0,0.0,0,0,0,0,,4,0,0.0
TOYOTA,FR-S,2017-2017,2,0,0.0,0,0,0,0,,2,0,0.0
TOYOTA,REDUNDANT VENZA,2021-2021,1,0,0.0,0,0,0,0,,1,0,0.0
TOYOTA,SCION,2016-2016,1,0,0.0,0,0,0,0,,0,0,
TOYOTA,TUNDRA HYBRID,2022-2022,2,0,0.0,0,0,0,0,,2,0,0.0
TOYOTA,UNKNOWN,2015-2015,2,0,0.0,0,0,0,0,,2,0,0.0
TRACKER MARINE,BASS TRACKER,2019-2019,1,0,0.0,0,0,0,0,,1,0,0.0
TRAILS WEST,CLASSIC II,2015-2015,1,0,0.0,0,0,0,0,,1,0,0.0
TRAILSTAR,BOAT TRAILER,2022-2022,1,0,0.0,0,0,0,0,,1,0,0.0
TRAILSTAR,NITRO Z7,2015-2015,1,0,0.0,0,0,0,0,,1,0,0.0
TRANS TECH BUS,STUDENT SAFETY TRANSPORT,2016-2016,1,0,0.0,0,0,0,0,,1,0,0.0
TRAVEL LITE,TRAVEL LITE,2019-2019,1,0,0.0,0,0,0,0,,1,0,0.0
TRIPLE E,UNITY,2020-2020,1,0,0.0,0,0,0,0,,1,0,0.0
TRIPLE E RV,WONDER,2020-2020,1,0,0.0,0,0,0,0,,1,0,0.0
TRIUMPH,BONNEVILLE BOBBER,2018-2022,2,0,0.0,0,0,0,0,,2,0,0.0
TRIUMPH,BONNEVILLE T100,2017-2022,2,0,0.0,0,0,0,0,,2,0,0.0
TRIUMPH,BONNEVILLE T100 BLACK,2017-2017,2,0,0.0,0,0,0,0,,2,0,0.0
TRIUMPH,BONNEVILLE T100 BLACK A3,2015-2016,3,0,0.0,0,0,0,0,,3,0,0.0
TRIUMPH,BONNEVILLE T120,2018-2018,1,0,0.0,0,0,0,0,,1,0,0.0
TRIUMPH,EXPLORER,2017-2017,1,0,0.0,0,0,0,0,,1,0,0.0
TRIUMPH,ROCKET 3 GT,2020-2022,12,0,0.0,0,0,0,0,,12,0,0.0
TRIUMPH,ROCKET 3 R,2020-2021,6,0,0.0,0,0,0,0,,6,0,0.0
TRIUMPH,ROCKET 3 TFC,2020-2020,1,0,0.0,0,0,0,0,,1,0,0.0
TRIUMPH,ROCKET III ROADSTER,2020-2020,1,0,0.0,0,0,0,0,,1,0,0.0
TRIUMPH,ROCKET III X,2015-2015,1,0,0.0,0,0,0,0,,1,0,0.0
TRIUMPH,SCRAMBLER 1200 XC,2019-2022,3,0,0.0,0,0,0,0,,3,0,0.0
TRIUMPH,SCRAMBLER A2,2017-2017,1,0,0.0,0,0,0,0,,1,0,0.0
TRIUMPH,SPEED  TRIPLE,2016-2016,2,0,0.0,0,0,0,0,,2,0,0.0
TRIUMPH,SPEED TRIPLE,2019-2020,2,0,0.0,0,0,0,0,,2,0,0.0
TRIUMPH,SPEED TRIPLE R,2016-2017,6,0,0.0,0,0,0,0,,6,0,0.0
TRIUMPH,SPEED TRIPLE RS,2019-2022,4,0,0.0,0,0,0,0,,4,0,0.0
TRIUMPH,SPEED TRIPLE S,2019-2019,1,0,0.0,0,0,0,0,,1,0,0.0
TRIUMPH,SPEED TWIN,2019-2019,2,0,0.0,0,0,0,0,,2,0,0.0
TRIUMPH,STREET CUP,2017-2017,3,0,0.0,0,0,0,0,,3,0,0.0
TRIUMPH,STREET SCRAMBLER,2018-2018,1,0,0.0,0,0,0,0,,1,0,0.0
TRIUMPH,STREET TRIPLE R,2021-2021,1,0,0.0,0,0,0,0,,1,0,0.0
TRIUMPH,STREET TRIPLE S,2018-2018,2,0,0.0,0,0,0,0,,2,0,0.0
TRIUMPH,STREET TWIN,2016-2017,3,0,0.0,0,0,0,0,,3,0,0.0
TRIUMPH,THRUXTON,2016-2019,29,0,0.0,0,0,0,0,,29,0,0.0
TRIUMPH,THRUXTON 1200R,2016-2017,4,0,0.0,0,0,0,0,,4,0,0.0
TRIUMPH,THRUXTON R,2017-2017,8,0,0.0,0,0,0,0,,8,0,0.0
TRIUMPH,TIGER 1200 GT,2022-2022,1,0,0.0,0,0,0,0,,1,0,0.0
TRIUMPH,TIGER 800 XCA,2018-2018,1,0,0.0,0,0,0,0,,1,0,0.0
TRIUMPH,TIGER 800XC ABS A1,2015-2015,1,0,0.0,0,0,0,0,,1,0,0.0
TRIUMPH,TIGER 850,2022-2022,1,0,0.0,0,0,0,0,,1,0,0.0
TRIUMPH,TIGER 900,2020-2022,3,0,0.0,0,0,0,0,,3,0,0.0
TRIUMPH,TIGER 900 GT,2022-2022,1,0,0.0,0,0,0,0,,1,0,0.0
TRIUMPH,TIGER SPORT,2022-2022,1,0,0.0,0,0,0,0,,1,0,0.0
TRIUMPH,TRIDENT 660,2022-2022,3,0,0.0,0,0,0,0,,3,0,0.0
TRIUMPH,TROPHY SE A1,2015-2017,9,0,0.0,0,0,0,0,,9,0,0.0
TUSCANY,40DX,2016-2016,1,0,0.0,0,0,0,0,,1,0,0.0
URAL,CT,2015-2015,2,0,0.0,0,0,0,0,,2,0,0.0
URAL,GEAR-UP,2015-2017,3,0,0.0,0,0,0,0,,3,0,0.0
URAL,RETRO,2015-2015,1,0,0.0,0,0,0,0,,1,0,0.0
URAL,TOURIST,2015-2019,3,0,0.0,0,0,0,0,,3,0,0.0
US CARGO,CARGO TRAILER,2020-2020,1,0,0.0,0,0,0,0,,1,0,0.0
UTILITY,4000D-X COMPOSITE,2020-2020,1,0,0.0,0,0,0,0,,1,0,0.0
UTILITY,FLATBED TRAILERS,2017-2017,1,0,0.0,0,0,0,0,,1,0,0.0
UTILITY TRAILER,VS2DC,2016-2017,2,0,0.0,0,0,0,0,,2,0,0.0
VAN HOOL,CX35,2017-2017,1,0,0.0,0,0,0,0,,1,0,0.0
VAN HOOL,CX45,2019-2019,1,0,0.0,0,0,0,0,,1,0,0.0
VANDERHALL,CARMEL,2020-2022,6,0,0.0,0,0,0,0,,6,0,0.0
VANDERHALL,CARMEL GTS,2020-2020,1,0,0.0,0,0,0,0,,1,0,0.0
VANDERHALL,VENICE,2018-2022,10,0,0.0,0,0,0,0,,10,0,0.0
VANLEIGH,BEACON,2018-2022,12,0,0.0,0,0,0,0,,12,0,0.0
VANLEIGH,VILANO,2017-2022,13,0,0.0,0,0,0,0,,13,0,0.0
VANTAGE,AMS EDGE II,2015-2015,1,0,0.0,0,0,0,0,,1,0,0.0
VENTURE,SONIC,2019-2021,2,0,0.0,0,0,0,0,,2,0,0.0
VENTURE,VBT4700,2015-2015,1,0,0.0,0,0,0,0,,1,0,0.0
VESPA,GTS 300,2015-2021,10,0,0.0,0,0,0,0,,10,0,0.0
VESPA,GTS 300 HPE,2020-2020,1,0,0.0,0,0,0,0,,1,0,0.0
VESPA,GTS RST,2018-2018,1,0,0.0,0,0,0,0,,1,0,0.0
VESPA,PRIMAVERA 150,2021-2021,2,0,0.0,0,0,0,0,,2,0,0.0
VICTORY,CROSS COUNTRY,2017-2017,1,0,0.0,0,0,0,0,,1,0,0.0
VICTORY,GUNNER,2015-2015,1,0,0.0,0,0,0,0,,1,0,0.0
VICTORY,HAMMER,2017-2017,1,0,0.0,0,0,0,0,,1,0,0.0
VICTORY,HIGH BALL,2015-2015,1,0,0.0,0,0,0,0,,1,0,0.0
VICTORY,VEGAS,2016-2016,1,0,0.0,0,0,0,0,,1,0,0.0
VITACCI,BULLET 25,2021-2021,1,0,0.0,0,0,0,0,,1,0,0.0
VMI,CHRYSLER PACIFICA,2018-2018,1,0,0.0,0,0,0,0,,1,0,0.0
VMI,HONDA PILOT,2016-2016,1,0,0.0,0,0,0,0,,1,0,0.0
VOLKSWAGEN,BEETLE CONVERTIBLE,2015-2019,30,0,0.0,0,0,0,0,,5,0,0.0
VOLKSWAGEN,EGOLF,2015-2016,2,0,0.0,0,0,0,0,,2,0,0.0
VOLKSWAGEN,EOS,2015-2016,7,0,0.0,0,0,0,0,,5,0,0.0
VOLKSWAGEN,GLI,2021-2021,2,0,0.0,0,0,0,0,,1,0,0.0
VOLKSWAGEN,JETTA GLI,2016-2016,2,0,0.0,0,0,0,0,,2,0,0.0
VOLKSWAGEN,JETTA HYBRID,2015-2016,2,0,0.0,0,0,0,0,,1,0,0.0
VOLKSWAGEN,JETTA TDI,2015-2015,2,0,0.0,0,0,0,0,,2,0,0.0
VOLKSWAGEN,PASSAT TDI,2015-2015,1,0,0.0,0,0,0,0,,1,0,0.0
VOLVO,C40BEV,2022-2022,13,0,0.0,0,0,0,0,,13,0,0.0
VOLVO,S60CC,2015-2017,3,0,0.0,0,0,0,0,,3,0,0.0
VOLVO,S60I,2016-2016,1,0,0.0,0,0,0,0,,0,0,
VOLVO,V90,2018-2021,5,0,0.0,0,0,0,0,,5,0,0.0
VOLVO,VN,2018-2021,10,0,0.0,0,0,0,0,,10,0,0.0
VOLVO,VNR,2021-2021,1,0,0.0,0,0,0,0,,1,0,0.0
VOLVO,XC60PHEV,2020-2021,2,0,0.0,0,0,0,0,,2,0,0.0
VOLVO,XC70,2015-2016,13,0,0.0,0,0,0,0,,13,0,0.0
VOLVO,XC90H,2016-2021,3,0,0.0,0,0,0,0,,3,0,0.0
VOLVO,XC90PHEV,2021-2021,1,0,0.0,0,0,0,0,,1,0,0.0
WABASH,TRALERS,2018-2018,1,0,0.0,0,0,0,0,,1,0,0.0
WABASH NATIONAL,VAN,2019-2019,1,0,0.0,0,0,0,0,,1,0,0.0
WALTON TRAILERS,TRAILER,2020-2020,1,0,0.0,0,0,0,0,,1,0,0.0
WESTERN STAR,4900,2015-2020,3,0,0.0,0,0,0,0,,3,0,0.0
WESTERN STAR,49X,2022-2022,1,0,0.0,0,0,0,0,,1,0,0.0
WHITE RIVER MARINE GROUP,BOAT TRAILER,2021-2022,10,0,0.0,0,0,0,0,,10,0,0.0
WHITE WATER,RETRO,2015-2015,1,0,0.0,0,0,0,0,,1,0,0.0
WINNEBAGO,24J VIEW,2015-2015,1,0,0.0,0,0,0,0,,1,0,0.0
WINNEBAGO,31BE,2016-2016,2,0,0.0,0,0,0,0,,2,0,0.0
WINNEBAGO,ADVENTURER,2016-2022,15,0,0.0,0,0,0,0,,15,0,0.0
WINNEBAGO,ASPECT,2016-2016,2,0,0.0,0,0,0,0,,2,0,0.0
WINNEBAGO,BOLDT,2020-2020,1,0,0.0,0,0,0,0,,1,0,0.0
WINNEBAGO,BRAVE,2015-2015,2,0,0.0,0,0,0,0,,2,0,0.0
WINNEBAGO,EKKO,2021-2022,54,0,0.0,0,0,0,0,,54,0,0.0
WINNEBAGO,FORZA,2015-2022,40,0,0.0,0,0,0,0,,40,0,0.0
WINNEBAGO,FUSE,2017-2018,4,0,0.0,0,0,0,0,,4,0,0.0
WINNEBAGO,GRAND TOUR,2018-2018,1,0,0.0,0,0,0,0,,1,0,0.0
WINNEBAGO,INSPIRE,2022-2022,2,0,0.0,0,0,0,0,,2,0,0.0
WINNEBAGO,INTENT,2018-2018,2,0,0.0,0,0,0,0,,2,0,0.0
WINNEBAGO,ITASCA,2015-2015,6,0,0.0,0,0,0,0,,6,0,0.0
WINNEBAGO,JOURNEY,2016-2018,5,0,0.0,0,0,0,0,,5,0,0.0
WINNEBAGO,MINNIE,2017-2019,10,0,0.0,0,0,0,0,,10,0,0.0
WINNEBAGO,MINNIE WINNIE,2016-2022,13,0,0.0,0,0,0,0,,13,0,0.0
WINNEBAGO,NAVION,2016-2021,11,0,0.0,0,0,0,0,,10,0,0.0
WINNEBAGO,PASEO,2018-2018,1,0,0.0,0,0,0,0,,1,0,0.0
WINNEBAGO,SCORPION,2016-2016,1,0,0.0,0,0,0,0,,1,0,0.0
WINNEBAGO,SIGHTSEER,2017-2017,1,0,0.0,0,0,0,0,,1,0,0.0
WINNEBAGO,SOLIS,2021-2022,6,0,0.0,0,0,0,0,,6,0,0.0
WINNEBAGO,SPIRIT,2018-2018,2,0,0.0,0,0,0,0,,2,0,0.0
WINNEBAGO,SPYDER,2020-2020,1,0,0.0,0,0,0,0,,1,0,0.0
WINNEBAGO,SUNSTAR,2018-2022,3,0,0.0,0,0,0,0,,3,0,0.0
WINNEBAGO,TOUR,2017-2017,1,0,0.0,0,0,0,0,,1,0,0.0
WINNEBAGO,TREND,2019-2019,1,0,0.0,0,0,0,0,,1,0,0.0
WINNEBAGO,VIA,2015-2015,1,0,0.0,0,0,0,0,,1,0,0.0
WINNEBAGO,VOYAGE!,2022-2022,2,0,0.0,0,0,0,0,,2,0,0.0
WINNEBAGO,WGO,2018-2018,1,0,0.0,0,0,0,0,,1,0,0.0
WINNEBAGO,WINNIE DROP,2016-2016,1,0,0.0,0,0,0,0,,1,0,0.0
XTREME OUTDOORS,LITTLE GUY MAX,2021-2022,2,0,0.0,0,0,0,0,,2,0,0.0
YACHT CLUB,1825B,2019-2019,1,0,0.0,0,0,0,0,,1,0,0.0
YAMAHA,BOLT,2015-2015,4,0,0.0,0,0,0,0,,4,0,0.0
YAMAHA,CZD300A,2018-2018,1,0,0.0,0,0,0,0,,1,0,0.0
YAMAHA,FJR1300,2016-2018,7,0,0.0,0,0,0,0,,7,0,0.0
YAMAHA,FZ-09,2015-2018,13,0,0.0,0,0,0,0,,13,0,0.0
YAMAHA,FZ-10,2017-2017,1,0,0.0,0,0,0,0,,1,0,0.0
YAMAHA,FZ07,2015-2015,3,0,0.0,0,0,0,0,,3,0,0.0
YAMAHA,FZ07C,2016-2016,1,0,0.0,0,0,0,0,,1,0,0.0
YAMAHA,FZ09,2015-2016,2,0,0.0,0,0,0,0,,2,0,0.0
YAMAHA,MT-09,2021-2022,2,0,0.0,0,0,0,0,,2,0,0.0
YAMAHA,R6,2016-2016,1,0,0.0,0,0,0,0,,1,0,0.0
YAMAHA,SR400,2017-2017,1,0,0.0,0,0,0,0,,1,0,0.0
YAMAHA,STAR ELUDE,2018-2018,1,0,0.0,0,0,0,0,,1,0,0.0
YAMAHA,STAR VENTURE,2018-2018,5,0,0.0,0,0,0,0,,5,0,0.0
YAMAHA,SUPER TENERE,2015-2015,1,0,0.0,0,0,0,0,,1,0,0.0
YAMAHA,TENERE 700,2022-2022,1,0,0.0,0,0,0,0,,1,0,0.0
YAMAHA,XC155,2015-2018,2,0,0.0,0,0,0,0,,2,0,0.0
YAMAHA,XC155F,2015-2015,1,0,0.0,0,0,0,0,,1,0,0.0
YAMAHA,XMAX,2021-2021,1,0,0.0,0,0,0,0,,1,0,0.0
YAMAHA,XSR900,2016-2022,2,0,0.0,0,0,0,0,,2,0,0.0
YAMAHA,XT250,2015-2015,2,0,0.0,0,0,0,0,,2,0,0.0
YAMAHA,XTZ12,2015-2015,1,0,0.0,0,0,0,0,,1,0,0.0
YAMAHA,XTZ690,2022-2022,1,0,0.0,0,0,0,0,,1,0,0.0
YAMAHA,XVS950,2015-2019,7,0,0.0,0,0,0,0,,7,0,0.0
YAMAHA,YXZ1000,2016-2016,1,0,0.0,0,0,0,0,,1,0,0.0
YAMAHA,YZF-R3,2015-2016,3,0,0.0,0,0,0,0,,3,0,0.0
YAMAHA,YZF690,2022-2022,1,0,0.0,0,0,0,0,,1,0,0.0
YAMAHA,YZFR1,2015-2015,4,0,0.0,0,0,0,0,,4,0,0.0
YAMAHA,YZFR1M,2015-2015,2,0,0.0,0,0,0,0,,2,0,0.0
YAMAHA,YZFR1MF,2015-2015,1,0,0.0,0,0,0,0,,1,0,0.0
YAMAHA,YZFR3,2017-2017,1,0,0.0,0,0,0,0,,1,0,0.0
YAMAHA,YZFR3K,2019-2019,1,0,0.0,0,0,0,0,,1,0,0.0
YAMAHA,ZUMA 125,2021-2021,1,0,0.0,0,0,0,0,,1,0,0.0
ZERO,DS,2015-2015,1,0,0.0,0,0,0,0,,1,0,0.0
ZERO,DSR,2018-2018,2,0,0.0,0,0,0,0,,2,0,0.0
ZERO,S,2018-2018,1,0,0.0,0,0,0,0,,1,0,0.0
ZERO,SR/F,2020-2020,1,0,0.0,0,0,0,0,,1,0,0.0
ZERO,SR/S,2020-2021,2,0,0.0,0,0,0,0,,2,0,0.0
ZONGSHEN,ZS491,2018-2018,1,0,0.0,0,0,0,0,,1,0,0.0
